channel_id,all_comment_count,eng_comment_count
UC-0unh5x9WSd6aj0OGxrgaA,64,0
UC-3sBKh8YYbG2KyVHnSyA1A,21,15
UC-9b7aDP6ZN0coj9-xFnrtw,15,14
UC-AlofdKECUdhXrbJQZ6iEg,89,45
UC-B0ARaD-Y0p95aAqbbawQQ,25,19
UC-CBQChrXvLzYc9oxpMfFPg,35,7
UC-CSyyi47VX1lD9zyeABW3w,29,18
UC-D4LfKD1LYd_GoqwL7dd6Q,23,17
UC-EnprmCZ3OXyAoG7vjVNCA,31,25
UC-FUM0zTj88J7bKIT6PidmA,13,10
UC-KTRBl9_6AX10-Y7IKwKdw,18,14
UC-OkQ5JhnX5wCAgYJRxi6bw,11,10
UC-QTh5HFiw28MwFrmFrRjzA,86,73
UC-SkUab6CMjeSzlO6JN5yng,18,9
UC-UGUUaSrcXxNftujxaErdg,38,29
UC-V0JMkSlpUyQ1DxWn_Pi4g,24,7
UC-VNOmCXKmsss7zpvS3RbOQ,18,15
UC-WMwOzgFdvvGVLB1EZ-n-w,31,26
UC-he8--TRguZ-nNUSiH77Uw,30,20
UC-iEDvQSU9q6G5MR4Prp_Tw,20,12
UC-iLj0O7941O6BXMcaZsA_w,33,28
UC-kIIbllnhNe7rlqNYMtVoA,29,11
UC-nPM1_kSZf91ZGkcgy_95Q,26,21
UC-p_YEaF3-cLUAmYuUOpgqA,3,3
UC-ptWR16ITQyYOglXyQmpzw,7,7
UC-tLyAaPbRZiYrOJxAGB7dQ,25,20
UC-uNVV92llYIMC5-ZUF0Q4w,32,26
UC-z5oN_BPJs4Bi9sCH75rqw,3,0
UC00ifCvU8YOOzbL3RdiSTDw,25,15
UC00v5l55jh7OQqcHXrCHQDw,27,9
UC02rAIf5RYrww6AWhoI5S0w,62,52
UC05DLAXA9jl1bxaoopjs83w,30,21
UC07-dOwgza1IguKA86jqxNA,14,11
UC0A86RKLCqTEUna3hPlEpzg,35,12
UC0BGhWsIbV7Dm-lsvhdlMbA,27,16
UC0BletW9phE4xHFM44q4qKA,23,13
UC0Cyf-sOPE0AGY41I6andkQ,20,18
UC0DsQklZE7kyWTx98QPapwA,24,23
UC0GbKJaeEN9k5CG1NLbN6Ow,22,18
UC0GmLw5MOFYkcyYJlqaH2bg,32,11
UC0MPfq68TQjStJt5-xklLeA,26,17
UC0NM4tKT5s9szqnK3jp6dEw,6,4
UC0NfgQvgO8X7llW1GOhQKWw,83,62
UC0POxtMZgb3VLI4gd03bDYQ,7,3
UC0PRIrhVeQ7MvPn8r_Zr4kQ,73,52
UC0QHWhjbe5fGJEPz3sVb6nw,127,121
UC0Rp4wkphkKwnL2qJB8XnKw,23,17
UC0StMWrlJkpiXE2PrytcoHw,24,22
UC0Um8gFJciY_3gtlVD0-d1w,28,11
UC0VOyT2OCBKdQhF3BAbZ-1g,25,13
UC0WP5P-ufpRfjbNrmOWwLBQ,53,32
UC0YbFiLN8fcvtWC5Jtt1Vzw,35,27
UC0YdQLeS-QMU68nvIIWOFCA,30,22
UC0aSHiQNMy8IMmS7_8WbtdA,28,23
UC0cd_-e49hZpWLH3UIwoWRA,24,17
UC0dx1Fa4nt3FRWWG5IcdOEQ,28,27
UC0iiLOT3Jnefq_5Ohk2fJhg,82,43
UC0k238zFx-Z8xFH0sxCrPJg,22,15
UC0kejkXg2LG-pFqAeWD_zLQ,32,11
UC0n5zrwFJhFmUtjf21k08cg,21,19
UC0p5jTq6Xx_DosDFxVXnWaQ,77,71
UC0xAWNc3HiioXYmbpEx1pIA,57,53
UC10qbUzr5SqQPMKxNxpGv1Q,13,12
UC12zxxedZWx_-E1wrhBHy_A,141,87
UC14PsVSS3tpfEaTa-t9Vsrw,39,27
UC14UlmYlSNiQCBe9Eookf_A,30,13
UC16niRr50-MSBwiO3YDb3RA,545,471
UC176GAQozKKjhz62H8u9vQQ,120,107
UC18fv3yDege-nPN5zO48eHg,39,21
UC1Ax24VdEPbE5p5__EfAX-A,32,27
UC1Bbtdbpfert8leeKx2mssw,32,25
UC1Cp5caGwHvJZxHoevGoDdA,32,15
UC1D26ByrbZVwuMgjVWmsOuw,32,20
UC1D3yD4wlPMico0dss264XA,27,22
UC1IQIspOkCeV3WnYm32SBFQ,23,22
UC1Mh6LN5m80lvSdcXi0OM1Q,27,16
UC1NlvNg7p6m1kFuudR2UZ0w,30,20
UC1PutYRxIS9eHuX9ymNI51A,30,18
UC1RMpjsUQcBuel6-GIeV9Cw,96,37
UC1S3EiYLDrrVc3Ev9rdUE6A,27,19
UC1T-ZwcYVQB6EpqOQD10tmw,22,0
UC1Yf7IBfhSNFTIyb7v83o_g,24,18
UC1_wTS4HNPMqpLe3m7h79ag,26,16
UC1gT25MvrRgUm9jQmVeDp5A,32,3
UC1hvx0aUibwayB4JFE0b05A,25,23
UC1jhV8buk475760JtbyrnCQ,24,10
UC1oPBUWifc0QOOY8DEKhLuQ,56,2
UC1pfMSQ2GwZxl7Xn2PupxyA,33,17
UC1qi29JIh37TEbl5Bn-m_zw,67,53
UC1rcsQHdpWyEsKWMe4l_m6A,33,22
UC1sELGmy5jp5fQUugmuYlXQ,35,18
UC1tk9F5-MGXEq4LWnjmrtpA,2,0
UC1uZYgOfncA-Gnk0GsLVK5A,34,4
UC1xNraQytCPsaoO5N7_YABw,19,15
UC1xvRxqTWRyuZyVO1QZKI2Q,24,15
UC1yNl2E66ZzKApQdRuTQ4tw,262,237
UC2-6nSxJ50MLhWm9QvOohMw,23,16
UC21I6tEyHTeSblJn8WBo0Jw,22,14
UC257b6MFXKs7JrxZGHOPH1w,28,3
UC27Q3ls_w78LPo5Juo8p3Aw,27,9
UC284Za0seKV8WGZJO4gltFg,4,4
UC29ThLVR45Xgio76683lpHg,2,1
UC2BDs0pu-C1A4POY0g9rZxw,49,28
UC2C_jShtL725hvbm1arSV9w,27,23
UC2D2CMWXMOVWx7giW1n3LIg,42,37
UC2H_sYOZkk9vBFPzx1fmWBw,24,4
UC2IzfN6qRP4ld2H6BKB1uKg,22,6
UC2J-0g_nxlwcD9JBK1eTleQ,20,19
UC2KfmYEM4KCuA1ZurravgYw,70,50
UC2MHTOXktfTK26aDKyQs3cQ,33,21
UC2MQQlBUxljQ_j81cx_o1LQ,21,9
UC2OPPQoFSorD_tB_tlCwpEQ,23,18
UC2SqHs9JwrwjuV6HLD3W9sQ,5,2
UC2UXDak6o7rBm23k3Vv5dww,23,19
UC2WuPTt0k8yDJpfenggOAVQ,20,8
UC2Zs9v2hL2qZZ7vsAENsg4w,6,6
UC2a6HBSxlWXKXjPVoKLxc2g,4,3
UC2aG3ddqJs7GU-Fq0ETgSLg,26,3
UC2cL3pI1H3tiozKif6A8fmA,25,23
UC2dxiip2L5FipdwX2i93MKw,34,2
UC2gzGsZhfo_BmCI4fsETH7w,108,28
UC2iUwfYi_1FCGGqhOUNx-iA,21,19
UC2ih0UcIYcDxU1-gB68W1PA,40,30
UC2jOcQnwJDw5D25dMFrIUJQ,22,20
UC2prVaTYvPljklrty7GBZ1g,29,17
UC2qKQjnZI_tnG7XemGBOHxQ,23,17
UC2sLtDxcntvFq2ARAVoprLg,52,22
UC2vhx3TcmtbKhJmgvQNdPHg,18,14
UC2wTnMBvQ_TH0qn5rJl8hWQ,36,29
UC2xBh2nwvOwBqnA1tEbPCZw,55,42
UC2xj044cgBpoXOnfQZhO5Yg,46,7
UC2yq41wib1MOacBef2crlbw,23,21
UC2zuipdDU9Dp5FFPtZ-y3rQ,19,15
UC3-8wdy7KcSa5KloEm0vp9A,19,4
UC305byCobfeNGA4XEZQmnLQ,33,3
UC362wXiUbL4_okVgEPdHqmQ,23,19
UC3DFdy_qc-cqgKCyQTHLGzA,61,47
UC3ITEPB1plAEtHf5Cm8nQLA,22,15
UC3IZKseVpdzPSBaWxBxundA,23,11
UC3K_V0FgEq_6SuA6X54z3GQ,26,21
UC3N5y6UWKJaKqoU2b_0MfTQ,33,16
UC3NJVkGUkPwvWwWpQG-67Ag,34,20
UC3OOIib8F59y4qzSjKiZZ3A,21,6
UC3Rkc5AnVil_2qt6IwEEXaw,26,1
UC3SM8yOKKwU8PYqwsNP5rGA,17,16
UC3VWbWk8qDBiF0741izgpQg,38,36
UC3XTzVzaHQEd30rQbuvCtTQ,21,19
UC3c8H4Tlnm5M6pXsVMGnmNg,30,29
UC3ifTl5zKiCAhHIBQYcaTeg,32,13
UC3iwxKMRg5l2aDG_8XK2nSQ,23,17
UC3plrhJApuJ_uapz_AMf7tw,25,22
UC3qp2FCeaQ5HhA3jHWHbrxg,34,30
UC3rrzHpFzshYjIMk8YFc52w,32,17
UC3xZYc4SZUGfRERIvDRGqDQ,26,20
UC3yrASSnYnr1rPvTUmU-Qzg,41,15
UC415bOPUcGSamy543abLmRA,108,96
UC42pOSNg804f1wCcj7qL0mA,147,121
UC46vj6mN-6kZm5RYWWqebsg,49,45
UC4BzfoDeAwqdNckkp0htOuQ,92,64
UC4C6jpQu4eChkMwaWuaQvSA,7,5
UC4CAxaO75mfkPr3GRiSGE_w,28,17
UC4CepjymvDjsas2g05GxtPw,25,17
UC4DLvb5xZ9OLcVM1KC_R97g,26,4
UC4ELmvRt24gNmbeS3EqDkNg,6,3
UC4JX40jDee_tINbkjycV4Sg,45,37
UC4KyTCx8kpTwoyqbRoOFnVA,30,2
UC4NtCXEWUj3mu-4n7TUxA2w,32,12
UC4QZ_LsYcvcq7qOsOhpAX4A,23,21
UC4SVo0Ue36XCfOyb5Lh1viQ,55,33
UC4UWbQ23IbWwU-XG7XIWxvQ,31,20
UC4XJeGGdXj0vA4CxDDJ8J_A,31,16
UC4XrBtU7fwDmR15GML18KcQ,23,16
UC4a-Gbdw7vOaccHmFo40b9g,29,23
UC4eegkSVzV56kTrSpvL6BKQ,21,16
UC4gD0czpXVv_LpADTSU624g,32,28
UC4hwR9831LIKr9wKQOO_ZYA,27,12
UC4ijq8Cg-8zQKx8OH12dUSw,25,22
UC4kronjAGs7kTc9vH3BWK2Q,51,23
UC4lnpEse_SnqheLmcbbumig,44,39
UC4lp9Emg1ci8eo2eDkB-Tag,127,91
UC4qGmRZ7aLOLfVsSdj5Se2A,49,30
UC4rZpoEdeFLF4x9walsyoSw,30,14
UC4rlAVgAK0SGk-yTfe48Qpw,55,40
UC4sEmXUuWIFlxRIFBRV6VXQ,30,27
UC4uJlNGyJgcuBXeFpo2Wxew,24,14
UC4ukq--KwuB31q3VyNs_BdA,28,24
UC4vT3qTr8fwVS7IsPgqaGCQ,24,16
UC4wOd-OGys-RKbv9FYFGRvA,72,68
UC4xHcg7a7hMoHgXerjRKiyA,31,16
UC4zNtKX3XTplYQWNFPorvXQ,27,13
UC505hkZmukH32DjoqkPA8UQ,39,32
UC515BDgBYXCc22q6lMENU-g,20,16
UC52kszkc08-acFOuogFl5jw,53,41
UC55HiTglyGMk1B33Lx9X7CQ,4,4
UC55hzEBczDivH31zVueh8Gg,32,0
UC56dNUTok1pgvpY75CsJQ4Q,46,10
UC59K-uG2A5ogwIrHw4bmlEg,124,101
UC5CugyvTdOloiuTc9nN09TA,24,23
UC5EcQrgvXsgGLR4ukxBTM8w,24,19
UC5FNGaz7gMK1GaqHeQ_INYQ,9,7
UC5FZ8PMYt4h4MHtDjgiTklA,27,22
UC5H9MzrMkJ5iuN11vV2PLhA,50,9
UC5IuDMmKWSsBFB0iKky6aEQ,22,21
UC5LgwusHqV8Ibl18sRaGTgg,23,18
UC5NsCSD7fuNzczbEliIIa0w,24,7
UC5QciHe35MiA_adJZUI-TCA,218,165
UC5Qj4RxFiIBYSH-1jKVjNqQ,34,29
UC5QvDEFmd-KLWz6p6CSDehA,9,6
UC5Sl4VbJELXi9SCaWbTdXfA,3,3
UC5WjFrtBdufl6CZojX3D8dQ,46,37
UC5Wz4fFacYuON6IKbhSa7Zw,29,28
UC5Y1pPVNm-odhiubuRO1D6A,18,7
UC5Z010wx1Yy_sQA6wNji93w,29,23
UC5apxzE3aEOpvP0XkeuW8mw,26,8
UC5asLXjw7vevJAKe0f4qtlA,6,3
UC5c7sXwWNvA-KQ_b7OxdsMg,27,20
UC5cs06DgLFeyLIF_II7lWCQ,20,1
UC5f5IV0Bf79YLp_p9nfInRA,24,16
UC5g3t_XWCC2jNLFA1POenCw,1,0
UC5hXaKEUulRpdBoivsmCSTw,24,15
UC5nw8exLddNg1nBm8stemdg,33,21
UC5oMpJJ5poXbBgABWwnuW5w,25,19
UC5p10kZrTNj5kHaRfSCNOQA,29,26
UC5rP-wFWe80lXN0unKDoulg,8,6
UC5zS0_6TYr17qTnvw_9vang,20,6
UC6-EmBtXmXOMPF-vWr9YaJA,36,29
UC61tzH0mtu0nuZIQikxT9FQ,31,8
UC63FOuee249Jpg1O075KFwQ,33,26
UC63mNFJR8EAb8wAIJwoCmTA,53,21
UC6A_LC-A5NVJ2vw9A0OjCug,28,22
UC6DlKHO4DAHjB6fBqqI11cA,26,15
UC6Fm1WbZBIp-0OXXHWV_PRQ,28,22
UC6H07z6zAwbHRl4Lbl0GSsw,27,17
UC6JhCqFwuSBJfseypJ2HZMw,26,3
UC6LyRXD915GDOFM_5unRfxg,67,40
UC6Mv5oj8daFztwg3jOkQjMA,35,0
UC6PT7R13JtDjTxZZ_dUafKQ,29,10
UC6QZ_ss3i_8qLV_RczPZBkw,63,20
UC6SrBgEY5mUqiadXsz070GQ,37,29
UC6ZCeXD14B7WAJO5nsjGryw,27,24
UC6_K7-Jthgq6hKUu55xC91Q,31,11
UC6d8KgYWSqVuCG7UXMEZt3Q,25,23
UC6n8I1UDTKP1IWjQMg6_TwA,30,28
UC6p0XC87axfwEtXeZEX3qWw,27,13
UC6rlSDvtzpYWgKrYnpjoH5Q,23,9
UC6rrBCCDvrDFcOJHifruL5A,56,42
UC6yzV_xgKn8r77FkcmZyMSg,7,7
UC74O4b7mg9vC6pbRIxTPibQ,5,3
UC762LVwv3LLuEtAvP_-tpfA,124,48
UC78mJyZPMa_OG08KLHjhODw,31,25
UC7BhHN8NyMMru2RUygnDXSg,67,53
UC7DdEm33SyaTDtWYGO2CwdA,25,21
UC7IcJI8PUf5Z3zKxnZvTBog,78,59
UC7JDBUzkcwRGtQGia3_mMgQ,23,19
UC7NXS92qRh43K0RGUTxRIew,34,3
UC7P2WwdpanJBvQmiYyQ-pRg,20,19
UC7WBxkuclmInB50j62iwegA,5,5
UC7_gcs09iThXybpVgjHZ_7g,26,19
UC7bYyWCCCLHDU0ZuNzGNTtg,28,26
UC7c8wbA9yQjzxkj2uyrHrkg,24,6
UC7ekA5squ12MDEy5upvpo7A,20,19
UC7fWeaHhqgM4Ry-RMpM2YYw,20,15
UC7kpCjVmzNj-UlIqwAQqBsw,28,14
UC7ovu6a8ydIbDy0fAKmoZ9A,65,1
UC7qPz_-prgjFyKGcnqJ9aKA,27,21
UC7qwmMOCk-q0KaROR7s7lGg,32,15
UC7r6YicDjoE_CzEM0h3Trww,35,9
UC7rSK4MI1HhnxrnBEozm53w,30,20
UC7rsYYvQbqQrJDGhqWmtAgQ,75,63
UC7szm7Z-YOF_HiFSY7KtYGw,24,7
UC7tWp_Yl6TwflcppyVDK_NA,23,10
UC7wjh3Dqg7JDy5vS82bR6QQ,22,20
UC80QkOQNihd9A8jjy0h5hhw,34,26
UC80Z-cIOdR6upfnrPJ8Q00A,20,19
UC83ou3zkohKwWEL5RluEy2A,18,1
UC84t1K5ri-7u9bFCaUKTXDA,27,19
UC85VW73bQLEjs_taFKP7TwQ,56,40
UC88KSXMWdkv50V1Wm8CAYWg,31,1
UC8B1sNPsg-VSCq6hkZdt9qw,65,44
UC8EP21iEkGNcKOSpOuJw4Dw,27,19
UC8Ld9PAhpOeBbNtLEoNlbUA,9,0
UC8LeXCWOalN8SxlrPcG-PaQ,10,1
UC8NJYzIiErJvwdN_ZG-JBXA,32,22
UC8R3qX--mc_Let6HZHGpnPQ,27,8
UC8T81Q-rEobLa-YuQKj8L1A,26,13
UC8ThsX-gyKKuuN9qo1PJ0-Q,26,24
UC8VhAX-voAUegprM4SpHQJQ,24,22
UC8X6rEFU-vJ1BE-d3NKJfLQ,29,7
UC8Y-jrV8oR3s2Ix4viDkZtA,2,0
UC8YgWcDKi1rLbQ1OtrOHeDw,23,13
UC8aFYW6sAdJT0sJg0GPhzGg,34,24
UC8bTQzxgvKkXDAaWkeuUlkg,23,21
UC8butISFwT-Wl7EV0hUK0BQ,516,406
UC8dRuwQLtfdfARmg77ZKq7w,29,0
UC8idW5eCOVi6Maau2efdKPQ,30,26
UC8jkbVLPvztz8TuE98OYo8Q,27,24
UC8lSbddTjlDrF0lHEeGM8rg,22,8
UC8lVvurdhqV2-cTizQjh4wQ,93,14
UC8mWYDxedkJmUReAiA3ze9w,40,28
UC8n-7kb2RGV7TidMWzHl7EQ,28,15
UC8p1vwvWtl6T73JiExfWs1g,20,18
UC8voJ9Sjb9tdf2jVByTKlFQ,44,41
UC8zQiuT0m1TELequJ5sp5zw,20,0
UC95bEkaIgwhxSjSsdMFXYGg,83,41
UC97qxGRmPsyfV0Miz7AxU2A,10,5
UC98tcedR6gULv8_b70WJKyw,24,16
UC99hZHMdxBDcjO-yYT1fDgg,17,11
UC9A9-hJ21nrQXNoCzCH7Gag,16,14
UC9Af1bn_bc6_Lwrr4SM6Qkg,23,14
UC9BAayugOCs1MRYUa5s9nkA,4,0
UC9ET3GTgAhGC0jGf5yTXQTg,81,62
UC9EYldgBLKw3EqnSk95Q37w,4,1
UC9EgazNjxm-_3eydGQR45rQ,20,8
UC9K44RtwiROAwCpALm1wdyQ,37,24
UC9L_ZcFAtqA3o3cwo56ejMA,29,7
UC9MAhLcXqWZo2CKlFjLpDEA,25,19
UC9MAhZQQd9egwWCxrwSIsJQ,23,20
UC9MU35bTvG9t06yf70hcGqQ,47,45
UC9OqJwkkvJTQoHUKi1y8LoQ,27,21
UC9PVYlrwFSlqG7w8TDsqRvQ,27,0
UC9RM-iSvTu1uPJb8X5yp3EQ,20,18
UC9SVhrnsGxWwiBRWT9c7Ozw,17,17
UC9Tib0IsWBst6tlQ-p3L4Pw,33,28
UC9cpGw2hVv-6G-76HO22jQg,55,15
UC9dyrsYEmD4iGJ8Oz1G5dpw,33,10
UC9eaNdd1t64xLogaRVmGrow,4,1
UC9fJ0Ic5ki8XL8p2KUs4hmA,11,4
UC9guUZ_cJNtNTCsReHlIg1A,3,0
UC9hHiwe_gqxdHG3X1UGJEEA,35,15
UC9jbx97WHiM7aPA_A3Sl6hQ,24,20
UC9jqaqnrukj-VlYEHLF_S0w,25,18
UC9pzK5rFu0roGKcLNOBQ2bw,30,23
UC9r9HYFxEQOBXSopFS61ZWg,19,15
UC9rEXaObaNCOYU-bpElHntQ,19,1
UC9x0AN7BWHpCDHSm9NiJFJQ,109,92
UC9xghV-TcBwGvK-aEMhpt5w,24,23
UC9zX2xZIJ4cnwRsgBpHGvMg,32,21
UCA19mAJURyYHbJzhfpqhpCA,25,20
UCA1pil7GfHhJugZAhrDtTVQ,33,22
UCA5Kea1lxIUjcenLBujJt_Q,4,2
UCA5pIrTB-nK98lkFrTdRyfQ,34,23
UCA5scr9hNC7nMmDhdU8hkXA,21,9
UCABeEbafXvyp4Q2N_OOYi6g,15,3
UCACU6FM4RgOgX0IHB7dudFA,101,40
UCAF6O8b0QajgcNfT4kcPyNQ,30,24
UCAI5QLNSOSzOQTYCyNA06EQ,17,8
UCAL3JXZSzSm8AlZyD3nQdBA,23,14
UCAM2fyCjEdROyELretVTiiw,22,13
UCANLZYMidaCbLQFWXBC95Jg,47,34
UCAQOf_uPOJ6rXO_k9RwfK3A,31,21
UCAQg09FkoobmLquNNoO4ulg,26,19
UCASGyre6VNuPsF5f9f9nm8g,26,19
UCASNJRaxmqOljWhyagDdgOA,11,6
UCATNzbTbfeoMhNonZGZmrhA,26,24
UCAWn8LWOOorLB3OOwj6JwmQ,31,18
UCAYo8etw9D_IXLGgnr45Cfw,33,11
UCAZsAvNyldyiJWTuUFQnkfQ,29,23
UCAcgY29Ow-ggJSldNTTBdZA,18,16
UCAidhU356a0ej2MtFEylvBA,27,12
UCAmhbG40GSFEJEa-6Yj8zAQ,6,4
UCAr0yk0um7lwLjmrKfzwyig,29,27
UCAsZ8cqlGMeAig2Oud2ETRw,29,7
UCAuUUnT6oDeKwE6v1NGQxug,127,107
UCAynUBIkB7gX10An54eEt4A,25,21
UCB2qTDjzBSouovVXXwYKLlQ,12,8
UCB85mqzwxW1ochHxPbTEsjw,29,1
UCBC4egaXY3_2I6KuQy4FEnw,20,11
UCBEhL1MZrm56pZuzKb5s13w,25,20
UCBGOUQHNNtNGcGzVq5rIXjw,31,24
UCBGxe5vTiVWv7e2gP6QB1Mw,25,21
UCBGzm7haKhfUdBBREbGMfIA,31,19
UCBINFWq52ShSgUFEoynfSwg,25,10
UCBJycsmduvYEL83R_U4JriQ,147,135
UCBKvC2TWrSedladWZtezK8A,22,5
UCBM6AwaDl8uPVAN_BUIqPUw,27,11
UCBM_JsVb_65EWAc66WRtuFw,27,21
UCBN_7mH7JV66YN22wyNY8RQ,115,93
UCBOIxRfSIXDT03e116VTzCw,36,31
UCBQjTfMEcxMlI49KCQAHwYQ,26,22
UCBR6D7Rtvw98KYI0DUisT1w,32,9
UCBSE0woFBOMgMLLmlsRn9tQ,31,18
UCBSc0W_R6djZQXZhKpcdlaA,29,27
UCBVY4zJr4qTXdPlMus1VxqA,52,33
UCBWrBsr6oA9JtVaG6wT5XJg,24,10
UCB_qr75-ydFVKSF9Dmo6izg,32,19
UCBbpLKJLhIbDd_wX4ubU_Cw,2,2
UCBcVQr-07MH-p9e2kRTdB3A,24,18
UCBi2mrWuNuyYy4gbM6fU18Q,98,72
UCBj244LMgn9I1JfPNeLMyew,25,22
UCBkNerkJ8362Pat0Fw7T-uA,27,26
UCBr2W3nb0jPSnommNbbpMAw,23,22
UCBt6XQJC3G40OUjb316ENLg,27,15
UCBvZ2hEzZZaWAIrUHVN6YUw,52,22
UCBwmMxybNva6P_5VmxjzwqA,91,50
UCBzJB1kZcFcn65HknBCfCcA,30,12
UCC0-MHKPdq09Mtg5bGjFY7A,27,13
UCC184ncihJzZze2CmfAQGOQ,22,3
UCC1Mi4fVXKETdFGDlW7rC3w,29,26
UCC2nOsHWoccGP7ZzbuMYV0w,23,19
UCC552Sd-3nyi_tk2BudLUzA,21,17
UCC6gbNO098rkQKCU0ZaLITQ,17,4
UCCB1tNcxtHw7kkCzCUqGteg,22,20
UCCB6sAb8YsTr16-bIxFQUhA,33,10
UCCJsQKOKArvDksacfT2ryQw,21,13
UCCK3OZi788Ok44K97WAhLKQ,28,2
UCCLg0FJsmxdyHf9sHJlnsTA,25,20
UCCMAz1jZ4_IyhthHk23EMJQ,107,83
UCCNFCLWh1AA-qbyOyp8jlZg,23,22
UCCNw1OSmIlqIXrzeLE4e7fw,23,14
UCCODtTcd5M1JavPCOr_Uydg,133,107
UCCOi5b2vqQ0hHQRBZ6yoT3w,25,13
UCCOrp7GPgZA8EGrbOcIAsyQ,72,54
UCCQi3X-PJGmd6DrPN9Rb6iw,30,28
UCCRFU6puznGXVKW3Ad_gKXg,30,13
UCCV5kpsPAE2M0KdrSws5R1g,35,25
UCCVclxslsRWT3LHFu8mQhNA,27,22
UCCXoCcu9Rp7NPbTzIvogpZg,23,22
UCCYg74-k06_SmH69neYxfvA,27,18
UCCZGYab5SpD0I7Z5JqJZgww,52,35
UCCbv0qixG-cyokxEY3kELtg,28,24
UCCcl8RCA9wia6TsKUnc-6sQ,11,11
UCCeCpXN7FaJUFBfhLtQYHdw,24,0
UCCfKlFlKYBxZ-UU2dWc17IQ,12,2
UCCfqyGl3nq_V0bo64CjZh8g,31,25
UCCg7II9RHL8Y-GS9NnFQy8g,44,9
UCCgFcKM61Y6qa4ArTTvVWqg,35,0
UCChJlbkHREctAZqoFyfhDeA,29,0
UCChWvNbRQYQ5fj1Nj3RQu8Q,26,14
UCChmJrVa8kDg05JfCmxpLRw,31,31
UCCj956IF62FbT7Gouszaj9w,295,237
UCCjyq_K1Xwfg8Lndy7lKMpA,9,8
UCCk88z7a-Gs6IEAO3fp-UZQ,19,19
UCCktnahuRFYIBtNnKT5IYyg,61,49
UCClfFsWcT3N2I7VTXXyt84A,65,58
UCCtgqKwqf4akt_gSElDqXdg,64,46
UCCu5wtZ5uOWZp_roz7wHPfg,46,41
UCCv191RGdi3HxhhXcB0PMbQ,26,20
UCCveE6GvM-l73rMlv1sAKIA,37,1
UCCysh95qsIUCPb-61VBag8A,28,8
UCCz4pq2xBQgFAcYqx-ElFuA,5,3
UCCzY4KCWLjVzTZfIY0xZtog,20,8
UCCzmXhARScj7wtJ0f2co64A,31,17
UCD-vc2iGxEcLfWhwyJPqe_w,23,13
UCD2pGFLU2sDnlGIPl8U9eEA,33,20
UCD5B6VoXv41fJ-IW8Wrhz9A,22,21
UCD6YMmVyF50oiwXisgbF-2w,19,1
UCD7e_ETGAyGU61vwnknZM7A,16,14
UCDETFHKteb-C_EaXmRKvP4w,26,20
UCDFaGHrYtg_U72sTTU5XDcg,17,17
UCDK4NDcmqgUlSuYoNac0VzA,19,4
UCDOJLR72Jj-lEviJdwU4G6g,35,25
UCDPk9MG2RexnOMGTD-YnSnA,79,57
UCDQ0pYBbR3rGWnn-BZJ9lXA,86,53
UCDQxJLtUe4ixRPgqTYi6PgQ,26,23
UCDTAy8OylJsSxViF6oRiR8A,24,22
UCDVYQ4Zhbm3S2dlz7P1GBDg,24,17
UCDYaeNvP7JDpKvozANiw5fA,22,14
UCDdBzyuqG1oWoQmf7Ih9isw,10,0
UCDeH8IeKqvzn8x_iZPAuIfA,24,5
UCDfYcuNw-ff952Xn0VDWwDw,25,22
UCDgUAAHgsV2fFZQm2fIWBnA,28,26
UCDiFRMQWpcp8_KD4vwIVicw,24,21
UCDjpp9fOeGLy754KJvRl10w,52,45
UCDka4-WyKGDSS8j2AR18K_Q,29,0
UCDl5YK8CD2fY267VdDHLgfg,83,79
UCDqQA5QPBQBvLy6TSaG-0Sg,33,24
UCDrK0DHakytP0-c43kPit-g,27,25
UCDtqUmBIjQWbe9rpnyOQ_Gg,4,4
UCE0-Bxu88d4bsGCv34zvtbA,28,15
UCE28rwYoaV7jvU6GVzdu_GQ,57,40
UCE46LtAJ9BpCWOunD_ZwY5Q,29,23
UCE5mQnNl8Q4H2qcv4ikaXeA,29,20
UCE5wDMNEZElnuRDk6TDPOYg,36,19
UCE7spuKzxP1k8A-XucxxUAQ,25,19
UCEABeKNML9Yy3mQIJRPkKrg,14,6
UCEBb1b_L6zDS3xTUrIALZOw,92,65
UCEEi1lDCkKi1ukmTAgc9-zA,30,11
UCEGC6iQjjJNCLkvLdi12BIg,22,10
UCEGJtJpwHlpUoMlAOlCWdAA,51,34
UCEH0dQo-8q0jQQdPfZYDF3Q,31,20
UCEJdOGwm6CNtc_kIa_Qjy6A,27,25
UCELts_uwGFF5uwaHIFSp41A,20,13
UCENRvVys9nMpQpENGeL8NEg,24,21
UCEOhpXTO8CwrpkBTxOOu4bw,43,19
UCEP0Zgg1BuAExe6x6fPSPqQ,26,25
UCERpfFL1aRqsrJhmKkGAEPA,84,67
UCET00YnetHT7tOpu12v8jxg,19,12
UCEVZNpzM9oDegvplv5Z36Sw,37,31
UCEWhQG9S3mIe0VTYUcqhzgA,13,8
UCEWpbFLzoYGPfuWUMFPSaoA,146,123
UCEYlNI8wno2Xp7YUNdMN22A,18,14
UCE_0zvmu1pMYZAgqyjW6qsQ,26,19
UCE_BYUUN0I04cAmk1c40sTg,20,19
UCEakj6jI7jTklY8uOA4Tpig,51,48
UCEcLMPMI4b-pJpLrfnEvsvQ,40,26
UCEdvpU2pFRCVqU6yIPyTpMQ,25,9
UCEexyzp7gYKyCCt5IDuvF_A,32,4
UCEf_Bc-KVd7onSeifS3py9g,31,17
UCEf_IWYOziiG5XLx-Hl9A_A,24,2
UCEmAtcZ1COU1CE9pp_zX1Fw,5,4
UCEngNaaT3MS0H5EN7p2gXLA,30,6
UCEprB-U8g9k-IvhhxUGezJQ,26,19
UCErX4CQeesrYOs03fufBiHQ,26,15
UCEsXeMANIGwjoFgVcJ16QWA,65,12
UCEszEwlcXDgCxMfqHIpAZxw,21,15
UCEt1Ef_TQfkaEmjRmOWiFog,24,20
UCEtR1hAjm4M2yZxuk8-S8JA,118,95
UCEuOwB9vSL1oPKGNdONB4ig,40,20
UCEuiOszNd6msGgqsD0f9YAQ,6,5
UCEvthnNXQ2x_g1Q_OLtpF-g,26,19
UCEwd_VhwoyMnRAu5O8r0pzA,69,60
UCF-uUxo43IPpnEwnR62WGlA,27,25
UCF0-84qhSDVOq8i2I3jDVcA,29,28
UCF1iS7Bp9_hsQphNF6o8qwQ,8,8
UCF2pLTqtRYkFKv2u5Y5xOWA,23,20
UCF31eojFKhWQJviyMICWO2w,22,20
UCF7pSmWPyyKTXP9DxQ6KDUw,27,20
UCF9IOB2TExg3QIBupFtBDxg,23,21
UCF9OHrRasw-r4JcnBo4E2cg,27,26
UCFBOYHkJJC-o8HHXRT9AQMg,30,29
UCFEpFpv82DGownPexhrpkZg,31,26
UCFIWUqnyVjeYUJVBW-1F5bg,27,25
UCFKqZCWb_6m43WZXl4vXQaA,25,12
UCFMkPeE8jiPirJMv9kttuIg,33,27
UCFN6lQpfY8XIRdhv9G-f4bg,22,20
UCFN_dQuFU6tXwVLXppqOwpA,21,11
UCFOK2D31p00E67zZQphDfKg,33,7
UCFPvnkCZbHfBvV8ApBBE0vA,23,17
UCFSJRBoQ2zwjGYLl6gEr3JQ,22,0
UCFSWlEpDBctm2ACzdU96YDg,21,15
UCFVM_zMWzOCMaQii3fCnCKA,28,20
UCF_ZRSDSX4DqY2GooDwX_AA,27,14
UCF_fDSgPpBQuh1MsUTgIARQ,109,58
UCFaSR7gUU39qJe-eDSiGY0A,30,26
UCFagkCTe3d4kFzLSBliNkXg,30,27
UCFdmd1JSZVHF2nCpudLfQDA,28,5
UCFhXFikryT4aFcLkLw2LBLA,88,74
UCFklhCzrv2UIVOsAEVaWzFg,30,1
UCFks_UAxc9zdWHAE75eWDDA,27,23
UCFmofUYwZd1Ibf_O3PF71jg,4,4
UCFtEEv80fQVKkD4h1PF-Xqw,2,2
UCFuIUoyHB12qpYa8Jpxoxow,42,2
UCFuq6XXJroQgEni1tvckmXg,16,10
UCFwS8sLuE4Du7VA_DDnhmeg,26,2
UCG10CJ-y-08b0DPQ1YQ345Q,66,53
UCG24bc5PU4ujXFlRe5gbRMA,26,6
UCG8Ek6j9-NW15qrCgJZdErA,20,19
UCGA2OgjW608QEaGwxA7aRTg,30,17
UCGBD7uXRwp_lb2Mpu2XupBQ,4,4
UCGBO6EahCqQSyXIws1MQdDg,8,7
UCGBpxWJr9FNOcFYA5GkKrMg,22,15
UCGBzBkV-MinlBvHBzZawfLQ,55,38
UCGDWEcTlImuSDo0_1P59rKQ,25,21
UCGJdzJQ3R1BpahSvcFq23HA,27,13
UCGNFqULihCOrP3-hOQ-rNEw,33,11
UCGPGirOab9EGy7VH4IwmWVQ,66,62
UCGQdOvu5tCRBTYA2niM69qg,31,21
UCGSPErEtUzPI4XIbU3fifiQ,53,41
UCGS_UGeS2t2HVqYx7r-L28w,9,4
UCGUH78bfJtJo6mqkSsWojgg,5,4
UCGY4QLnE_jyO1mao6oZXlxw,29,9
UCG_eo_4LsisqsSSkQMHGJGw,18,15
UCGaOvAFinZ7BCN_FDmw74fQ,60,34
UCGaVdbSav8xWuFWTadK6loA,25,25
UCGaotBFKgoaZamPb4sbEIYg,28,20
UCGfclwcB8i13_4tp_FJjqbQ,18,16
UCGfgKimGJ4yueKEtFVPpHtw,23,19
UCGgf_k1y-_d-4Eh922iCCJg,30,16
UCGm22n-02oom5R_1lITZyAw,21,14
UCGmcfA0BCjwIDVg3UvpxkxQ,10,5
UCGnjeahCJW1AF34HBmQTJ-Q,58,16
UCGomVNOsPDcNY8rhCbOV4lQ,35,6
UCGq-a57w-aPwyi3pW7XLiHw,31,28
UCGs1JjiRBEKMlVD4eUxJ2ww,27,22
UCGsIaIdB3eLErFObXcQRUqA,9,9
UCGsOxD9JEXYX20-mLWulREQ,2,1
UCGsYQnsvuTpWt8_mq-woDRw,27,19
UCGt7X90Au6BV8rf49BiM6Dg,26,21
UCGttrUON87gWfU6dMWm1fcA,26,21
UCGvbidYOdD8rH0LJlVmZb5g,29,8
UCGwu0nbY2wSkW8N-cghnLpA,58,43
UCGx_EAnpzRvVTwUUafJTN8A,24,14
UCGy7SkBjcIAgTiwkXEtPnYg,58,47
UCH-g5AQbCdDMtEmBtGXLXNQ,29,19
UCH0UL4tOI94XLOfK3gK82LA,4,1
UCH11eQQ-QyfppeMsQJU6fMg,27,24
UCH1oRy1dINbMVp3UFWrKP0w,2,2
UCH2-gDpyBkROtJV89J6o0tA,20,12
UCH4BNI0-FOK2dMXoFtViWHw,69,63
UCHB6BajpRntetI0g1g2jCiw,4,3
UCHCThmyZ-2yWkv0UVeBDdnQ,6,6
UCHCph-_jLba_9atyCZJPLQQ,22,15
UCHE7rAi1Fw1CBmQXFtvJmrw,33,22
UCHHfOQ4CA8JrtxpVk4-foDg,1,1
UCHOf-N-yRIHvcZpAcKnNIEQ,5,4
UCHPHV1vMBvc-hce4Z5xP88A,25,13
UCHPHVCq_Giziio_y8QEcHyA,2,2
UCHRx3w9GE3r-iqpvIKsTgeQ,17,15
UCHRxG4X0k8nH5tv4Vy2Jf1Q,24,19
UCHSOqo1eYLPaoY82fMs7_Rw,23,15
UCHUE4ypXKp7ZkmdWbGJNgJg,19,14
UCHXa4OpASJEwrHrLeIzw7Yg,52,40
UCHZfx2vngpEZuhybUux5K3A,37,12
UCH_9z5v40C6X9oF3sWzL6BA,20,15
UCH_eu1lvvxpgoFc2lVruhkQ,50,36
UCHaHD477h-FeBbVh9Sh7syA,50,36
UCHaoDjLMZLiH-tYB2jMMw8g,32,23
UCHiwMnZqF-6XkQAb2sOjaYQ,16,12
UCHkJ2mA6ES6bCl2JylZfEhg,23,5
UCHmPyPt4AkrU1es6kxk0OMA,31,21
UCHnyfMqiRRG1u-2MsSQLbXA,149,133
UCHpGOTBGfltnrLqxfJn6zog,55,51
UCHpw8xwDNhU9gdohEcJu4aA,4,4
UCHqjrJE84tmpT5VQS_CRJZw,7,2
UCHtrI4TzNgpka8t6WGfgbhQ,15,4
UCHy-NJupAkIDoOKFNRwlhjg,20,17
UCHzcS9Hm5dieyRWDMY-earw,16,15
UCI-Ho-GaKYbtMzXJWmWAsrg,28,18
UCI1aMrmoZtWyzSfvMewGwbw,14,12
UCI3H1FsjbdqGcLq93ZilV5g,46,34
UCIALMKvObZNtJ6AmdCLP7Lg,7,7
UCIDBp59M3O_n6tNnwUt9gyA,24,7
UCIEv3lZ_tNXHzL3ox-_uUGQ,28,22
UCIHdDJ0tjn_3j-FS7s_X1kQ,31,30
UCIIh7tXfL8z1QYGulViWEqA,1,1
UCIJ0lLcABPdYGp7pRMGccAQ,21,4
UCIJ7ElhHMlz9lKh8_-dh4rA,28,22
UCIJwWYOfsCfz6PjxbONYXSg,53,43
UCIKf6APAtIjhDOtJG4anPhg,15,10
UCIMasKY5YlgzcOmxVW4loaw,263,200
UCINvptL0z9VpYScsNIoup8A,23,14
UCIRYBXDze5krPDzAEOxFGVA,26,21
UCIWAwKP3_KcWned5aLqZHtw,77,59
UCIWPeSl1aL72F1NCuS4ePTQ,6,6
UCIWRaf6SYL0HLv6E5pdWv_g,38,30
UCIWZ1_W5BqsvW9fm1cYFPpQ,31,14
UCIan0GcAkqLmyl8qPbVpibg,34,1
UCIdMuFFD42OKezEDsxzYqcA,15,7
UCIqWFhsJm2VU1ZuGrZnx3Pw,36,21
UCIr4vkCsn0tdTW2xZ1jRG1g,16,13
UCIrgJInjLS2BhlHOMDW7v0g,25,23
UCItXVkLkMv3RbJesDZW0uYA,23,11
UCItvAkABoa1J19zujDySvXw,51,27
UCIvOUTuA_JHMv6M_wPQNxUA,9,8
UCIxLxlan8q9WA7sjuq6LdTQ,28,25
UCIxmWUbe4OZuMDJKIHKwwKg,30,28
UCIxqQLeV6GojXty2w-VTKWQ,25,17
UCJ-cqYmyR0-rIb0lariMs0g,51,36
UCJ0-OtVpF0wOKEqT2Z1HEtA,24,19
UCJ35n3ueAN0cWvQqKptu-Zg,1,1
UCJ9905MRHxwLZ2jeNQGIWxA,1,0
UCJAlfy5KCZRC2nkXUg2v1BA,32,5
UCJE19PFX3WnSfv1ikk8USnQ,25,21
UCJEDFSxHHOW1PpBccdSxOTA,9,4
UCJIOFQLGwB3GH9K9waxwynQ,27,12
UCJIfeSCssxSC_Dhc5s7woww,27,25
UCJLLiIBagfrXxfcxcRPg24Q,29,26
UCJLMboBYME_CLEfwsduI0wQ,31,24
UCJPpE22GR3Tt8TJQmFtQjwQ,26,23
UCJQJ4GjTiq5lmn8czf8oo0Q,22,21
UCJS9pqu9BzkAMNTmzNMNhvg,87,71
UCJX8Wn6opMsBng3QWh0dK6g,34,29
UCJXCxy_RyC0GeRhs-2f7J4A,27,23
UCJYJgj7rzsn0vdR7fkgjuIA,23,17
UCJdxm_w7Yqu-IYOCPfxEgiw,24,19
UCJgDzk8RDB_gSsn0ZGxLODA,142,93
UCJgOIRUdsXtrC-1-vgwmy0A,16,3
UCJhjE7wbdYAae1G25m0tHAA,25,13
UCJi-1q-Z7Lf8QKCoprR2K2g,23,5
UCJjAIBWeY022ZNj_Cp_6wAw,9,5
UCJm2TgUqtK1_NLBrjNQ1P-w,20,19
UCJm7iNPKhW7JzAP9PqMc_qQ,32,0
UCJnGGTaVKui3OAST9yyXxOg,29,27
UCJnS2EsPfv46u1JR8cnD0NA,29,24
UCJs8b2zNCCnowE051wnCqIw,18,16
UCJsUvAqDzczYv2UpFmu4PcA,49,47
UCJswRv22oiUgmT1FuFeUekw,54,44
UCJublDh2UsiIKsAE1553miw,27,23
UCJvBXBYPWE1aIlrM0r1Ilhw,53,47
UCJwKCyEIFHwUOPQQ-4kC1Zw,13,11
UCJxAxCEFg4wRnZYZNL7_1uQ,24,16
UCK-0srt5hdY5m6Zos_NlJZg,35,28
UCK-6FjMu9OI8i0Fo6bkW0VA,62,60
UCK-HHyVCfKYzhxVOJgBt73w,87,69
UCK0igYivkzd0isz7oDPqVlw,3,3
UCK3emrAY8KxtR1EffQxCWbw,25,8
UCK4_MNKAJ_9K5Bsi-3-S8VA,29,22
UCK4iZRo3rgsG4OuBycWqy1Q,4,2
UCK4zwu2xhfZlMj29323xisg,34,26
UCK5TFZ9yB5aAEuAjbv1i_GA,25,18
UCK5dwWFmB8zqyhDfNgM5eXw,19,11
UCK70H_67YRgeA513ZHA2TIg,186,120
UCK7tptUDHh-RYDsdxO1-5QQ,21,18
UCK8sQmJBp8GCxrOtXWBpyEA,1,0
UCKAh1Uk07JcGld5QGXbsnHg,20,12
UCKBpKeRhhCQOQwbPz4aYZWg,26,21
UCKEhjc8fonQQ0mZWw3LO9SQ,15,3
UCKFjNynYRgDfnSIXzELPqTA,27,24
UCKHaKEGaQeoG7MwUuF1BP9Q,5,5
UCKKf2Tvw0Xqz6RfzTI2dTpQ,32,23
UCKQECjul8nw1KW_JzfBTP1A,8,8
UCKQKIY2YlI4L5QVg7hhfjrQ,29,17
UCKRGpJoQmyzM1VvAPdBkefQ,29,20
UCKUtLtLprzPOdd83lSNfQpw,4,4
UCKWaEZ-_VweaEx1j62do_vQ,107,88
UCKX8qlNu2v4m0bCkhd7jicA,34,26
UCKZbgzsJ_XsgGevLAKI1DwA,28,14
UCKZo4N0lVPccBkSiuyVh4yg,22,22
UCKcukj-n3-kUJ5u59L-bwgg,1,0
UCKfak8fBm_Lhy4eX9UKxEpA,25,22
UCKifE11pFr_y43x0mwTJPxg,7,5
UCKjxLqQ4kludVPBo3qp-zkA,9,9
UCKmmERguliWTynG9OIoDhDw,58,52
UCKqZLmcDAWqDyyXUfYNNpVQ,36,1
UCKrwS0ZZNYdTJaP5pj7kZcw,35,22
UCKsP3v2JeT2hWI_HzkxWiMA,24,22
UCKuSDqgt_rrBwvtc7CxSTeQ,27,14
UCKvKjZ3l9azWz4F49q2R3tQ,58,36
UCKx71st3-lSiQFX91CEWTAQ,19,2
UCKxAfFTFQFYJrwdCl4PlGpg,33,26
UCKyFqIO2OXPEHKopzWsbUpg,36,27
UCL5bAcVfbxSAs-UM5f5ncWg,53,49
UCL5eiGK1f0A-DecaBqq5emg,34,32
UCLBdKZf1_rsO2euKzGNIOmw,28,22
UCLEJtcaMQePVD5N8VD8JsfA,14,1
UCLEQMN2aaUD9VfBVPxG0IOg,22,0
UCLFDkgBwHbF0K1lDYylMNLA,27,23
UCLH7qUqM0PLieCVaHA7RegA,15,15
UCLIPBZ6XQ4ldx5cDWNsAvkA,25,18
UCLRGBPzHDwQp2807cEfY-8g,19,16
UCLScOxXQZt2GQN5a7-vCDlw,26,13
UCLXo7UDZvByw2ixzpQCufnA,80,72
UCL_f53ZEJxp8TtlOkHwMV9Q,26,22
UCLbidg2ZT49dWrxDkwNKr0g,27,23
UCLdP3jmBYe9lAZQbY6OSYjw,29,27
UCLjFj03yrdSd2X4Uqo7KXSw,34,29
UCLjwRB4r2aZOAo-ftaWvP5A,34,14
UCLo2De1CJ5SThUJWNXRYafA,14,11
UCLrpwrZvK9Y1wiMzmM8-fyQ,30,25
UCLtKBD5l-TqKoo7ThfmN7Wg,53,4
UCLuBF4Xr1-BIpcpFFm7zp7w,56,15
UCLue5AhDOIpePYzlc3rOVVQ,23,17
UCLxAS02eWvfZK4icRNzWD_g,64,27
UCLxpvEHi22zim8PqIwPmUog,28,25
UCLz7LG4YVi7_iyk4yOARcxA,40,33
UCM3LabqNUxXYmtz7bVyssmg,1,0
UCM4-RGiG2y5KLqXooyeQZbQ,25,0
UCM4mUayOV-yfqPNzePbHKsw,56,42
UCMAwcc6Jw0T1WCAoGMVC58w,19,18
UCMCYod7q4bZE6LSb6ih-03g,18,9
UCMFSTAyvpl_yBXmq6JPfhBQ,20,16
UCMHQoiq6PnPWb_gGD6eAQEg,20,16
UCMIige08YvBqwzDP3A21-bQ,19,12
UCML61jCX0-7o72iwHOL6RRg,28,18
UCMLtBahI5DMrt0NPvDSoIRQ,24,22
UCMRq9ADyETX-Touo4Srph5g,27,24
UCMSIDB9jvhqBKby2qk6E4VA,132,80
UCMSYZVlQmyG8_2MkIKzg0kw,52,45
UCMSsLqxqvZsNXi0Z-VjN89A,84,79
UCMV3aTOwUtG5vwfH9_rzb2w,24,17
UCMXzc5fADodNEdkSbHXZlpg,22,18
UCMY7ZvLB6-DnuSis_2s37_A,3,1
UCMZKdoqSDUebdreRb3X7lQg,10,8
UCMaxiD_ESHEN0UTWUP9Ctcw,33,14
UCMbZ2K7h0_tbe5j_yuVTutQ,34,16
UCMdClt8h3DnVbvhQvnUJTGQ,31,0
UCMgOduu7dMS9Jf1iqWZkdcw,23,0
UCMhDk2qIKoE7bVht4GeQ8Lg,16,11
UCMiJRAwDNSNzuYeN2uWa0pA,308,259
UCMljRGC0eBJrxbUorWEnasg,24,24
UCMmaBzfCCwZ2KqaBJjkj0fw,29,25
UCMrpRnyBJhgVBy3rm0K4P5w,29,25
UCMyOj6fhvKFMjxUCp3b_3gA,24,20
UCMyvAwiQAJtEDejYJMEz05g,52,12
UCN3-BVMnr44LIUheSuppw1A,20,9
UCN5qpJ_OZl53SfMbVPjA6sg,16,9
UCN6sm8iHiPd0cnoUardDAnw,34,3
UCN9ODImqfJNCdSR5xn0y5FQ,33,12
UCN9v4QG3AQEP3zuRvVs2dAg,87,72
UCNAf1k0yIjyGu3k9BwAg3lg,24,17
UCNGQAOewHhn7YDWNRe4HZ4w,34,6
UCNI0qOojpkhsUtaQ4_2NUhQ,22,18
UCNJVgykdTLVwZemG_O6xDMA,4,3
UCNRW1846nhED2nBdOSAKteA,21,15
UCNT2e7Og56vm5_V-yJWvglA,538,416
UCNUFterLJ9vpFZZ0try7sLA,5,0
UCNU_lfiiWBdtULKOw6X0Dig,71,54
UCNXvxXpDJXp-mZu3pFMzYHQ,18,16
UCNYNFzgjIpJivarmlU64zag,24,0
UCNYi_zGmR519r5gYdOKLTjQ,24,2
UCNZR5xt-HQ61DhBX6r6rXAw,29,11
UCNjfNLnQYbjBEvnS8KFuyGQ,1,1
UCNkV2_eCEfIAlsbyZk5A_Cw,32,22
UCNqFDjYTexJDET3rPDrmJKg,160,87
UCNttUtm9vloDjo-a2jqkoNQ,50,36
UCNuU4q4XLKyqAHQ3-zwHIkw,14,13
UCNvzD7Z-g64bPXxGzaQaa4g,45,37
UCNxbq2vWbmXQeyZPGYTnT6Q,31,23
UCNxneBe-udYnjmbDH9ci3pg,28,27
UCNye-wNBqNL5ZzHSJj3l8Bg,48,45
UCNzul4dnciIlDg8BAcn5-cQ,42,23
UCO-s9MFWm8ghwrcYIMAjDSw,56,38
UCO0akufu9MOzyz3nvGIXAAw,62,57
UCO1DThVnaSypdruQ643LOPQ,27,19
UCO2x-p9gg9TLKneXlibGR7w,24,20
UCO4yGJQP1HwMgBvV7riQnlA,25,13
UCO7V9rAiuAwh1NpEKDb81ew,61,49
UCO7ZQFQwhKsxj7WRqDHYfmw,20,9
UCO7iqpYcqmeRz0my_who9kQ,32,15
UCO7kefTlpAAHoRYh-ZKtfSw,55,27
UCO9LAygES40mbxPFvwkaOMg,22,12
UCOFnyQHIQJcEfd7HzqLy6eQ,8,8
UCOLh1HRogA04qOUZRF9g_wQ,38,23
UCOMxE9nQ50SOIZs_TcKek4A,30,29
UCOOIAv87GGLWNn6Zl_Rettg,74,63
UCOOlawtxwYTq1MZ0Umoy6fA,26,18
UCOT2iLov0V7Re7ku_3UBtcQ,30,28
UCOVhkH1fRrx6vP8HgVT1P5g,12,6
UCOYBaRNdosHLQvIZc1DNHDg,27,22
UCOajpsI8t3Eg-u-s2j_c-cQ,17,17
UCObb67dO5Qlzt28WfP-IQwQ,21,0
UCObs0kLIrDjX2LLSybqNaEA,30,26
UCObsREXyFhKMS2oZikEoVnw,22,21
UCOf6yoHjR-ERxZZpfjWvpvA,53,9
UCOh01Sv2bdi_hjci9tOH7Mg,24,4
UCOhtMAg7xh8wv_wUHMgFc-Q,32,12
UCOj9WICwHqV_smQj-ucj1AA,26,12
UCOk2CgtW_euf-9w34fnYQnA,31,30
UCOsATJw-IZgqGT8MFrHjKGg,22,21
UCOuP7ygJSo3qEV8VoUITbhA,21,19
UCOvOXLATfCrOJmAYaO4mRBA,57,22
UCOvtqjHNCBjDoOFtBPz0GFg,12,7
UCP0_k4INXrwPS6HhIyYqsTg,21,17
UCP15FVAA2UL-QOcGhy7-ezA,31,0
UCP1iRaFlS5EYjJBryFV9JPw,30,22
UCP1pFvd3OF_MVCddBcH8Uww,23,15
UCP5tjEmvPItGyLhmjdwP7Ww,58,52
UCP6HGa63sBC7-KHtkme-p-g,20,8
UCP83iCyLq0Q5VdaQKp0r7kg,7,2
UCPCoaKCeqmWhCwCH5Ht7dQg,8,3
UCPDis9pjXuqyI7RYLJ-TTSA,75,52
UCPH3Oz99Y_jrVBCQMjQZNSg,33,1
UCPHEZwHCdwWohY7axruy4gA,22,8
UCPIvT-zcQl2H0vabdXJGcpg,305,161
UCPLfrdK84czJXYf6QA7OW9A,32,7
UCPREnbhKQP-hsVfsfKP-mCw,26,3
UCPT5Q93YbgJ_7du1gV7UHQQ,28,8
UCPc9yOXlAFXcLILa104ZEKA,56,43
UCPg8tOgxZRzzcxpVuC0HtrA,63,46
UCPgNUJA2GO2uEKx60hKRcOw,20,11
UCPhADRTIwDxB0vVSU33CijA,24,23
UCPiretti8qKVskv5a_T9vtA,34,23
UCPk2s5c4R_d-EUUNvFFODoA,256,207
UCPk5EdfTqVkEzDQ89FeuOgA,19,18
UCPotnGNahFjLWjfsq4KYvuQ,223,135
UCPrbh_9pghzmzkI1wJJRv7Q,4,3
UCPuI6BuxfLHN5si8lFroQPQ,25,22
UCPwAIwQQXw-YqEvhmcNh6BA,22,21
UCPxKnXgokkBNCFaSkdy44FQ,6,3
UCPy-vsBDyrEu3I3DJRUuvyg,49,35
UCPyd4M9Zj3YJ2IZKkVtHATw,27,21
UCQ137sJ-dtlU-r5EDgMEPzg,28,12
UCQ1O4XEUMO3_dYEYRvGQPDg,22,9
UCQ2sdgDhkSrVLYwfTUVw7OQ,2,0
UCQ5DkUL8c_vbflfQ8LRsCIg,27,20
UCQ8lmvvnyY2VeYebKOR8xLg,37,23
UCQBJsCjbtlyTZos8U1wqzgw,4,2
UCQD-0MjUbDBwm2UTVYr0Dag,25,21
UCQFYC_kwJ_FSs5UvZryzDFQ,23,11
UCQG3G4I7saIZIKxwYp1tqTw,61,46
UCQGCVWoMtVmYt9rDsOFFSHw,11,3
UCQINXHZqCU5i06HzxRkujfg,36,17
UCQJOYS9v30qM74f6gZDk0TA,28,19
UCQJoT6HfpDIc_A75RLWHGuw,4,3
UCQLJFXhxbl5SMfcGZSnURhQ,28,24
UCQNqdaEMfiiNxTiqoyk1dtA,22,8
UCQOidFKQBMvLXk7PxGBXWyA,31,21
UCQVwn0HNVFhg52-8ln0WJSw,26,19
UCQW2mxSiyhvpiGDHBCgpTJA,1,1
UCQWnytHKeJEHXh85rC6tW2A,25,18
UCQWrlWwNsMvvurG5HXXWLFw,30,24
UCQWsAbnIFxAP-jQQfM_oYBQ,24,20
UCQXHTFnQYFTqN0MqmNh9EIA,44,40
UCQY4My_4PY17PWsN89hZHLw,38,25
UCQaSOYxjm4rzOvWj3hO3RIw,44,31
UCQfEbxZRyIuNZ6WpxsC0FKQ,4,3
UCQi67q4kGdmnJaRzX81uK5g,30,13
UCQjTRnvho8S9ddlEvgQy_kQ,30,6
UCQtW2oz8ec8pHjjxawujNjg,62,33
UCQvZD_M4nzOSyrPx0LfgOmQ,29,1
UCQxTL5uhg3jYRakna8CvJ5g,3,2
UCQxbkY1l9orvoMLv04pCOcQ,56,49
UCR-C3qlUdtgYFgPF8rM7Fig,22,9
UCR1Jltq7vMzGQVtRd-DR5AA,29,16
UCR1RfXOHsYfx5hVYtt8RIXw,44,40
UCR3j6-3GD6aGV-LeUMRBc6g,25,1
UCR3uO1rDJsGLbSUtfUyuCKw,27,8
UCR8NsuqnMSWNQoKihSCdUcQ,29,9
UCR8j9H0ZiLbww8_U2iDKISQ,3,0
UCR9NuNwCUIhMOLUQnLN7_WA,38,28
UCRHBpvcASQs852H0t4mt1zA,34,29
UCRKOv7wEWoEaQhsT0adfyQg,32,27
UCRQMZQ0R561looJMoxPmRoQ,17,9
UCRRr_xrOm66qaigIbwFLvbQ,23,22
UCRVsqvXIdgyPVS-a6fGa1lA,15,14
UCRVtlcqayOmyuLIDrT3ng1w,31,23
UCRdfhTdKpGtJg-QIuAIND8g,18,15
UCReBxgLlq_Bim6hRmKn-gxA,23,17
UCRgQkscIizzXbStAeuMWLSA,32,25
UCRgn-SAQZa4I41zLH03LoOQ,11,9
UCRijo3ddMTht_IHyNSNXpNQ,193,152
UCRlICXvO4XR4HMeEB9JjDlA,29,26
UCRp02OXHKJchXN0ph85MQWA,29,1
UCRpNVpZoW56rOsV-6wFK3lg,22,15
UCRrlRjsRafOBheGLX02dJtw,33,24
UCRvPS-dk5CHwUb090JJPQQQ,9,5
UCS1--ycUQWjD8X6ohewmqBA,36,27
UCS1VnI5YDRsVXUAqVaS_O3A,17,7
UCS261lQDXjMvc8Jck-2CQEg,22,8
UCS4jPUCax8d3f-uke--YXXQ,44,29
UCS56r87Y7q1SrAB-42brE-w,98,20
UCSFDaRqTfAhOLhtvFPrAltg,29,2
UCSNX50LYGXWV_e5UWZGPGbw,14,7
UCSO2Hp9UYEEVjIQMD-X6-vA,23,23
UCSOfUqPoqpp5aWDDnAyv94g,28,17
UCSQ0byICE78DEDa42Ls5cmA,24,19
UCSUwTmHIP_rlCTZeQW2oiEg,32,0
UCSX0NhNdBA-ZnEFkYFzdw4A,21,16
UCSX5Gk1UvlYWYyjeVZFnp-w,3,1
UCSbgR_d3CJkhvulX2kgt_YQ,28,21
UCSe_yLDK6KSBm5cTlZ2XdLA,23,11
UCSf-NCzjwcnXErUBW_qeFvA,25,24
UCSf0s2ogUVYpJPuzW1zpAOg,41,26
UCSfX2TUPfxMpE2D2K1-ZZlw,18,7
UCSfwM5u0Kce6Cce8_S72olg,37,0
UCSh8pITCV05dOdF8MLTLpQg,29,13
UCSiBSzeyA4vlNzhOO6K7XSg,30,17
UCSiJnHenG76bZLxLatGoMzw,31,23
UCSillZr7X-5u-j_-ps_ijqA,28,24
UCSlEdyj6I4TX8mcGwL8rVlw,33,16
UCSmducBRRUqk-wAZthstM0A,52,39
UCSqqWfEwyODjgFmraGhrYjw,23,13
UCSrwhbt5DQZgTRnlPZ7EwXw,48,19
UCSvkZ_Hw1leaP7gzVZ05NCQ,9,8
UCSwsyQ0LO0GoaoMpfQ1Jrow,21,14
UCSxfEEEi6IAvnPrFeiqIlcA,26,19
UCT-VzthVAM_4ohDdKa-BbXA,23,19
UCT-nPlVzJI-ccQXlxjSvJmw,1,0
UCT09qC2vwlbJvofZRIdLalg,17,17
UCT6Y5JJPKe_JDMivpKgVXew,23,21
UCT9lB1HNkTa41ws-G2tGwXw,23,21
UCTD4oc298b3EvUNzmQVr6oA,31,19
UCTDJ9osmaIty0MVkUZymVmQ,28,21
UCTImEHaYGwXVlg2QaEVZ76g,23,11
UCTIuq_z-X16CwAtAiEYrkTQ,41,24
UCTMRxtyHoE3LPcrl-kT4AQQ,3,1
UCTOoRgpHTjAQPk6Ak70u-pA,11,6
UCTQ3lexv90TMg-H2DiY_SCQ,20,15
UCTQVIXvcHrR9jYoJ6qaBAow,24,7
UCTTQ9EBEG9LwQdgRKq_vBMw,23,8
UCTTfeKDGCqxot-KfjHptP_Q,28,21
UCTZmwwn0Wd5YsAxw0NZzyJA,26,5
UCTbKSzEamYTYYY_c2yH1fEA,44,17
UCTdMhilGQIL_Cava5S5GriA,26,22
UCTn59lPgFtcfdlajcGPmosw,23,0
UCTpmmkp1E4nmZqWPS-dl5bg,41,35
UCTrAO0TDCldnYUN3BkLmGcw,335,270
UCTu7N4-YzpGIN6Ftsb0QeGA,23,20
UCTyC11PsbR-CMXSG9M1na1g,18,13
UCU-v9qUrjMN5jsa5wO2CBIg,24,18
UCU0k21RR-k7Zxil6KMs5nsw,33,30
UCU0zC0L4o0qOos83NLhK5ug,51,34
UCU5AbNuMPGB491GcqXuzwKw,29,24
UCU5JicSrEM5A63jkJ2QvGYw,31,0
UCU5eV0c0SE0TMXrV8P94jAQ,87,64
UCU69ROL7juUiTZVs5PsN55Q,95,73
UCU6NYyAUa60rTABMxBhOVig,25,1
UCU9pX8hKcrx06XfOB-VQLdw,32,22
UCUBIrDsIVzRpKsClMlSlTpQ,20,0
UCUBSTJf4MSrnohk1Ghc4Pcg,27,17
UCUFJO5h2NuvCykRJUIkd7oA,36,24
UCUHW94eEFW7hkUMVaZz4eDg,53,48
UCUKxvWVo8lmRXkbTOkqUhGg,30,21
UCUL5z6KvrvcUrH7YVW60l4w,27,6
UCUNkaUjhRArzU4Tm_TPSDlg,31,0
UCUQw5JQgxAXcX1SvixOIH0w,24,7
UCUTOwFZ5grVnUMvvleA_JMg,30,17
UCUVa51UA_690sEKyRbHb-5A,18,14
UCUVmgle4npABEDrp0M3W5Ig,24,19
UCUaT_39o1x6qWjz7K2pWcgw,56,15
UCUeqBmTJuzo6Tod5qr_Kt5w,39,18
UCUhFaUpnq31m6TNX2VKVSVA,15,12
UCUmC7gXciukRv73CQRQ5QGQ,23,12
UCUmGg8gWrksbMAE_jr5tbjA,21,2
UCUmV8nJBzRDj0a7G0EQdDSA,17,13
UCUrkOmXvcHOX4A1ratGe5Wg,19,17
UCUs8sGiP4avNaYNVO22INhQ,29,24
UCUtgTKF1KW8JeN6-kFOSwmA,17,15
UCUvvj5lwue7PspotMDjk5UA,46,45
UCUyGEgRT5nv7BawQc-_jOSw,27,8
UCUyrh2YiYgrZKbU3JILXKyA,25,17
UCUzqqqpY_kYzcc4rAHTt1iw,72,50
UCV-yCAXMS-nWrHtORuDfSuQ,29,26
UCV4c4hulnbuVPm-mjd3AFjg,27,6
UCV98XLgRrqS7ZvoWjmBb1Ig,33,12
UCVAYy7_zddIx6USjXscV9Vg,26,14
UCVH50QVYHQ1W373tNpOqKrw,8,5
UCVHxJghKAB_kA_5LMM8MD3w,19,17
UCVLbzhxVTiTLiVKeGV7WEBg,3,3
UCVORTRHbXA45EHTCK8i5joA,30,4
UCVQJZE_on7It_pEv6tn-jdA,233,207
UCVS0xBpOtXBAl12rdG67-OQ,29,24
UCVTQunGrE3p7Oq8Owao5y_Q,19,18
UCVUgjaDIy2i2LP4Dw0fCYJw,26,20
UCVWf4JNrMuKz3Ugjb4dP7TQ,64,52
UCVaQwUU0NLkBeO6m7_j2U2Q,30,19
UCVbBtdw-_SCqGDs6-_awaDg,24,19
UCVfwlh9XpX2Y_tQfjeln9QA,48,40
UCVjWIUtdNizm-0eFyzhAj0g,59,17
UCVpWDEFirsEfz2WGJMVd4mA,43,39
UCVqcIL9ver6C68f_q6t4kMg,25,21
UCVrEHNmwOcTM85daIG6PSVg,24,18
UCVujWH99XzUbQ_re6leOdPQ,30,18
UCVuuI7QB8ViizzVAH3L_H7Q,25,18
UCVxR8M2OeHf4BdKzzzpz83A,22,7
UCVxczb2wUx9sVWXT2OHAN6A,13,12
UCW0xEGHTgwZVhXGLVcDoEOA,36,31
UCW2VhxXe5jfPShIE8vz4Qwg,12,3
UCW39zufHfsuGgpLviKh297Q,51,48
UCW3otcZucyNZvzmFWd0VbtA,29,27
UCW4kB4e8hD1n9AxEEHaI0rw,25,0
UCW5677agcbt6lqj5RZnZLtw,31,23
UCW5BaXolL-jh1wAmZC78leQ,24,18
UCW9CXYyHdzI0w8icz4gHi3g,27,24
UCWBWgCD4oAqT3hUeq40SCUw,397,301
UCWEK3RhJB-BkdMZ9fiROVAQ,30,20
UCWEPVo6y9qm3AtG7E5fGfkQ,25,5
UCWGsC1q1o7iZ-4-fLGHop0A,18,10
UCWI-ohtRu8eEeDj93hmUsUQ,84,70
UCWI1AJmkMm_sbTX_Ps8gQAw,137,95
UCWIgJLwHx4jNOtpHQD8OiBg,10,8
UCWOA1ZGywLbqmigxE4Qlvuw,56,46
UCWQDQW0N86BCduhPtXUFXdQ,31,24
UCWQrSQ0wJ3oZshXsZcl_Srg,68,41
UCWS-W2jeV5Sua4sLCB7S2mA,31,23
UCWYs4KqAdayj6oTAYVKDplg,30,23
UCW_V77YU0leiI2LaCB2DCUw,26,21
UCW_X3-IRNdOl9vrZ-zGthlQ,19,12
UCWaOde99oeUVoXbIj3SNu9g,45,13
UCWasbqA48hH_MVnxnloiwEQ,25,4
UCWf64R6hBTDiMBQVpMB_qvg,26,17
UCWgaeTtHCcp-vl7Dc4f1NwQ,27,22
UCWk_6kgfcNwWbVUdq34QMSg,30,19
UCWo4IA01TXzBeGJJKWHOG9g,1,1
UCWv7vMbMWH4-V0ZXdmDpPBA,113,92
UCX1Hh7CvEc3RCUd4NRBWJMw,29,21
UCX5qMbq8Y9h9TOdFhKUhkrw,91,71
UCX6OQ3DkcsbYNE6H8uQQuVA,25,9
UCX6b17PVsYBQ0ip5gyeme-Q,524,445
UCXAQAJ2DNbuk0_XVG4X8b-g,18,2
UCXDPZNH-eEXtrxr5Ert1LWQ,31,7
UCXIJgqnII2ZOINSWNOGFThA,80,65
UCXIKbPYyn91yEIRnsPvt51A,24,22
UCXJH_apV_2TjktPkGwkg0Ww,13,3
UCXJniNhLPJSeYXAfUzexHSA,116,90
UCXOSzGyN3EPZfKE2hujeIYA,32,20
UCXPnZDZY9puB0kIrX7hGXIQ,32,3
UCXUH2dmTnXMSxmJfp4-LT8A,20,5
UCXUJJNoP1QupwsYIWFXmsZg,30,16
UCXVWREy73z87S9LMBnex2gA,9,4
UCXWjM0L5apQKHu8-YQoihvA,34,16
UCXXvOMN_74Jad119ybNce8g,42,33
UCXZTnzvoL4X3saPYsfLwxuA,80,73
UCXbQFmkRRipuQ902JBq1ckg,5,4
UCXdtwY5TaRQX9qzTwBmzAQg,22,10
UCXg4rJUbDP1IP3TmZ9KDpJg,32,25
UCXgoURISTjifYA7CG55xpkA,83,64
UCXgv6qemwooHi71a7-htxAw,27,3
UCXqlds5f7B2OOs9vQuevl4A,116,64
UCXslS997yoJ1w9ZZTCh0Img,27,25
UCXtCobcQRbIk-_sPSJUXzmQ,22,12
UCXu3Qcw018ZNU0qJ3hVn9mQ,25,23
UCXw1ddyrUmib3zmCmvSI1ow,35,33
UCXylA9BrLQzaqCR0wNH_nwQ,22,7
UCY5NDinr2975LghozXAeTWQ,16,14
UCYBARVyitZWkFKovnC2jf2g,29,25
UCYDQnAs-0zs8m-s6BMSnehw,30,0
UCYDVFfp_AN1WBiNwaf9522w,262,226
UCYF32kNlU1t7Q0PedXktyzg,5,4
UCYI_ychRnL7sJrG6PUSBpQA,32,30
UCYJo04cZFlwL3XNnJ8aYtTw,30,3
UCYMA5wEYOl5etySIpDWaNwQ,15,1
UCYO_jab_esuFRV4b17AJtAw,33,29
UCYSMmZnOy9LEy5jhEgMyddQ,30,23
UCYUPD1QyZStSkdRvG9FPQ4A,23,20
UCYWIEbibRcZav6xMLo9qWWw,29,29
UCYYUGTG__Kc_4RBhv7FEolg,36,35
UCYb6v1AlX6prKl83DswM5iw,24,22
UCYbFCdcMfA68ZvJO__zTUjg,21,11
UCYbggI6qVceWa1_1dfH0hMA,19,12
UCYeF244yNGuFefuFKqxIAXw,82,72
UCYenDLnIHsoqQ6smwKXQ7Hg,26,22
UCYgL81lc7DOLNhnel1_J6Vg,86,67
UCYoKN0FOSrHo1qf4ZqlM2CA,38,10
UCYzEMRKqrh01-tauv7MYyVQ,27,17
UCZ-zUkkdNTYAYDgkDyeb_hA,24,13
UCZ3B62fbP1eBhBEEoH0YxZw,31,26
UCZ4AMrDcNrfy3X6nsU8-rPg,151,133
UCZ9JyVqKfccAyY1v5kc47-w,52,23
UCZAc6j2gnLgbVtvZ9F_biQg,26,16
UCZDCkQWcA3fh8rvrPXUb16g,33,28
UCZFMm1mMw0F81Z37aaEzTUA,24,6
UCZGQTIY_ompQk2GeAhRpy2g,17,12
UCZSKX0Sp81Btp0taUTS7CAA,15,2
UCZSlfzadjnw7G419c_OJ9eg,85,69
UCZT6sGZLgx345xFuvSWxaoA,39,24
UCZW5lIUz93q_aZIkJPAC0IQ,25,16
UCZWlSUNDvCCS1hBiXV0zKcA,21,20
UCZYTClx2T1of7BRZ86-8fow,150,136
UCZ_sh7Adgm6BqnnK3elBErA,54,28
UCZaT_X_mc0BI-djXOlfhqWQ,52,46
UCZbDycYPRMKxFiEeBTAcmnw,48,43
UCZdrY6BQMhjUdHX3moWVKWw,38,2
UCZgt6AzoyjslHTC9dz0UoTw,27,25
UCZiCgb0Ci1jDfNw9sbrHNUw,9,0
UCZnIrAaCCofirZ8xSC9jh0g,36,6
UCZobTxGcMQfWEJ3Di_bYycw,25,17
UCZpvLeZDtm8mmmvwgBrNVyg,75,51
UCZrXbiKCUkRNd0Dgn3sDXqw,17,16
UCZtoHl1p6R6_iLm2yjA9gew,14,6
UCZvoUuniFzmOjfBt67lNsEQ,29,19
UCZw2iqBZShBxWy8r1fwqP8A,36,25
UCZyoOijdUvzzd6xyRwac9CA,10,7
UC_0vAivjbJUH6RShuK8h5Mg,30,18
UC_35hRJlT4PEmvFCcU6l_3Q,63,50
UC_7QMZFw-6tCGRfvFOlogNw,25,3
UC_7vFlErTHxVD-IFNB-BFCg,18,16
UC_976xMxPgzIa290Hqtk-9g,21,12
UC_DtZXGLt74sv8EV1Covp9w,29,15
UC_IRYSp4auq7hKLvziWVH6w,34,22
UC_OJauDTr39a7rF1hvqnWIA,54,43
UC_Qcjmf7vL19BYW_bHYSfAg,28,21
UC_RovKmk0OCbuZjA8f08opw,25,23
UC_ViiQBrIqBK6Jd2fs8UU2w,50,15
UC_aEa8K-EOJ3D6gOs7HcyNg,70,43
UC_bXJnsgwOqEPA_-6N6faKw,12,0
UC_fFL5jgoCOrwAVoM_fBYwA,23,13
UC_gUM8rL-Lrg6O3adPW9K1g,342,290
UC_hr4utPQ2Y59Y5v3sPG16Q,30,20
UC_huoGvQQc8tAh27gR_MdjQ,17,9
UC_oMKGSjJp838-WKqp0phiQ,29,18
UC_pwIXKXNm5KGhdEVzmY60A,23,9
UC_v7EPbixFI6xC5MgCHjo8g,32,12
UC_vz6SvmIkYs1_H3Wv2SKlg,21,18
UC_wCbFZHCh9amfaXXI4yq_g,47,36
UC_z1-SiJKvvBsFb95eT9JwQ,22,18
UC_zEzzq54Rm0iy7lmmZbCIg,45,21
UCa-aGbqYQA8kAJy94v9yKtw,24,13
UCa0oRkEafAO4Otb-_aFXVcA,19,0
UCa2Nr1Qm93k07VuwEXCnrog,6,1
UCa4a-hXHI8bitNXnvyZNzEQ,30,19
UCa5R55NSXiWAZWi9997XYvg,20,16
UCa9siXYE9McabZSTOkhnUtg,12,11
UCaC4prHJ6uWSIKyaEvfU00A,62,39
UCaDBRJTQhIg_QhCkW7SxWGQ,33,28
UCaFGDBmGK_jw66u3av2Ysjw,13,13
UCaGEe4KXZrjou9kQx6ezG2w,86,67
UCaKZDEMDdQc8t6GzFj1_TDw,26,22
UCaONRNFNqn96eE58GD_UylA,18,14
UCaPu3LJBU5w_ghFUMeko-nA,19,17
UCaUz5kEkQCTh29pLJH-gjVw,30,17
UCaWKoo7s6UWWBONZQZUOqRQ,34,29
UCaXkIU1QidjPwiAYu6GcHjg,49,47
UCaZ2jG4qd1vY-Tkwiq9FBlw,25,24
UCa_3ly2XPt-y3tkkEtGfpCw,19,12
UCaaoXEItXBzJJtjvSfXx_CA,30,1
UCad9ZgDkH6Kq7oiM8rkaqAw,24,18
UCafEZMU5s8geb9oIly6xTrg,20,19
UCagiBBx1prefrlsDzDxuA9A,27,21
UCahRghBkidF24RvCXLL4ezA,18,7
UCaiL2GDNpLYH6Wokkk1VNcg,17,9
UCakAg8hC_RFJm4RI3DlD7SA,24,22
UCamdvUq4-BoneYsHZt0Agrw,75,62
UCaqcvH8EvUtePORpN03jLMg,30,23
UCarSZcFQ6-0eqZrAG4pKoMA,86,63
UCavUx5z-IziOIxbsK_Ah7ng,22,20
UCb1GdqUqArXMQ3RS86lqqOw,15,13
UCb2KzMTnUAoPraHjlsagZOg,28,22
UCb57aRZr3KsykS_wNsD5Ptw,87,58
UCb75PJZ4oUf-6ctnDov15aQ,37,2
UCb8vrqP8Z7Oz9ZTYvUtjUHQ,24,20
UCb934vQ6fg1JZQKvkCQ_j-Q,20,13
UCb9A6uotqUiuVCvVp4GMqOg,59,30
UCbAlVnKhbGLK78GsSemQXxw,51,43
UCbAwSkqJ1W_Eg7wr3cp5BUA,22,20
UCbDt6x2bir9DvSc6Lua-Wog,27,19
UCbKWv2x9t6u8yZoB3KcPtnw,29,21
UCbLhGKVY-bJPcawebgtNfbw,22,17
UCbNcr0Zb-BnNrAXb7g9b_GQ,20,16
UCbPSQzSdy20ePVpUyRPdj_A,23,10
UCbRP3c757lWg9M-U7TyEkXA,24,23
UCbVFWdsuYErQacj-X2dth4Q,27,0
UCbW18JZRgko_mOGm5er8Yzg,56,32
UCbXgNpp0jedKWcQiULLbDTA,30,21
UCbY9xX3_jW5c2fjlZVBI4cg,80,73
UCbZyma5GjryWeBnelqIpJGw,22,11
UCb_ilU-RAbFstaVvYrTA5kw,19,15
UCbaGn5VkOVlcRgIWAHcrJKA,27,25
UCbaZa-dV7h9QOLzrzrY363w,34,21
UCbabUTCLH4kSJnoFl5RhbtA,27,24
UCbbXg21dyATWYJAJV2eKUdg,23,2
UCbc3_Q6R6kFvq4o9afJoVdQ,24,14
UCbemw7xLVdqukJJR6qm4AMA,1,0
UCbf760lHTElhPrG4kyI7twQ,25,21
UCbfBFlMglqjaSIIRzTivB2Q,58,43
UCbiGcwDWZjz05njNPrJU7jA,21,17
UCbiNMBd57pgETEFbiDSa4yQ,15,1
UCbjG74k_QkVxYkniXajlXsw,57,10
UCbjgKwnWnGG7sKCPTRgrFcw,12,11
UCbk_QsfaFZG6PdQeCvaYXJQ,25,24
UCblXhdsPTSO63NhHZlNJvUA,22,14
UCbmOgzvvDg60mXGm9t9Ad5Q,82,73
UCbmRS3i-yPQzsz2B5EM43hQ,65,37
UCbmTWHgTCBRHKdzfYVIY6VQ,40,31
UCbpAbeTSSyYoCNSXIFWFSRw,22,13
UCbqcgYtWRNbiRQn179Be59w,4,2
UCbryyDwitBwoTGsfNkTlprw,10,0
UCbskUSc4HGQf6g_cPzq_Rwg,26,16
UCbzxpRCGBvgIdI4PrO-P0mw,27,15
UCc-Yj3lMj3s_n1tqcGIzQ6g,21,14
UCc35WvHmQjLE8NN4Y_ITmUQ,29,25
UCc3Oeyd8Z00K8YrW6I-9v1g,7,0
UCc5dpUKLcZQQaDxMB_nYi5g,33,24
UCc5vZEM1MLUzCrg_aZIJdeA,30,15
UCc6Waxx9PybeXiF_xTx9g6g,26,15
UCc7gpqMnnOSbU_F2-5MVVZw,27,9
UCcIyDrEllzVSGod9djI6y6w,34,4
UCcJQ96WlEhJ0Ve0SLmU310Q,26,26
UCcJcLmalpzHfE5-qNtMujVQ,21,20
UCcJyQ5dihoKAKwk2aRi-CQw,22,21
UCcKwYjeZl4ceDqkH62_DKJw,24,15
UCcLeOkD84a4nIvQYMj6Fw5Q,21,9
UCcNPbOeFo-qM0wpis8Lwdig,22,18
UCcSNcvoslI429tBF8FQAa_w,24,14
UCcW1cNDhM6nSM_Rai4WMHIg,6,0
UCcXPEPxkcJId307kh_0divA,24,16
UCcY_4DFaSXdZk0hKolzIitw,30,12
UCc_M0OhnIMsfDdbS44n-YzQ,30,24
UCc_bMCfOWdFe2jweTBtHhWQ,21,19
UCcaEVV7A47J4k9GFcqOOYkg,33,13
UCcd4iyTC0KkHPgfJmcDY2bw,26,22
UCcf1t1tH-Pp5bmu4hbAytwA,36,30
UCcfVrE3mmeQZ_RN3u5cUECA,22,14
UCchBatdUMZoMfJ3rIzgV84g,52,43
UCchgIh8Tc4sTmBfnMQ5pDdg,34,26
UCchhviX4AbFlBnpJ_0u-caQ,29,4
UCcjVGHwHYVOkuvNEX2UH11Q,27,22
UCck1m7zZdzioiUzqhzpdNPw,38,31
UCckltLEhFLv8Xz_lQhYfwmg,7,0
UCctDQlR34dhq8p3vSKfh8dg,84,15
UCcvczmsieHPRsrpc3v7GUmg,28,22
UCcyOI2xMEfK940Tgwzb2VHg,23,18
UCczR_7pZca8dAljwZCemXZQ,26,25
UCczVGEKd7mlIaEenCdbH93w,27,25
UCd-3yWPyqe1uzAqJcppUWHQ,53,28
UCd-swDW3HCs4LTZhq8Cf7Fg,25,22
UCd15dSPPT-EhTXekA7_UNAQ,55,34
UCd16q6IUlZtKWhqnt3gKmuw,20,18
UCd2KNtfphz8HvYzM4pwtHmg,29,24
UCd4t3EEUy0LUOM4MTdjpNHA,24,18
UCd5hdemikI6GxwGKhJCwzww,111,89
UCd6MoB9NC6uYN2grvUNT-Zg,58,49
UCdA2SVgIp0OPs0-18htMPXA,20,18
UCdABA6CLwAZ5ef_QoqbI60w,33,25
UCdAdcNyKD-OXAVjexM4RJ7w,31,25
UCdJfRd1KqFBzVsJn9tC-JOA,32,25
UCdLIM09vCWUHsvUCmIRnLZA,26,22
UCdLS3nqRXp4lf1DYFm53UEw,3,0
UCdSa5ypKUP3tMUVD2P1Ha5A,39,12
UCdUD6racxisHiSX9iWFcuug,20,19
UCdUl_bahs2CptEdW0us2TRA,108,68
UCdXiwzRdQhVkKWxuUdWG8Cg,26,7
UCdclVw08N6Hyqo3PEr5fx2w,28,22
UCdfbgAEwn8tRpseFOaS2NZQ,28,7
UCdi8yQBdBfn1ECu3ayH_TnA,84,51
UCdl3ece6ZfQwsiLbMnh2bCw,178,153
UCdmEIMC3LBil4o0tjaTbj0w,88,73
UCdngmbVKX1Tgre699-XLlUA,60,46
UCdoadna9HFHsxXWhafhNvKw,8,8
UCdpHK9wCO75Pw7kxTfAxoEg,29,24
UCdqFIax7iWc7_fm4-_7pRRw,26,7
UCduf5_5FnIptzDMBJ75ttFQ,33,27
UCdvBex6r_1-i8Sut-mCy2Jw,6,6
UCe02lGcO-ahAURWuxAJnjdA,24,23
UCe038r93Ei2Uq2vHdTArmkw,29,2
UCe1KxviEvkGbkTAcaw6F6-w,25,21
UCe3qto8hTcjXeTEDqngqXVA,32,15
UCe4TiRe3lU6kGVr9S3_2SCA,231,187
UCe52oeb7Xv_KaJsEzcKXJJg,28,19
UCe7AsLJPq-tCqIk6nLtNMQA,30,17
UCeGa-vSdaxefW7sWtkV_K6A,31,9
UCeGvn22v6BDVnE4wRePB59w,21,10
UCeJDMiXb139qrWQxMayqmmg,27,5
UCeJFgNahi--FKs0oJyeRDEw,31,24
UCeOoUjlLiP5qKBozcdIjnGA,1,0
UCeP0-mA85a1UM05qFMub7Ow,29,16
UCeRjueZ0Fud9wumh5T8aU5A,12,1
UCeTDBdYwXw00Euml00SAOrg,7,1
UCeVb1p9-ZgbuNCDpITSfxVQ,44,30
UCeY0bbntWzzVIaj2z3QigXg,167,145
UCeYUHG6o0YguM-g23htdsSw,1,1
UCecAIXPb5KTJz5BFnUzlTaA,26,21
UCedhmYxrEunepeet06l7veQ,19,9
UCejVe2sNPjjvfCXg35q_EQQ,121,100
UCekG9LXAsu0F1TW12oe5qAA,35,19
UCelOyySQMezOEo5DfWk-0dw,31,15
UCenjunBhBhvKjfDAESnoppw,23,19
UCeoU2maQX8JiQ9DTuhOVz5g,20,19
UCepf2rSJI7XMvSN4iP5Wf8g,25,11
UCet0ZrYmw-V_hsGPb7KsiOQ,352,291
UCet_y01v87pE7MPGikjTQQw,34,19
UCew4GaVjAsE5Pxrvf9vAimw,15,12
UCewp2wR1WQK80rBjCxyLmuA,21,11
UCf1jN421MvkLJGO0a8SKe5A,27,22
UCf4iKXL_SJQ5d0qsKkboRRQ,46,39
UCf6_sB2Wl1qHMA9xgCQoB0A,28,0
UCfAfMATkdp1kClTEENP1oqg,43,34
UCfCC_V-j9nmTSHFNX7B28DA,2,1
UCfJT_eYDTmDE-ovKaxVE1ig,26,23
UCfJrdVVcWZMHLC--a4ovLLQ,29,22
UCfK_cpbu5KOoF6qOOQ-vZgA,8,2
UCfQ3dJMtQxPdsR7yLoJR91Q,32,15
UCfQk5qGOEO5cPPDFlQe2lFQ,22,21
UCfT1UNfPy_MVtQ-FYpaaoRw,31,0
UCfYHvYyFICHwHVO9lHwmiig,26,10
UCfZGWKJI5wT81Nsb_VOUlhQ,24,22
UCf_6wNttvdZzV6Y9w-HX32g,25,15
UCfbqdAYRKCKS3okHg8VhpIQ,30,23
UCfdI5E2F4r-rvwdqSy3vdbg,31,21
UCfdNM3NAhaBOXCafH7krzrA,25,22
UCflPux62TDLc_SiRsLZYIGA,29,27
UCfnEmDUWC4m0k-tDDGVM2Uw,28,27
UCfpC0sas2CVEs2ua1SwSGLA,16,1
UCfpQNRZUpg1S7TePCrDlBXA,23,18
UCfp_ObeA877WJcsrQ2zKyyw,24,0
UCfptHH9wJ0ZwUOF0uJcZw2w,18,6
UCfqI4vaaO70rqTFkESj99nQ,19,18
UCfrREf-q6PbTxNgsB5XAp6A,34,17
UCfrd3BAfIxnQurW6onoaY1Q,25,18
UCftwRNsjfRo08xYE31tkiyw,122,109
UCfu4y0dhh8STmiQyvfk4t4w,23,18
UCfwE_ODI1YTbdjkzuSi1Nag,49,44
UCfxNjlPAfbtKe9u0c6mhOHg,32,21
UCfzP_CiebRdveD9rRZv5Ndw,7,7
UCfzdwrvkTuoBqQDpQVC8gpg,33,27
UCg6b--eTCc1ozV92IOaNvVQ,30,26
UCg72Hd6UZAgPBAUZplnmPMQ,28,19
UCg82O1dADLORJsVPUTSOwGA,58,0
UCg8xaLuLPSqDki04Ulo2ywg,28,24
UCgBmZT8C8GdSPDTKmpZFZfg,17,17
UCgCnU-BQNJJJhKbc-oBMpHQ,8,3
UCgF4BmTIR27laD-8HQK0HZw,28,7
UCgFDGnuxli7vIPpj99xCbpQ,18,10
UCgFP46yVT-GG4o1TgXn-04Q,24,23
UCgJTEV-nL2oEp1PxPRN9Ghg,37,18
UCgJgDI5G8PaaVOrLd0Z_Cxg,62,55
UCgKEvLp8DXCTMq4QY6wW7bw,16,1
UCgKkNPU2Ib7_TcyAl8M2S-w,22,11
UCgPeJSMnI75Px4p5sZeIOcg,21,6
UCgRQ1rabw6ai7eRCgQFOoHw,2,0
UCgV-hgprraRb071mumQFw2g,19,6
UCgV0XiAesMW_-P4nkvMdVSw,21,20
UCg_2rtTN4Mk0xQiSUg4VnAg,25,7
UCgaAi6NU71GB0qFp576NSVw,33,11
UCgaw0t5Elj8qIlnjvnBImrw,15,4
UCgb5Cb71XvKXT5V1d2ORVmg,33,24
UCgbM6dslSl_h_UaU3E32tgQ,60,48
UCgbyN_o-Guwpyqfuuz3pyIw,27,24
UCgdVzGujDgKTYPUuia2R0bA,26,17
UCggQRXA6kODeQ16RlAmihbQ,24,11
UCgjFPVezDdWXv6FiYDFIsow,14,12
UCglXlpWjIi95auM3umWWLdw,23,4
UCgmPnx-EEeOrZSg5Tiw7ZRQ,24,15
UCgrHMffytDYdZlvVCuw8peQ,21,21
UCgsTgyATKBhaRzh69swGdIQ,23,7
UCgsX_O4_Zc7lkvVuQ-BpUCw,27,24
UCgyHfURgVpfPzn1n1jSVTRQ,40,1
UCgzDCYjPojwbyQCUQLAMCuA,18,7
UCh-GXxkUCFItAvmkTlbnPTw,158,107
UCh2pESyYhs7ffFE6w9i_zzg,20,3
UCh3Rpsdv1fxefE0ZcKBaNcQ,140,90
UCh3dLwn4Y8K3EaRKcaJthnw,37,31
UCh57HG76EOOhl_pmJTXhblw,18,13
UCh6KFtW4a4Ozr81GI1cxaBQ,27,25
UCh8IuVJvRdporrHi-I9H7Vw,60,55
UCh9IfI45mmk59eDvSWtuuhQ,53,45
UChBEbMKI1eCcejTtmI32UEw,23,20
UChBMeMPvsKA-M3QLgEriwhg,7,6
UChBVf9YnourrEDTsbbwJPRA,13,10
UChC_apOWk6MSl03byUiVZRQ,44,38
UChDKyKQ59fYz3JO2fl0Z6sg,33,30
UChED8xs4xz2In2UhClxkQ4A,5,5
UChI-cTok8fJePnryAd0mTvQ,17,16
UChJr8gb-lKSt_xgSUX-e98Q,22,21
UChLtXXpo4Ge1ReTEboVvTDg,25,21
UChPRO1CB_Hvd0TvKRU62iSQ,18,15
UChQEdt9dBiCkcCch6LyrjtA,57,19
UChSciKtfmRO5YsjZ0MQYMcg,29,20
UChWfNxxWaBeoD7ip-EMwN1Q,30,12
UChX2haJZZJOtIIrdqLPvQWA,23,2
UChY_9WJx0saa0St48lSdytQ,26,25
UChZTy8gPA5do3YXLbF0JG-Q,15,2
UChbVeRtv-cDsM9-PO4Mxltw,31,0
UChdlb6PNmNiv3KlfiMMsoiA,82,69
UChf6xi1WL27OEqLp3wu0q8Q,23,11
UChh3WEYwnNgo34KifbWuLZQ,28,24
UChlT7gVbt6l0C2Q_DLlU4cg,25,19
UChneGqGy_lmvfcR1v_avL6g,18,5
UChpleBmo18P08aKCIgti38g,14,14
UChvK5pQeF9_Ar6XR4ttc8Ww,10,0
UChz9LmLfA1Q2SCx32fYw-Og,27,22
UCi22AHGFBBUmdykTf8AMMfg,11,8
UCi3SR4l-4eX54WYyheuSkXw,6,1
UCi7GJNg51C3jgmYTUwqoUXA,27,20
UCi7Zk9baY1tvdlgxIML8MXg,13,12
UCi7wDE2ZTiR5QYYrUY5WhtA,43,41
UCi8e0iOVk1fEOogdfu4YgfA,19,11
UCi9SqUCnW_flgsrl6_PRJFQ,14,14
UCiDYojuf-S9wwMs98aUGbJw,21,20
UCiJUp_NBW2D_UMQIvq2nlPg,33,21
UCiJcM95iuhvQoGkmz30eV1w,20,0
UCiMbglOfIEtT4-4EY-Ruf5Q,21,3
UCiN4rF5XL_fKYOZkGKtdaMQ,22,14
UCiNFWM5vl3Jyn3NBXxOX7dw,1,0
UCiQLg9dp-ui4YzBWrce9Dsg,26,9
UCiQadjXDPqZPwIX4EXAG8OQ,17,13
UCiVm8XcbwS8-pcDEa5lFXIA,19,11
UCiWLfSweyRNmLpgEHekhoAg,19,16
UCiZ2z8F8ilr6SC7lOaxAQ4g,52,47
UCiZC4ppUa90nhv4b4-WiZ5A,23,13
UCi_iNBqvBJJ3oT2oroRdZrg,33,26
UCidiEXdWtuFT6DH3RYiUs3w,57,1
UCifnFdTYxNT-3WZo5krqGLQ,27,10
UCisy6taOAeLfyaCqcMQDfig,76,69
UCixD9UbKvDxzGNiPC_fgHyA,21,14
UCj0sKQk9qjiIfNH22ZBWpxw,119,58
UCj3EXpr5v35g3peVWnVLoew,29,25
UCj4sx4C9ImPJpACdoKW0OtQ,23,13
UCj4vWvd9COCwHgS82TrrPlA,24,16
UCj5K5MThs1DpTWIG6AOVPBw,28,21
UCj7S40KeV1AHEz9CEGNJ34w,23,9
UCjBktdjpQkkf7BHsgISs55w,2,2
UCjD_dIlYBil51LU42cl3EkA,27,20
UCjE9oosITb_DAI8EMcsQ5TA,23,8
UCjElJyiXmQXnWmceQ1JyKrA,37,7
UCjHWv2DU5-HLpogAAr386DQ,35,27
UCjJHHCyCSX02-LGlEr1BKLA,27,19
UCjLKJaDRNAeM0QhfK1yBibg,21,16
UCjWgFEwDOOTVQgVo1yZ8-5A,29,23
UCjZ2GbB_-JHFLKUZAn7jDjg,25,0
UCja8sZ2T4ylIqjggA1Zuukg,23,21
UCjcQ8xYMDg_4-dgKQoHrNmg,12,4
UCjmJDM5pRKbUlVIzDYYWb6g,29,17
UCjo1uN-aM3rmBV46xj7l2KA,19,19
UCjoQwR3riT9mNSwC5A6kRgA,17,14
UCjtUS7-SZTi6pXjUbzGHQCg,18,18
UCjtpP3jb9LOpbGxdNQhk3Qg,11,10
UCjwlodArwCSio3JCWUOK9Mg,26,18
UCjxAUYz6RxbcCYlNZnZcwKQ,37,31
UCjzi56cxvmEDwjo1Bd2Yxpg,38,36
UCk-KURTfguuNATLwmgIk5AQ,36,16
UCk19iYDCu8aV_KTDdELiucw,14,4
UCk1HnZpqA3HDHkiAbMnGFaA,32,10
UCk5TtU79zpTNmQrSUUIm25A,28,18
UCk6ONJlPzjw3DohAeMSgsng,1,1
UCk7DcAEWN8dna2A_KYSSslQ,90,63
UCkBmM3F-oX8YfyfBpc9yKJg,23,23
UCkEfuaP1jl_8M0eOcia9WmA,16,13
UCkGaVPpI3NRWogWB54GxO8g,37,25
UCkGvUEt8iQLmq3aJIMjT2qQ,20,19
UCkH6-sgIxWjGb0kAaybyzew,31,30
UCkHASsLOHuddMTzARove3AA,42,6
UCkJEpR7JmS36tajD34Gp4VA,51,44
UCkJz0IjpFA9IYA6wUPyAQIA,27,25
UCkKDpnzIG29MA--Sh6oOtWg,43,0
UCkKeG3Vz6R0JZowsYE2hMHQ,62,2
UCkLNHZZsC3LKdUAroKNwOOw,69,14
UCkMrzpvOdM2Ndc21jgbj8NA,29,7
UCkNRdK0q5KZssogiS--R4pQ,33,29
UCkQO3QsgTpNTsOw6ujimT5Q,27,19
UCkSMDOtrKr43OGSSmKnx6tQ,15,15
UCkZu0HAGinESFynhe3R4hxQ,31,16
UCkc6y6DoQ9vNMnSlH-8gw-Q,25,15
UCkcqmxjMXaBb0kDWqqSEU1g,38,27
UCkfTm3HfC4Fqr5dTPJHc9Fg,18,16
UCkjOy-CyP1EKwB5wDdm21xQ,31,8
UCkkPGKGkioMO4J8PEbfpddw,92,61
UCkkWiZ59-JghPsbwbIRVyRw,21,7
UCkka5j2ya5biR4oBGlaZCmQ,37,22
UCklS5HHfV3qVfLgAAKJIepg,54,19
UCkmLpbIFpQS0MOJr0FOY_nw,45,15
UCknLrEdhRCp1aegoMqRaCZg,105,88
UCkonnVOfk_KQaYa8qeAGxQg,26,18
UCkvLEcEHQ1TGvRZW-lwh1yA,26,19
UCkw4JCwteGrDHIsyIIKo4tQ,138,126
UCl-eRTiL9VOLhXhX_RT1gsw,18,14
UCl0L4ecl2ipGTVLp0zz8Puw,23,19
UCl31nh9FGrKKGjKn8uaOasw,23,23
UCl71E6OK8g7nQsyJv-6Ml6w,29,0
UCl8TEoIOnMq_5ntJOYMq-Zg,63,51
UCl9yvlcKLCImWlthDVVwS2A,26,10
UClAloP4xff1FZHBFXfj9emA,28,10
UClBoSG6JnFaxAmqmI5cuK_A,45,31
UClCe18fwE4Gtr7vgqka1Zlg,17,4
UClDVWIdbYk0mCnL9nkRHSxw,32,11
UClEaLQq1OzzfkLF4-0WSdrQ,25,22
UClIZMYiXeR4BSBFoqlgugcA,33,24
UClOcsq2eyhAf5tisO0evIdw,39,8
UClVrJwcIy7saPcGc1nct80A,24,9
UClW4jraMKz6Qj69lJf-tODA,23,14
UClX4cj-L_4Q-VQ8k48w1LGg,8,0
UClXIE26CH8oyaIX5a_vpPJg,17,16
UClXyQldSV7ZAzW5fH32FWlw,23,13
UCl_7TcFxC6XNZOVmJClCUEg,35,23
UClaXaq9QJLwnCr-fMX17I-Q,28,4
UClavAb2T4kVNj-I_5qKw8sg,24,16
UClh7Lmy4FDnPMIrL4sSNYLQ,191,119
UCljz_M6NK7ASp5u0t2ImfiQ,80,66
UClkUhTjFbQbtGfS14h9Vw5g,30,24
UClu474HMt895mVxZdlIHXEA,36,1
UClvgyQvIplPQU8N73vPlFUA,31,16
UCm0HJFN_tqEJTWayKsbcHng,16,3
UCm1dsgJNnhaLkY3uAdqN4mA,32,23
UCm4--U6UJnI1taBnkekOlxA,22,15
UCm5mt-A4w61lknZ9lCsZtBw,17,16
UCm5wThREh298TkK8hCT9HuA,9,3
UCm9VBJnCWbtqWeg5EzXH-PA,23,20
UCmCCTsDl-eCKw91shC7ZmMw,37,8
UCmDOChfahA4gZU3WoRriNUQ,25,6
UCmE-SU-4kME5yeLeiR93OiA,4,3
UCmFVeAWxiBM9wkS1OeJKhUg,21,19
UCmGSJVG3mCRXVOP4yZrU1Dw,22,20
UCmHzCFgOiVlZVT6ppYi7CpQ,71,33
UCmJWxL-S_cGLXsbx8vhbq9Q,47,40
UCmOA7RzdvNCI3YbKWU14-4g,30,7
UCmQ7nUqeKBYeZGkLKNK2aKw,33,18
UCmRtPmgnQ04CMUpSUqPfhxQ,3,3
UCmS75G-98QihSusY7NfCZtw,27,4
UCmbF1cyNa6y7uNYiqYmSVJw,32,23
UCmh7afBz-uWwOSSNTqUBAhg,23,21
UCmi7CahP3G3YySOAFOfSnkw,10,7
UCmihriEKTDg-YkJ1Hn49gsQ,25,15
UCmjcipK4ISJ9ZGYXVflyDmw,3,3
UCmjeWRE9boeZfWFIT2cMsvg,26,10
UCmlWSK_3tx1hEGswvKGnYbw,27,18
UCmmPgObSUPw1HL2lq6H4ffA,56,39
UCmnpMr4Md5CgZ5MdlghTYqA,47,43
UCmuqCD1-z48_-9KtDTHbQ5g,28,28
UCmv6kmr0gJltiqlu2AtcLHA,15,9
UCmvBVmiTrR6qlG2Merzx6tQ,28,13
UCn1USB9-5UqKJTSHd1JGcVw,2,1
UCn2YKsCiDpL3UjxIm4-RCoQ,15,14
UCn9W4PujTNjq4C_vlOgpyow,32,26
UCnDl1lJkp4KgEbJKLnVLPjQ,37,15
UCnFmIxjxfZsMLaTskyrRSfA,23,15
UCnI3TuOg8D3SCRPW8ET4EAg,18,16
UCnKmL-bJY3_qc40xqbo_4HQ,1,1
UCnLG3faqJVbi2BsvMS87Kng,22,20
UCnMn36GT_H0X-w5_ckLtlgQ,95,87
UCnOtD9H-cffACLfOJdk3cRw,21,11
UCnPjVVu__eOVZnAnjBiGhKA,28,15
UCnSDZWM7akmbgbwdECSPpow,4,4
UCnSR7_Oq-MdsZxfogsfk-Ug,23,9
UCnTzym6VmmyDiVEOnBIFfsg,24,13
UCnUqX0KIAu3svfrlkrYaZew,21,9
UCnXQ2UmtPSvbhD8E-jllazQ,2,2
UCnZixomZ5A25EUR4J4UBAag,28,25
UCnbIcS2C2SrUuDV7NX8mvRg,31,19
UCnfrIHGbtK7OSTYMS-zcOeQ,26,23
UCnhb2ElBlkFiaFq_rgbkDfA,34,15
UCnj-zykC0v_6LFxf5WndmwA,44,30
UCnmFy6kByDk4WiQ6gOIIFug,90,60
UCnnQ3ybuyFdzvgv2Ky5jnAA,92,77
UCnobTPLeBxWHurWHq8jzsnA,29,11
UCnsmVWGrFH4uZJ2MGqLlgDQ,28,22
UCnwUjPK7dXety-AJ4fNw_RQ,27,24
UCnxGkOGNMqQEUMvroOWps6Q,27,25
UCnzDWHTbEE5UWd3WuQAX6zQ,91,77
UCo-nxhA1c6OfgkZLb_x_zKg,15,9
UCo3Uz96PEWjZCLiRiR1qY0A,27,6
UCo621I_M2ojC6EK6xgZk3XA,29,12
UCo7a6riBFJ3tkeHjvkXPn1g,32,29
UCo8bcnLyZH8tBIH9V1mLgqQ,84,73
UCoJNIIiyO7LqVLdLXuBv_Kw,27,16
UCoK_woRkWBbkQ1L7wc-O2bQ,31,9
UCoL68NLLSUQqEDwMZPvrdEg,68,23
UCoL9102qjP4fMOCw4Hj1A4g,29,16
UCoMdktPbSTixAyNGwb-UYkQ,38,31
UCoMzWLaPjDJBbipihD694pQ,86,62
UCoORXcc2eQHEea-c6XoF64A,4,3
UCoOae5nYA7VqaXzerajD0lg,24,21
UCoOss5XiPpnLHGmLrBvNkJg,22,19
UCoPHzo6P_19R2DqiWDLIAtw,17,3
UCoQ82DJKX_kB5YTNBeYN-eQ,27,17
UCoU-uvuKOMfd8g8iFONan5Q,33,22
UCoUM-UJ7rirJYP8CQ0EIaHA,69,26
UCoV9RwQUEBZJX6EvP_s9XAg,33,1
UCoYPt6E_mUCXKM8e3ZoizCA,40,32
UCo_IB5145EVNcf8hw1Kku7w,28,20
UCo_sCO2CnxerFBIXCtdWi8A,54,46
UCoamPiVrts0-qXQNnTn5jEw,25,4
UCocx9hVUvgMMNupSEaD2GAQ,29,20
UCogNMtzi_CJwQkYtS30V5FA,16,4
UCoh-C01mA3H32unyTAOF0NQ,24,8
UCoihrBTsIlpFnTkJFU-kdtQ,5,1
UCoj4dX_MBHfO3OoOw8MMMbQ,29,16
UColWnHpgYPbb746xFSc_6wQ,20,17
UCorVBcR89wztpz9-dtz_nww,29,11
UCor_kFLwhSPubDOkuFFWNXA,15,14
UCotES3U7njuiKdCsGMhPT4A,1,0
UCow_f6rdMDzN2jBcHM-6sKw,25,14
UCp-IaqOaxH7OLYFb9FEHK2A,22,11
UCp-uaoJ9fD4o1wVnGAcK6XA,3,0
UCp6_KuNhT0kcFk-jXw9Tivg,31,9
UCp9UFnqm9oUr3U2GSNKBuew,25,21
UCp9fdMyEgqyhoZjUynb905g,7,6
UCpF_Q1Mr-KS_hsTNEu4oArg,15,10
UCpHWNd83s0a--p9myDq1Hfw,69,37
UCpIn7ox7j7bH_OFj7tYouOQ,72,72
UCpJtpB6phQSmGYqXwHMoW3g,26,9
UCpM3V4rrrwAq2l5pJ6v7A1w,31,8
UCpMNCbnIjxci0LUs4MVqFdQ,3,3
UCpMcsdZf2KkAnfmxiq2MfMQ,25,18
UCpPwodiYc4ceaqEBB54trHQ,23,14
UCpQyvmKsmErzFlYHH4UPcHA,27,6
UCpVH3AFcRbAri5OAUsYRZDw,317,30
UCpVm7bg6pXKo1Pr6k5kxG9A,136,87
UCpWP1zLlQDxaBQ_3DKg0ULQ,27,24
UCpWaR3gNAQGsX48cIlQC0qw,28,11
UCpYF_3dMxbTukeCG2GsgPbA,168,123
UCpbClyFMuJQJJH7skfiVeQg,109,78
UCpcuN4m4C69XMzGd8QypFYg,16,0
UCpeSv0N9tbe2V5fLMVrlodA,22,17
UCpjlh0e319ksmoOD7bQFSiw,8,8
UCpkMFmLkbaPwyBLACCnnoCg,23,9
UCplqZF_Lb77bi3eUsczSV1A,22,17
UCpoFTd5pm7T648WQYGDgjjw,13,3
UCpq2aZ_la87_eNCHTurQQNA,31,15
UCptwuAv0XQHo1OQUSaO6NHw,62,57
UCpuT8AlP9P9EgW_pZ0_xInQ,102,69
UCpvCCcbe2Grs0iZ2RScez6g,19,13
UCpvyOqtEc86X8w8_Se0t4-w,33,32
UCpx_k19S2vUutWUUM9qmXEg,57,26
UCq-Fj5jknLsUf-MWSy4_brA,53,17
UCq0grzC77X9UZd9xngQRTjg,27,26
UCq46lKycfqrBtUPTxUk_NRQ,27,10
UCq8DICunczvLuJJq414110A,27,12
UCqD1vWlpai9SUvfNfzVvUqA,32,30
UCqDOgbuIkgseaGA8JZsLffw,57,50
UCqFhfan_P2AmGVB1X2B-3Aw,31,3
UCqG3b7ktKbW_G6Zv0T6yiaQ,46,13
UCqIhj9E30fxRF-bL9gtIsUQ,23,22
UCqJ5EkPzmVHTTrrHtmgWeeg,23,19
UCqQo7ewe87aYAe7ub5UqXMw,58,48
UCqTwKvjbTENZDGbz2si47ag,24,14
UCqUGJJcQoXIZI0STu44JT0g,15,10
UCqW8jxh4tH1Z1sWPbkGWL4g,34,26
UCqYw-CTd1dU2yGI71sEyqNw,16,2
UCqbOeHaAUXw9Il7sBVG3_bw,59,42
UCqdjA0jxKFhUzUAe0OiWUzw,27,23
UCqfQLEryIx3r6OP2VhyNWQw,27,5
UCqlsXJpAOICV20pxH2knYXw,24,21
UCqoAEDirJPjEUFcF2FklnBA,57,50
UCqoGR_EedlhKDVuWNwYWRbg,30,27
UCqos1tl0RntucGGtPXNxkkA,48,44
UCqvaXJ1K3HheTPNjH-KpwXQ,20,18
UCqyBfm_H9ugGirk1ufYA2YA,1,1
UCqz1Z9I6GY0q0xvUnLqGHOg,25,14
UCr-yZBBIzqOkcHjmAF7YR7A,30,17
UCr546o7ImhGM57qoY0hHvkA,7,7
UCr57uNlkRtWt8IqMOvUSYKQ,35,25
UCr5qeBG9g7bGtMGyHG2GzbQ,26,22
UCr6Bv4M4Jsec9Xrc9lBOT7A,57,40
UCr9a47pzGZNAUY5srcczTAQ,30,0
UCrDcofIg9AJ3Ky3BGuMnqqw,28,25
UCrFFy9BMtlNsg2wsa4XbTPg,19,10
UCrHQf1k-GtPByMHRsJjxO5g,28,11
UCrILBI7SUyvBCeoJxFpJNhA,17,15
UCrKTle4swI2H8V02FLtO9PQ,20,13
UCrLar1K8tHn5Lg-cAm_5Kcw,31,16
UCrM7B7SL_g1edFOnmj-SDKg,5,2
UCrRpYEytIHGyDgNWO6VbHlQ,13,8
UCrSL5o7eTh5techsNfVVOfQ,30,20
UCrTFPf6rq5OUSWb7ILW9trg,57,54
UCrTphLe4-fZY3_jExXwvDaw,20,5
UCrUTphxarZzISDiXFsFnUUA,34,27
UCrUWAHwPl7vttqBIPF9ZUxQ,60,48
UCrXzMVbjcaVvVtihxNpBvMQ,28,20
UCra5tzbQ7y52Y8crzjw0Z2w,27,11
UCraiFqWi0qSIxXxXN4IHFBQ,54,50
UCrbGXkoiC7DPoTU4DgYnvfA,23,18
UCrbLDRbD7EmERikOq3_7f3A,38,33
UCrfaLdVUAziZq9_yRFKYuIQ,28,23
UCri2vpzFkOaNNfG0uGm2nMA,20,0
UCrioNC6jxZmDMwqtC5rN-Tw,31,13
UCrkKeDYNCXu4BDY_0h67d5Q,26,11
UCrlIS7z20CnVaCrMvdkig_g,81,47
UCroIgxbjoAkAosWsfi0bgNw,24,13
UCrp_UI8XtuYfpiqluWLD7Lw,46,34
UCruQg25yVBppUWjza8AlyZA,31,27
UCruUAAgi8FPOEhV_6nxD0ew,181,11
UCrwzY_i2KJdKMPHGdtwzG9w,25,19
UCrx5pVziMo1qzF8isicR5SQ,28,5
UCs63uwXA_s2ww279MOaXeZA,26,16
UCs6ZQr6vTKU83dLhTABrN4g,39,34
UCsAtSubtzDCbWqPcYlBHA-g,26,17
UCsBjURrPoezykLs9EqgamOA,252,209
UCsDTy8jvHcwMvSZf_JGi-FA,23,17
UCsDnS4kjqUkEgcdp4R2TAew,5,4
UCsLF0qPTpkYKq81HsjgzhwQ,61,51
UCsLo154Krjwhoz8W00N8ItA,24,23
UCsMica-v34Irf9KVTh6xx-g,4,3
UCsN32BtMd0IoByjJRNF12cw,58,54
UCsT0YIqwnpJCM-mx7-gSA4Q,171,135
UCsXVk37bltHxD1rDPwtNM8Q,225,185
UCsYDA8aP_UqKeP_Xn5BOy1Q,31,12
UCsYJZHxeliV-nmf6fjsoc-A,28,24
UCsYLXBQ7RaagLd45glOwGAg,23,1
UCsYW6Rl1rmrdEiDFKIyYzGw,47,42
UCsaS5aZjlJPJCzNwjEc3waw,33,24
UCsaYKdGyEV_4KIVGtekpZSg,32,18
UCsaoxVZ4JEnBSE1iJRNGrzA,30,17
UCsix2fSnlGKPbQML3ocXlVA,6,5
UCske8PIaYjaPH1yBr_JojwQ,31,27
UCsmXiDP8S40uBeJYxvyulmA,21,1
UCsoMNUy0dPoFRAPcOjvdLTQ,29,23
UCsolMy8fNfkCw9lf8zc97gA,31,24
UCsooa4yRKGN_zEE8iknghZA,322,260
UCsqoUqiKajSIn__sNlOQY3Q,37,2
UCsvqVGtbbyHaMoevxPAq9Fg,467,379
UCsxJ9QfYa6qRbSA7TYnxk1A,12,8
UCt0SMZB-AHg4_KKsccj4j5A,2,1
UCt7LW9qkbk1D1sp9nIIqNMQ,30,15
UCtBAlQkiTnjqzkSmO62iDvA,45,39
UCtBLBiEGfvSBu-kpvhCq_Rw,26,17
UCtBp5FUvxIQV-3Dn4K_43-A,29,16
UCtEgLf0_j1vJLz0aNEdO2SQ,64,15
UCtG-RVaX4Nzj7yTfwOerQpA,28,1
UCtICg50_YuHVuK_erIcjvaQ,27,9
UCtOyEDcQkpJ-W0dB_UxQWRg,33,21
UCtV0jyO_aGii8b_9oz0FktQ,33,20
UCtWWry0cgjWi9C0Ye9sh6og,19,17
UCtXCZmV0U0bTpDfE-rwMQIA,18,11
UCtXSHpoksPg_AowNJh1ooYA,28,14
UCtYLUTtgS3k1Fg4y5tAhLbw,60,47
UCtZR9z2LPpXr9UiLQF6KR0w,22,9
UCt_FevX1UdOAMKGvXIzwTLg,81,36
UCta3MuD7omvsJyb-SMQkKOQ,24,20
UCtatfZMf-8EkIwASXM4ts0A,46,41
UCteF4--g6cL7jXbmujpRfeQ,46,34
UCthbIFAxbXTTQEC7EcQvP1Q,38,0
UCtinbF-Q-fVthA0qrFQTgXQ,27,26
UCtke4StIE5z2EiF85Zeqb-A,33,0
UCtlAFoYl2aWb6pMiHCctQHA,12,9
UCtmMJ50FQfi_Ep3nSnnvouQ,20,2
UCtnHxTn2yi8Fs3R7EnuYKBA,55,19
UCtscFf8VayggrDYjOwDke_Q,22,19
UCttspZesZIDEwwpVIgoZtWQ,29,4
UCtwQvkMG2Ksbe2HhB1WJlOg,25,9
UCtxD1EvAN5gRHfk3S_v_s0w,27,15
UCtxbV-l2t708Y4tkGSn2IZg,23,14
UCu0HI0THVGFWA6y12gb8G0g,38,12
UCu6H0owNo5Cm_J2znpYBjGA,27,22
UCu6eDhSb-UJq7_vLgKe4vHw,33,5
UCu8YylsPiu9XfaQC74Hr_Gw,18,18
UCuFFtHWoLl5fauMMD5Ww2jA,28,28
UCuFPaemAaMR8R5cHzjy23dQ,52,0
UCuG1usSaVDBG-_6l0wJnPjQ,107,18
UCuH22czTKY_PcWHvSZ6ibdg,22,10
UCuMZUmEIz6V26xIFiyDRgJg,22,8
UCuNQquyFKKikkscE9OQwrvg,25,19
UCuPLku1Zrk6HMr2S51yGkpQ,117,71
UCuRgzt9d1Ht89wMrSfl97cQ,24,6
UCuTaETsuCOkJ0H_GAztWt0Q,28,25
UCuVLG9pThvBABcYCm7pkNkA,47,42
UCu_ddDIgIZREFg_N_1-z4nQ,22,18
UCub3Vt-aSQjYnj62vmVzx8g,86,78
UCuel4n7QXoG3HqclWqPaR1A,12,2
UCujEh8EooZHJe4YDinK3PAg,25,20
UCukbDcjeYSLtgUPtqVZh0tg,32,19
UCulYu1HEIa7f70L2lYZWHOw,48,31
UCulsxDuZ0gU8lzhpPAjUwUg,27,18
UCuoH9aFpJT0HltXb0XrKRNQ,32,12
UCupQd0e1leK4-Mj1wSfnkoQ,25,20
UCupvZG-5ko_eiXAupbDfxWw,53,37
UCutoQ8ltgJ_MXSU7ZsMe84A,4,1
UCuuIOPN4sluDyHqy8TI3MVQ,25,24
UCuuWA1J587Hlkt9mZ-CKKWg,23,1
UCuudpdbKmQWq2PPzYgVCWlA,32,29
UCuwJoiGWRxPYStBp0l0WuZw,25,18
UCuxfK38dUXj6oY_L4JjTCkA,30,21
UCv3cvTwgQy8nPj01yvn2yuw,62,61
UCv6T1ljYi3CETJ1Jqj1bFMQ,35,3
UCv9rbAUUpoW0k8MP2R4UEJA,23,21
UCvC4D8onUfXzvjTOM-dBfEA,30,22
UCvCYE-3TrY1GAe2l8K08N-w,59,53
UCvErWPrzaylp-zyK1OjsCvQ,26,2
UCvGwWJ_bcMkHRBuTNCL08cA,34,23
UCvHJzqB1KZMpZniAVWy3tkA,23,13
UCvHWfLnaHdnUcR8M8z2UJxQ,40,0
UCvHgAevYNV-A-bgA_edRjpA,26,5
UCvJJ_dzjViJCoLf5uKUTwoA,54,43
UCvKRFNawVcuz4b9ihUTApCg,25,25
UCvOca8do9ZtAkjytg_AU-JA,23,20
UCvQ6q0oG7EfECPCCOhuyaeg,23,9
UCvQECJukTDE2i6aCoMnS-Vg,51,43
UCvURWLttQQDceIRZfbXO3sw,120,0
UCvdxGWiC6FrVJSCso1tYOVQ,5,2
UCveWMJeHgcIUPMnFzd7Vxjg,22,13
UCvfrfH-VOHPYzMddGWIzoWw,25,19
UCvgT7Cks83k1VplVQxC4y4A,25,20
UCvhPRRiwI1_p4OBsY0yz6mg,50,41
UCvhd7zGGylSJtqk-7hXdmdg,31,14
UCvj3sUiOIvXZR00ZdMJFtwg,31,18
UCvldQYubivfnUE2_8HigYpA,29,19
UCvmofFg-oZc4jvBUIfZbjzg,20,14
UCvpBKe4PjxCctjIrE01OIIQ,36,31
UCvpredjG93ifbCP1Y77JyFA,34,5
UCvrQdOvBRW-ycBQ32o1BCQw,21,14
UCvrd6VtgWF7CwaZH1S0N-Qg,19,19
UCvt5p3A11M8zd8iJPCC5XvQ,29,16
UCvulgQYQPPUMwCs7tKMXO0g,144,127
UCvyZS6W6zMJCZBVzF-Ei6sw,30,18
UCvyz2XB3Seq9MCbtORt1WIw,57,46
UCvz84_Q0BbvZThy75mbd-Dg,109,85
UCvzhkIinfe7hDRQXHkVzMcA,14,12
UCw4IHIMsDO5wpIiprOSXiEA,28,10
UCw527CsYYlcRVR3W2ywMV0A,28,11
UCw8_bi1G4duPevdfktipGOA,30,20
UCw8euwnbhc7emu194zhEiDQ,19,14
UCwA37yjKZ4M4k3mTlM-qpBw,29,26
UCwAdQUuPT6laN-AQR17fe1g,41,16
UCwBAHbp-l9bSOooxu_E8FyQ,54,46
UCwD_1dpfM6bjfEMx-MB43uA,21,13
UCwDxUt_GJc_dwn0xOp0zRBw,24,17
UCwIWAbIeu0xI0ReKWOcw3eg,28,23
UCwKB_00dPL3x5XmHF9IJCrg,11,10
UCwLK17rpMFUfktQEcMzSyWg,34,26
UCwLnkUCslDiUs9JWSJPlOtA,3,3
UCwO9-5vM7QMcolhb-TrJozQ,54,25
UCwO9naEwEdTuT9Q5Vze6XCA,28,14
UCwPm5a6_r_uGMsF16UZZ7bA,30,26
UCwPmDlEaOe1BeZr57yL0vaw,20,14
UCwRa9t7B6WUDMjIdnZ7d6QA,27,9
UCwTRjvjVge51X-ILJ4i22ew,28,14
UCwV-2zV0843TeNAEs2FI0lw,35,12
UCwVUvwMBetYq3nAN4A72cZA,25,15
UCwVxN4-G_OidfmIW4R5VRFw,30,20
UCwXicok1yKCwDWJRkRbJ4KQ,54,39
UCwdx8ruzMqXKgoU4XsdHl8g,25,9
UCweDKPSF65wRw5VHFUJYiow,28,26
UCweYhLNq5E2Qde0OVJHrjEg,14,0
UCwgPdz1IA3zSAAeNHJfALVg,47,25
UCwjZbay3Abw2ub6oYOfIg9g,22,13
UCwlvSJdcMc7iGdR-aducSog,19,17
UCwmGHKwW6AE_NBQ3CNcO9-A,119,47
UCwmZiChSryoWQCZMIQezgTg,75,52
UCwn3j2CZShPwFCWgIPSi-8w,31,9
UCwr-evhuzGZgDFrq_1pLt_A,29,17
UCwuN1GVl0hP0dgBbYjXA51w,21,15
UCwwuSBYcErVlOpveYubHv4g,22,21
UCwx7Y3W30N8aS_tiCy2x-2g,40,33
UCwyVRKfytvjSF6q5s7noKZQ,26,16
UCx-KWLTKlB83hDI6UKECtJQ,29,20
UCx18ywTcohtS9lpNXt8noWQ,35,28
UCx9sVjT6kNuMHIq36IcA-LA,30,11
UCxB7jMnHekMzHsOl9iZpXrA,30,24
UCxEQsjgRRfGWiJJu_PDygxw,28,27
UCxEuzvS8X2ljN5LZACvE0jg,42,40
UCxH0sQJKG6Aq9-vFIPnDZ2A,56,38
UCxHOMpCncSCDosjuAMeL_QA,20,17
UCxHoBXkY88Tb8z1Ssj6CWsQ,4,0
UCxY6a-AggK955JXpEPzlRLA,29,1
UCxd6ifFZycyUB45d2t9VPQw,95,66
UCxgAuX3XZROujMmGphN_scA,63,60
UCxiPSgY4RjnUQBcEYwEPy0w,26,18
UCxjwyHfs_334MLK95XPqGwg,19,10
UCxk4OTmTmSVo5AanTHDr_Bg,30,18
UCxladMszXan-jfgzyeIMyvw,24,20
UCxoz4YfS4M3H3C57FD4jW4Q,51,47
UCxpK_qbte2WqEoI-F34a7ZQ,9,0
UCxqAWLTk1CmBvZFPzeZMd9A,120,97
UCxtoW6ub3QvAgVT2o76inpA,31,15
UCxyiSz4m161Z6frOsFxJpgw,32,29
UCy-k88ww-eWxy6saQFTfXSg,28,15
UCy0tKL1T7wFoYcxCe0xjN6Q,31,29
UCy287hC44mRWpFLj4hK8gKA,53,48
UCy5znSnfMsDwaLlROnZ7Qbg,32,0
UCy6xH_adPsNMD6rQ2yZXB6w,26,25
UCy9NvK3_XGS4o2Zu7P84wMg,26,25
UCyBnpGaK3caGK4Boyh5hYyw,27,20
UCyD4t-kBwhpc-g2jvmhVAwg,26,15
UCyEd6QBSgat5kkC6svyjudA,51,39
UCyHJ94JzwY92NsBVzJ2aE3Q,33,31
UCyHtTtGH3c79iPc5meGA-pg,27,15
UCyKs4L4EULCfySbTybA9bAg,53,25
UCyL0RJe41itDFjd70KKZIZQ,32,29
UCyOXuep3hUvothHwr9k2DAA,19,16
UCyRhbS1VVfjbO06sN0zxsjg,30,28
UCyTS-kqntjFL_qxt9orBytg,26,16
UCyUTC3jCAaLd639lo9n9Bqw,7,6
UCyXD1jAZBdZ4u0K-GLYC77Q,18,14
UCyXH3yV5iAiUex_-Rc-Flgg,89,63
UCyd1FQbwxPyOACQuYgFzsJg,31,24
UCyeVfsThIHM_mEZq7YXIQSQ,29,19
UCyfZyQz37aOcyFmbWGKEpqQ,14,4
UCyh5g11KbG_YdbRw1ktAJqA,25,16
UCyhEZKz-LOwgktptEOh6_Iw,41,37
UCykzEgCDsi-hV3vCFa3bkwQ,33,28
UCymzDnu-l3vZ1fxuqvRePOA,23,18
UCypAoMCRQuNL2RBwy-x4oQg,27,24
UCyuDROQgOF2HrPKqaDjRJUw,5,5
UCyzkxMLeZDcd_Qhzh6uMgbg,17,17
UCz1oFxMrgrQ82-276UCOU9w,43,38
UCz5osAvTYFKjb6Kjcep6vXA,26,20
UCz8QaiQxApLq8sLNcszYyJw,38,35
UCz8y1ABvo6PI1EB8mgyI8cg,26,16
UCzE0cBVasE3tUoUvnxxcn6Q,49,24
UCzF4Ryn8TKn64md77gS5Q5Q,15,13
UCzJ53fi4NuDCYWOk9PtEkCA,28,13
UCzPyTFA2S3m9EbCEYRLr5mQ,24,0
UCzS3-65Y91JhOxFiM7j6grg,26,19
UCzSSoloGEz10HALUAbYhngQ,33,17
UCzTaO6zbdD2FpjZes31ynWw,23,12
UCzWwWbbKHg4aodl0S35R6XA,39,37
UCzYB0J1KFFo5P2EAiRuwdJw,33,15
UCzZIOm9qU-yXukOYRSTlPvA,29,23
UCzaYH6WeohiHKj3Ih_GdZdQ,31,29
UCzcB6yUTNVsvamC_eaDTOCw,17,15
UCznj32AM2r98hZfTxrRo9bQ,26,17
UCzqKhRhaE0fNl_Lg9jTaXbQ,20,15
UCzsEAkRcIsKpd1WaJnRR97A,29,26
UCzuqE7-t13O4NIDYJfakrhw,33,29
UCzzFtVXMzxD08Zej-qokESw,35,17
