order_id,date,time,order_type,branch_code,order_items,order_price,customer_lat,customer_lon,customerHasloyalty?,distance_to_customer_KM,delivery_fee
ORDK07260,2018-05-25,12:43:56,Lunch,BK,"[('Fries', 3), ('Burger', 9)]",315.0,-37.8035393,144.9944731,0,5.258,10.6873482
ORDK07367,2018-02-15,09:21:07,Breakfast,BK,"[('Pancake', 3), ('Cereal', 7), ('Coffee', 10), ('Eggs', 1)]",316.75,-37.8145049,144.9999174,0,4.488,9.5316389
ORDI08157,2018-03-10,10:11:49,Breakfast,NS,"[('Eggs', 9), ('Cereal', 9), ('Coffee', 7), ('Pancake', 9)]",657.75,-37.8250893,144.9821619,0,9.407,16.5954295
ORDY02780,2018-08-24,15:46:28,Lunch,TP,"[('Chicken', 8), ('Steak', 2), ('Salad', 6), ('Burger', 5), ('Fries', 1)]",616.2,-37.8205187,144.9511189,0,8.648,11.5653283
ORDI03952,2018-11-06,18:08:27,Dinner,NS,"[('Fish&Chips', 1), ('Salmon', 6)]",281.0,-37.8152077,144.9634432,0,8.164,14.5464905
ORDB10005,2018-10-26,17:48:10,Dinner,TP,"[('Pasta', 1), ('Shrimp', 3), ('Salmon', 9), ('Fish&Chips', 7)]",803.5,-37.820504,144.9658195,0,7.434,11.842687
ORDJ01270,2018-12-14,19:29:34,Dinner,TP,"[('Shrimp', 4), ('Pasta', 5), ('Fish&Chips', 6)]",563.5,-37.8010036,144.9628949,0,9.683,13.4198964
ORDJ10202,2018-10-18,17:38:01,Dinner,TP,"[('Salmon', 6), ('Shrimp', 9), ('Pasta', 3)]",814.5,-37.8021809,144.9487348,0,10.112,14.0695061
ORDA04939,2018-02-13,09:21:07,Breakfast,BK,"[('Coffee', 3), ('Eggs', 2)]",66.5,-37.8249474,144.9922858,0,6.787,11.6738442
ORDJ06881,2018-04-13,11:22:49,Breakfast,TP,"[('Pancake', 10), ('Eggs', 10), ('Cereal', 7)]",609.5,-37.8021485,144.9442805,0,10.427,12.6420507
ORDK01257,2018-12-28,20:00:00,Dinner,BK,"[('Salmon', 3), ('Shrimp', 7), ('Fish&Chips', 9), ('Pasta', 7)]",1008.5,-37.8169625,144.9640138,0,7.778,14.5155759
ORDC05555,2018-11-27,18:59:09,Dinner,NS,"[('Shrimp', 7), ('Fish&Chips', 10)]",728.0,-37.8168617,144.9769001,0,8.368,14.1201688
ORDX07315,2018-07-10,14:15:12,Lunch,BK,"[('Burger', 9), ('Steak', 2), ('Salad', 5)]",455.0,-37.8202136,144.9601579,0,8.181,13.8685161
ORDJ10437,2018-11-06,18:18:35,Dinner,TP,"[('Salmon', 7), ('Fish&Chips', 10)]",637.0,-37.809629,144.9555264,0,8.901,13.2095007
ORDY05294,2018-08-13,15:26:11,Lunch,TP,"[('Chicken', 4), ('Salad', 7), ('Steak', 6), ('Burger', 6), ('Fries', 10)]",824.4,-37.8203816,144.9653528,0,7.363,10.6872953
ORDA07810,2018-12-07,19:19:26,Dinner,BK,"[('Pasta', 8), ('Shrimp', 9), ('Salmon', 7)]",993.0,-37.8055185,144.95227,0,8.395,15.1562595
ORDA11072,2018-07-20,14:35:29,Lunch,BK,"[('Chicken', 6), ('Burger', 1), ('Fries', 7), ('Steak', 1), ('Salad', 4)]",420.8,-37.8161253,144.9527318,0,8.656,14.4403044
ORDK05373,2018-04-22,11:43:05,Breakfast,BK,"[('Eggs', 4), ('Cereal', 3), ('Pancake', 4)]",248.0,-37.8257327,144.9984437,0,5.697,13.0201652
ORDC03134,2018-07-08,14:15:12,Lunch,NS,"[('Fries', 10), ('Steak', 2), ('Chicken', 1), ('Burger', 1), ('Salad', 5)]",359.0,-37.8055262,144.984989,0,7.809,15.1808379
ORDZ07675,2018-01-30,08:50:42,Breakfast,NS,"[('Pancake', 5), ('Coffee', 4)]",151.25,-37.8049916,144.9922353,0,8.385,13.634619
ORDJ08374,2018-09-03,16:06:45,Dinner,TP,"[('Fish&Chips', 9), ('Shrimp', 5), ('Pasta', 9)]",832.5,-37.8191354,145.0101101,0,11.533,15.3992374
ORDK05593,2018-06-16,13:24:30,Lunch,BK,"[('Chicken', 6), ('Burger', 4), ('Fries', 7)]",400.0,-37.8169967,145.0109605,0,4.053,12.8182136
ORDY07894,2018-10-12,17:27:53,Dinner,TP,"[('Fish&Chips', 2), ('Pasta', 8), ('Salmon', 10)]",700.0,-37.8111649,144.9899736,0,10.023,13.8340013
ORDA03579,2018-06-22,13:44:47,Lunch,BK,"[('Burger', 10), ('Fries', 4), ('Chicken', 1), ('Steak', 10), ('Salad', 10)]",1012.0,-37.8071263,144.9915639,0,5.193,10.1928836
ORDA00001,2018-01-20,08:30:25,Breakfast,BK,"[('Pancake', 7), ('Eggs', 5)]",279.75,-37.800684,144.9857971,0,6.278,13.2662108
ORDB03445,2018-02-04,09:00:50,Breakfast,TP,"[('Coffee', 1), ('Pancake', 3), ('Cereal', 6)]",206.25,-37.8195788,144.9601494,0,7.699,11.775067
ORDI08596,2018-03-27,10:42:15,Breakfast,NS,"[('Coffee', 1), ('Cereal', 3)]",70.5,-37.8211013,144.9552709,0,9.415,14.0599244
ORDC09796,2018-08-03,15:05:54,Lunch,NS,"[('Salad', 10), ('Burger', 7)]",389.0,-37.8227055,144.9773974,0,8.906,15.1617046
ORDC09277,2018-01-27,08:50:42,Breakfast,NS,"[('Cereal', 3), ('Pancake', 7)]",232.75,-37.8112391,144.9734325,0,7.466,14.6345015
ORDJ01293,2018-06-14,13:24:30,Lunch,TP,"[('Fries', 9), ('Steak', 4), ('Chicken', 4), ('Salad', 8)]",553.6,-37.8095885,144.9637351,0,8.651,11.8351045
ORDB09051,2018-01-15,08:20:16,Breakfast,TP,"[('Cereal', 10), ('Coffee', 5), ('Eggs', 8)]",423.5,-37.7986885,144.9489387,1,10.344,6.5638731
ORDB08357,2018-11-16,18:28:43,Dinner,TP,"[('Salmon', 10), ('Shrimp', 3), ('Fish&Chips', 8), ('Pasta', 8)]",1072.0,-37.8145518,145.0046441,0,11.375,14.9099045
ORDJ09444,2018-01-11,08:20:16,Breakfast,TP,"[('Pancake', 4), ('Coffee', 1)]",104.5,-37.8161745,144.9838446,1,9.243,5.7954557
ORDA04682,2018-12-08,19:19:26,Dinner,BK,"[('Salmon', 6), ('Pasta', 3), ('Shrimp', 3), ('Fish&Chips', 6)]",700.5,-37.8209007,144.9476645,0,9.313,18.8608784
ORDI01194,2018-09-20,16:37:10,Dinner,NS,"[('Fish&Chips', 6), ('Shrimp', 2), ('Salmon', 3)]",441.0,-37.8173369,144.9562328,0,8.841,14.9951378
ORDA01362,2018-05-03,12:03:22,Lunch,BK,"[('Salad', 1), ('Steak', 3), ('Fries', 9)]",260.2,-37.80422,145.0024501,0,5.105,10.6213762
ORDB04738,2018-10-07,17:17:44,Dinner,TP,"[('Fish&Chips', 3), ('Salmon', 7)]",392.0,-37.8064794,144.9558966,0,9.257,15.2792813
ORDC05032,2018-12-20,19:39:43,Dinner,NS,"[('Fish&Chips', 6), ('Shrimp', 10)]",750.0,-37.8132457,144.9334457,0,8.958,14.9206168
ORDY05836,2018-01-06,08:10:08,Breakfast,TP,"[('Coffee', 10), ('Pancake', 6), ('Eggs', 8)]",396.5,-37.8135331,144.9373574,1,10.526,7.5258085
ORDK08025,2018-08-13,15:26:11,Lunch,BK,"[('Steak', 4), ('Fries', 8), ('Chicken', 1), ('Burger', 3), ('Salad', 10)]",573.0,-37.8250475,144.9705695,0,8.175,13.8898239
ORDY08262,2018-11-05,18:08:27,Dinner,TP,"[('Fish&Chips', 4), ('Shrimp', 5)]",410.0,-37.8194259,144.9819366,0,8.952,13.3400961
ORDA03593,2018-10-05,17:07:36,Dinner,BK,"[('Shrimp', 1), ('Fish&Chips', 5), ('Pasta', 10), ('Salmon', 2)]",586.0,-37.8096182,144.9638842,0,7.382,13.9889033
ORDI09551,2018-01-18,08:30:25,Breakfast,NS,"[('Pancake', 6), ('Coffee', 2)]",160.5,-37.7999398,144.9631958,1,6.787,6.2165365
ORDI01516,2018-02-15,09:31:16,Breakfast,NS,"[('Eggs', 7), ('Cereal', 3)]",217.0,-37.8078975,144.9835946,0,7.876,12.813649
ORDZ08487,2018-07-08,14:15:12,Lunch,NS,"[('Salad', 7), ('Steak', 7), ('Burger', 6), ('Chicken', 10)]",941.4,-37.8000063,144.962762,0,6.818,14.1683773
ORDB05608,2018-10-27,17:58:18,Dinner,TP,"[('Fish&Chips', 10), ('Pasta', 2), ('Salmon', 7)]",692.0,-37.8242029,144.9589442,0,8.274,14.0791574
ORDZ05898,2018-08-27,15:56:37,Lunch,NS,"[('Fries', 6), ('Burger', 3), ('Salad', 1)]",182.2,-37.8205549,144.9532181,0,9.535,15.6051747
ORDK02310,2018-01-06,08:00:00,Breakfast,BK,"[('Eggs', 5), ('Cereal', 7)]",257.0,-37.8123454,144.9368391,1,10.215,9.1667325
ORDJ03632,2018-06-01,12:54:05,Lunch,TP,"[('Salad', 1), ('Burger', 5), ('Fries', 10), ('Chicken', 7)]",516.2,-37.820953,144.9475811,0,8.97,12.2221296
ORDY00316,2018-12-13,19:29:34,Dinner,TP,"[('Shrimp', 5), ('Fish&Chips', 5), ('Salmon', 1)]",486.0,-37.8154247,144.9915403,0,10.047,13.626859
ORDB10907,2018-10-20,17:38:01,Dinner,TP,"[('Shrimp', 1), ('Fish&Chips', 1)]",89.0,-37.81095,144.9784952,0,9.204,15.0892862
ORDI07845,2018-10-22,17:48:10,Dinner,NS,"[('Shrimp', 2), ('Pasta', 9)]",355.5,-37.8200187,144.9612976,0,8.931,14.8284675
ORDC06883,2018-06-12,13:24:30,Lunch,NS,"[('Chicken', 4), ('Fries', 8), ('Salad', 1), ('Burger', 1)]",272.2,-37.8063138,144.9473567,0,8.726,14.6861663
ORDY02011,2018-10-23,17:48:10,Dinner,TP,"[('Salmon', 5), ('Pasta', 7), ('Fish&Chips', 3)]",502.5,-37.8190237,144.9645972,0,7.819,12.2603841
ORDX05405,2018-02-03,09:00:50,Breakfast,BK,"[('Eggs', 9), ('Cereal', 5), ('Pancake', 4)]",400.0,-37.8091095,144.9557326,0,8.163,15.7153873
ORDC08341,2018-03-31,10:52:23,Breakfast,NS,"[('Cereal', 8), ('Pancake', 3), ('Eggs', 9)]",438.75,-37.8246718,144.9456712,0,10.389,17.8734882
ORDB04866,2018-06-12,13:24:30,Lunch,TP,"[('Burger', 4), ('Fries', 10), ('Salad', 3)]",295.6,-37.8057528,144.9466402,0,9.918,12.5131997
ORDA02545,2018-05-29,12:54:05,Lunch,BK,"[('Burger', 9), ('Fries', 8), ('Salad', 8), ('Steak', 5)]",737.6,-37.8173953,145.0087964,0,3.949,9.6040848
ORDA08945,2018-02-26,09:51:32,Breakfast,BK,"[('Cereal', 9), ('Coffee', 4)]",219.0,-37.8143618,144.9952645,0,4.94,9.9555266
ORDK09628,2018-04-25,11:43:05,Breakfast,BK,"[('Eggs', 10), ('Pancake', 4)]",317.0,-37.8189455,144.953212,0,8.81,13.6260856
ORDJ08114,2018-03-17,10:21:58,Breakfast,TP,"[('Cereal', 4), ('Coffee', 7), ('Pancake', 9)]",354.75,-37.8205224,144.9840059,0,9.275,13.3104334
ORDX06241,2018-04-12,11:22:49,Breakfast,BK,"[('Coffee', 9), ('Cereal', 2), ('Pancake', 4), ('Eggs', 3)]",272.5,-37.8100372,144.9643602,0,7.407,12.5366508
ORDK05228,2018-06-01,12:54:05,Lunch,BK,"[('Chicken', 10), ('Salad', 10)]",492.0,-37.8030374,145.0043859,0,5.446,11.5705109
ORDZ05529,2018-02-20,09:41:24,Breakfast,NS,"[('Cereal', 8), ('Eggs', 4), ('Pancake', 10), ('Coffee', 5)]",536.0,-37.8198263,144.9555433,0,9.228,14.3407355
ORDC07277,2018-12-25,19:49:51,Dinner,NS,"[('Fish&Chips', 6), ('Pasta', 8), ('Salmon', 8), ('Shrimp', 10)]",1298.0,-37.8178034,144.931744,0,9.531,15.4985047
ORDA07166,2018-10-22,17:48:10,Dinner,BK,"[('Fish&Chips', 5), ('Pasta', 10), ('Shrimp', 4), ('Salmon', 3)]",789.0,-37.8209341,144.9613851,0,8.173,14.9178274
ORDI01116,2018-01-26,08:40:33,Breakfast,NS,"[('Eggs', 2), ('Coffee', 7), ('Pancake', 9), ('Cereal', 10)]",524.75,-37.8244678,144.9565472,0,9.685,14.264384
ORDK08189,2018-04-01,10:52:23,Breakfast,BK,"[('Pancake', 4), ('Cereal', 5)]",202.0,-37.8185916,144.9701407,0,7.498,14.8444393
ORDC05080,2018-09-14,16:27:02,Dinner,NS,"[('Fish&Chips', 3), ('Pasta', 10), ('Shrimp', 3), ('Salmon', 2)]",624.0,-37.8184817,144.9566011,0,8.978,14.5194244
ORDK02904,2018-05-19,12:33:48,Lunch,BK,"[('Salad', 7), ('Steak', 2)]",210.39999999999998,-37.7999252,144.9536474,0,8.659,17.1281924
ORDY10998,2018-02-22,09:41:24,Breakfast,TP,"[('Coffee', 5), ('Eggs', 3), ('Cereal', 8), ('Pancake', 5)]",392.75,-37.8148312,144.937653,0,10.36,13.2122456
ORDC03407,2018-08-25,15:46:28,Lunch,NS,"[('Salad', 7), ('Burger', 9)]",399.4,-37.8181245,144.96939,0,8.543,15.9858187
ORDJ05071,2018-03-13,10:21:58,Breakfast,TP,"[('Coffee', 1), ('Cereal', 10), ('Pancake', 10), ('Eggs', 5)]",570.0,-37.8031078,144.9555758,0,9.547,11.7468649
ORDI01064,2018-11-07,18:18:35,Dinner,NS,"[('Pasta', 5), ('Fish&Chips', 1), ('Shrimp', 9)]",658.5,-37.816078,144.9641487,0,8.249,13.9081208
ORDY07593,2018-03-11,10:11:49,Breakfast,TP,"[('Pancake', 6), ('Cereal', 5), ('Eggs', 4), ('Coffee', 3)]",361.0,-37.8046039,144.9631487,0,9.233,13.0837153
ORDA06074,2018-02-15,09:21:07,Breakfast,BK,"[('Eggs', 1), ('Cereal', 1), ('Coffee', 8), ('Pancake', 2)]",151.5,-37.8158704,144.9996609,0,4.643,9.4065833
ORDC07673,2018-11-19,18:38:52,Dinner,NS,"[('Shrimp', 10), ('Fish&Chips', 5), ('Salmon', 5), ('Pasta', 2)]",975.0,-37.817815,145.0085511,0,10.818,16.7921326
ORDK05028,2018-05-06,12:03:22,Lunch,BK,"[('Salad', 9), ('Chicken', 10)]",474.79999999999995,-37.8049604,144.9315487,0,11.033,19.5653205
ORDI01519,2018-12-14,19:29:34,Dinner,NS,"[('Salmon', 8), ('Pasta', 4)]",438.0,-37.8196162,145.0159077,0,12.036,18.9062354
ORDC02418,2018-05-20,12:33:48,Lunch,NS,"[('Fries', 3), ('Burger', 1)]",67.0,-37.8100036,144.9953046,0,9.012,16.1437751
ORDI01421,2018-12-13,19:29:34,Dinner,NS,"[('Pasta', 3), ('Salmon', 3), ('Shrimp', 4)]",421.5,-37.8161657,144.9752775,0,10.768,16.9174693
ORDY09667,2018-05-28,12:54:05,Lunch,TP,"[('Fries', 5), ('Salad', 9), ('Chicken', 3), ('Steak', 3), ('Burger', 3)]",538.8,-37.8089529,144.9463694,0,9.769,13.0924847
ORDC06175,2018-08-04,15:05:54,Lunch,NS,"[('Chicken', 6), ('Steak', 3)]",327.0,-37.8036212,144.9497577,0,8.349,16.2644314
ORDI05570,2018-03-18,10:32:06,Breakfast,NS,"[('Cereal', 5), ('Eggs', 2)]",149.0,-37.8080853,144.973057,0,7.103,14.3634044
ORDJ02408,2018-08-18,15:36:20,Lunch,TP,"[('Burger', 3), ('Fries', 2), ('Chicken', 5), ('Salad', 10)]",449.0,-37.8128633,144.9682959,0,8.435,13.8675509
ORDK00365,2018-10-04,17:07:36,Dinner,BK,"[('Fish&Chips', 7), ('Salmon', 10), ('Shrimp', 2), ('Pasta', 8)]",983.0,-37.8067183,144.9452586,0,9.313,16.6744555
ORDX01566,2018-08-22,15:36:20,Lunch,BK,"[('Burger', 9), ('Fries', 10), ('Steak', 9), ('Chicken', 10), ('Salad', 7)]",1244.4,-37.8055775,144.9857969,0,5.89,11.719351
ORDI01169,2018-03-07,10:01:41,Breakfast,NS,"[('Coffee', 6), ('Cereal', 9)]",234.0,-37.8217121,144.9525596,0,9.613,14.5494894
ORDY05726,2018-11-06,18:08:27,Dinner,TP,"[('Salmon', 1), ('Shrimp', 4), ('Pasta', 5), ('Fish&Chips', 1)]",429.5,-37.8151872,144.9635228,0,7.906,12.2002926
ORDZ08111,2018-11-12,18:28:43,Dinner,NS,"[('Shrimp', 1), ('Salmon', 8), ('Pasta', 3), ('Fish&Chips', 10)]",814.5,-37.8150378,144.9401497,0,9.768,15.817803
ORDX05986,2018-01-03,08:00:00,Breakfast,BK,"[('Pancake', 5), ('Coffee', 9)]",188.75,-37.8020123,145.0202706,1,5.776,5.4401801
ORDJ00504,2018-08-25,15:46:28,Lunch,TP,"[('Steak', 10), ('Fries', 3), ('Burger', 5), ('Salad', 3), ('Chicken', 9)]",980.6,-37.8045831,144.9353925,0,10.878,15.9694484
ORDJ09552,2018-02-03,09:00:50,Breakfast,TP,"[('Pancake', 1), ('Eggs', 2), ('Coffee', 3), ('Cereal', 1)]",111.75,-37.8087984,145.0088468,0,12.052,16.2623385
ORDC10499,2018-10-20,17:38:01,Dinner,NS,"[('Shrimp', 8), ('Fish&Chips', 2), ('Pasta', 9), ('Salmon', 9)]",1118.5,-37.8246134,144.9706436,0,9.141,17.7285016
ORDI08585,2018-02-16,09:31:16,Breakfast,NS,"[('Pancake', 3), ('Coffee', 1), ('Eggs', 5)]",190.25,-37.7998888,144.9460815,0,8.449,13.9982764
ORDZ10044,2018-06-28,13:54:55,Lunch,NS,"[('Steak', 7), ('Salad', 2), ('Fries', 2), ('Chicken', 7)]",597.4,-37.8026378,144.9454626,0,8.611,14.2608051
ORDC05347,2018-09-29,16:57:27,Dinner,NS,"[('Shrimp', 3), ('Pasta', 9), ('Salmon', 10)]",819.5,-37.8033485,144.9526442,0,7.987,16.1278284
ORDB03867,2018-02-20,09:31:16,Breakfast,TP,"[('Pancake', 4), ('Cereal', 6), ('Coffee', 7)]",275.5,-37.8025333,144.954166,0,9.707,11.8428104
ORDA02422,2018-03-11,10:11:49,Breakfast,BK,"[('Cereal', 9), ('Eggs', 1)]",211.0,-37.8045246,144.9632753,0,7.574,14.4818704
ORDA05380,2018-09-10,16:16:54,Dinner,BK,"[('Salmon', 1), ('Shrimp', 7)]",419.0,-37.807202,145.0266373,0,5.368,12.1185475
ORDB04660,2018-12-24,19:49:51,Dinner,TP,"[('Shrimp', 8), ('Pasta', 2), ('Fish&Chips', 6)]",697.0,-37.8133482,144.9377959,0,10.357,14.338593
ORDI01646,2018-12-27,20:00:00,Dinner,NS,"[('Shrimp', 2), ('Fish&Chips', 2), ('Pasta', 3)]",260.5,-37.8196908,144.9520403,0,9.391,15.483382
ORDK03188,2018-02-06,09:10:59,Breakfast,BK,"[('Eggs', 4), ('Cereal', 7), ('Pancake', 7), ('Coffee', 7)]",457.25,-37.8222957,144.9787102,0,7.033,12.6016661
ORDK05277,2018-10-28,17:58:18,Dinner,BK,"[('Pasta', 3), ('Shrimp', 7)]",460.5,-37.809256,144.9483576,0,8.936,18.6083234
ORDB10949,2018-01-30,08:50:42,Breakfast,TP,"[('Pancake', 1), ('Cereal', 7)]",171.25,-37.8071832,144.950629,0,9.438,12.3397119
ORDK03161,2018-10-16,17:27:53,Dinner,BK,"[('Salmon', 4), ('Fish&Chips', 3), ('Pasta', 6)]",434.0,-37.8225448,144.991686,0,5.936,12.7934888
ORDZ07741,2018-09-13,16:27:02,Dinner,NS,"[('Shrimp', 10), ('Salmon', 7)]",827.0,-37.8025695,144.9569043,0,7.58,12.996041
ORDB03404,2018-01-14,08:20:16,Breakfast,TP,"[('Coffee', 1), ('Pancake', 8), ('Cereal', 4)]",285.5,-37.8096142,144.9711285,1,9.03,6.2200163
ORDK06976,2018-07-11,14:15:12,Lunch,BK,"[('Steak', 8), ('Salad', 3)]",411.6,-37.8087858,144.9678069,0,7.156,12.9107729
ORDX02889,2018-06-28,13:54:55,Lunch,BK,"[('Salad', 6), ('Chicken', 8)]",359.2,-37.8217802,144.9574672,0,8.476,14.7664756
ORDB04206,2018-07-08,14:15:12,Lunch,TP,"[('Burger', 10), ('Chicken', 6), ('Salad', 4), ('Steak', 4)]",750.8,-37.7995463,144.9628445,0,9.821,14.7394306
ORDZ01451,2018-07-24,14:45:38,Lunch,NS,"[('Fries', 7), ('Steak', 8)]",444.0,-37.820778,144.9792131,0,8.771,13.9118801
ORDB09523,2018-08-24,15:46:28,Lunch,TP,"[('Fries', 4), ('Steak', 10), ('Salad', 6), ('Chicken', 4), ('Burger', 9)]",1008.2,-37.8174707,144.9688721,0,8.008,11.5934878
ORDA05611,2018-09-02,16:06:45,Dinner,BK,"[('Salmon', 10), ('Shrimp', 3)]",572.0,-37.8105489,144.9358484,0,10.146,20.1121006
ORDC02510,2018-09-01,15:56:37,Lunch,NS,"[('Chicken', 3), ('Steak', 4)]",276.0,-37.8172141,144.9533107,0,8.974,16.8476456
ORDB06000,2018-10-27,17:58:18,Dinner,TP,"[('Fish&Chips', 2), ('Pasta', 3), ('Salmon', 7)]",439.5,-37.8044992,144.9684871,0,9.548,15.267425
ORDI11026,2018-01-10,08:10:08,Breakfast,NS,"[('Pancake', 10), ('Cereal', 1)]",263.5,-37.8005242,144.9558648,1,7.557,6.1936188
ORDB06055,2018-06-01,12:54:05,Lunch,TP,"[('Chicken', 10), ('Salad', 1), ('Fries', 2)]",361.2,-37.8162141,144.9659806,0,7.86,11.7980217
ORDZ02151,2018-02-23,09:41:24,Breakfast,NS,"[('Pancake', 4), ('Cereal', 7), ('Coffee', 6), ('Eggs', 6)]",421.0,-37.8065832,144.9324858,0,10.176,15.053576
ORDX00135,2018-06-02,12:54:05,Lunch,BK,"[('Salad', 6), ('Steak', 10), ('Chicken', 4), ('Burger', 7), ('Fries', 7)]",982.2,-37.8143701,144.9390152,0,9.809,18.3409935
ORDK06786,2018-01-01,08:00:00,Breakfast,BK,"[('Coffee', 2), ('Pancake', 9), ('Eggs', 7), ('Cereal', 8)]",555.25,-37.8041927,144.9587151,1,7.898,6.3363328
ORDA08072,2018-10-02,17:07:36,Dinner,BK,"[('Shrimp', 10), ('Fish&Chips', 1), ('Salmon', 8), ('Pasta', 2)]",958.0,-37.8056014,144.9839454,0,5.978,12.9152327
ORDJ01772,2018-10-06,17:17:44,Dinner,TP,"[('Shrimp', 2), ('Salmon', 10)]",518.0,-37.8194217,144.9829558,0,9.123,14.9441057
ORDB01547,2018-07-29,14:55:46,Lunch,TP,"[('Salad', 2), ('Steak', 2), ('Burger', 8)]",372.4,-37.8125052,144.9652372,0,8.327,12.9997587
ORDZ05501,2018-07-19,14:35:29,Lunch,NS,"[('Chicken', 2), ('Salad', 9), ('Steak', 3)]",353.79999999999995,-37.8062807,144.982408,0,7.581,13.0624008
ORDI07353,2018-07-23,14:45:38,Lunch,NS,"[('Fries', 5), ('Steak', 10), ('Salad', 7)]",630.4,-37.8249041,145.0086064,0,11.405,16.5070127
ORDJ03927,2018-04-01,10:52:23,Breakfast,TP,"[('Eggs', 10), ('Pancake', 6)]",365.5,-37.8190398,144.9543176,0,8.392,12.7729027
ORDA06723,2018-12-02,19:09:17,Dinner,BK,"[('Pasta', 8), ('Fish&Chips', 8)]",500.0,-37.8204771,144.9576975,0,8.351,18.0944625
ORDZ06486,2018-04-09,11:12:40,Breakfast,NS,"[('Pancake', 4), ('Cereal', 5)]",202.0,-37.8177293,144.9671865,0,8.356,13.3699882
ORDA11096,2018-06-29,13:54:55,Lunch,BK,"[('Burger', 9), ('Fries', 7), ('Steak', 8), ('Salad', 4), ('Chicken', 5)]",951.8,-37.8250933,144.9795779,0,8.113,14.0395061
ORDA06724,2018-07-20,14:35:29,Lunch,BK,"[('Burger', 3), ('Chicken', 7), ('Fries', 8)]",413.0,-37.8155909,144.95264,0,8.617,14.4747369
ORDI04907,2018-03-21,10:32:06,Breakfast,NS,"[('Eggs', 4), ('Coffee', 5)]",125.5,-37.8158592,144.9612594,0,8.381,12.9498257
ORDY01529,2018-10-01,16:57:27,Dinner,TP,"[('Salmon', 4), ('Pasta', 7)]",356.5,-37.8118185,144.9751816,0,8.847,12.8910593
ORDY01791,2018-01-03,08:00:00,Breakfast,TP,"[('Pancake', 10), ('Cereal', 3), ('Coffee', 6)]",350.5,-37.8134943,144.9415645,1,9.957,6.4428298
ORDY08657,2018-01-01,08:00:00,Breakfast,TP,"[('Eggs', 2), ('Cereal', 7), ('Pancake', 2)]",239.5,-37.8262801,144.9307411,1,12.582,8.0403848
ORDY10889,2018-03-21,10:32:06,Breakfast,TP,"[('Pancake', 7), ('Coffee', 7), ('Cereal', 7)]",369.25,-37.8140793,144.9601084,0,8.343,11.0250371
ORDZ02658,2018-10-20,17:38:01,Dinner,NS,"[('Pasta', 2), ('Salmon', 5), ('Shrimp', 1), ('Fish&Chips', 9)]",629.0,-37.8158837,144.9823994,0,8.512,16.36704
ORDX07050,2018-05-29,12:54:05,Lunch,BK,"[('Fries', 4), ('Steak', 3), ('Chicken', 2), ('Burger', 2), ('Salad', 2)]",343.4,-37.8166359,144.9875739,0,5.834,11.8228174
ORDK06499,2018-02-02,09:00:50,Breakfast,BK,"[('Cereal', 3), ('Eggs', 1)]",85.0,-37.8159503,144.9394896,0,9.818,15.1709609
ORDC09114,2018-12-23,19:49:51,Dinner,NS,"[('Pasta', 3), ('Fish&Chips', 10), ('Shrimp', 8), ('Salmon', 3)]",987.5,-37.8032485,144.9816499,0,7.267,14.9186113
ORDJ00404,2018-10-17,17:38:01,Dinner,TP,"[('Shrimp', 6), ('Pasta', 5)]",461.5,-37.8184728,144.9981552,0,10.424,14.4314509
ORDB08593,2018-01-06,08:10:08,Breakfast,TP,"[('Pancake', 9), ('Coffee', 8)]",278.25,-37.8018876,144.9462257,1,10.297,7.2299823
ORDI09153,2018-12-02,19:09:17,Dinner,NS,"[('Salmon', 2), ('Pasta', 1), ('Shrimp', 1)]",163.5,-37.8229834,144.9623661,0,9.322,17.6715038
ORDK00700,2018-12-16,19:29:34,Dinner,BK,"[('Salmon', 6), ('Fish&Chips', 1), ('Pasta', 8), ('Shrimp', 6)]",825.0,-37.8062527,144.9596384,0,7.73,16.6593563
ORDZ04709,2018-05-19,12:33:48,Lunch,NS,"[('Chicken', 5), ('Burger', 10), ('Steak', 4)]",650.0,-37.8140035,144.9524232,0,8.607,16.0177538
ORDK03196,2018-06-17,13:34:38,Lunch,BK,"[('Burger', 1), ('Fries', 9)]",139.0,-37.8101954,144.9971252,0,4.386,12.4911583
ORDA10351,2018-09-15,16:27:02,Dinner,BK,"[('Pasta', 2), ('Salmon', 3), ('Fish&Chips', 7), ('Shrimp', 9)]",909.0,-37.815377,144.9730885,0,7.075,16.82864
ORDC06638,2018-10-24,17:48:10,Dinner,NS,"[('Salmon', 10), ('Fish&Chips', 6), ('Shrimp', 2), ('Pasta', 8)]",948.0,-37.8224097,144.9479011,0,9.966,16.1915163
ORDC07606,2018-03-21,10:32:06,Breakfast,NS,"[('Coffee', 4), ('Pancake', 1)]",54.25,-37.8126278,144.959767,0,8.004,12.7817803
ORDK04847,2018-10-06,17:07:36,Dinner,BK,"[('Shrimp', 6), ('Salmon', 8), ('Fish&Chips', 1), ('Pasta', 3)]",769.5,-37.8060509,144.9838667,0,5.926,14.757098
ORDI10725,2018-03-27,10:42:15,Breakfast,NS,"[('Cereal', 8), ('Coffee', 6), ('Eggs', 7), ('Pancake', 8)]",561.0,-37.8147072,144.966842,0,8.058,12.6273056
ORDX10908,2018-12-19,19:39:43,Dinner,BK,"[('Pasta', 3), ('Shrimp', 3), ('Salmon', 7)]",531.5,-37.8211434,144.9548976,0,8.605,15.6865418
ORDC02625,2018-06-10,13:14:21,Lunch,NS,"[('Salad', 3), ('Steak', 7)]",366.6,-37.82305,144.95599,0,9.667,17.2311889
ORDJ01553,2018-12-30,20:00:00,Dinner,TP,"[('Pasta', 4), ('Salmon', 8)]",438.0,-37.8062743,144.9595865,0,8.969,14.867232
ORDZ00063,2018-12-05,19:09:17,Dinner,NS,"[('Pasta', 4), ('Salmon', 6), ('Fish&Chips', 2)]",426.0,-37.8002511,144.9597986,0,7.095,12.8504704
ORDY02001,2018-06-19,13:34:38,Lunch,TP,"[('Chicken', 6), ('Fries', 2), ('Steak', 2), ('Salad', 2)]",340.4,-37.8246087,145.0050343,0,10.836,13.5193541
ORDZ05843,2018-01-09,08:10:08,Breakfast,NS,"[('Cereal', 7), ('Coffee', 7), ('Pancake', 6)]",345.0,-37.8114272,144.9653618,1,7.593,5.8726652
ORDB05817,2018-05-15,12:23:39,Lunch,TP,"[('Salad', 7), ('Chicken', 6), ('Fries', 5)]",372.4,-37.8189646,144.9618548,0,7.733,11.3636371
ORDA01108,2018-12-15,19:29:34,Dinner,BK,"[('Fish&Chips', 9), ('Salmon', 9), ('Pasta', 6), ('Shrimp', 9)]",1335.0,-37.8229843,144.9889836,0,6.239,15.3669518
ORDJ04293,2018-10-28,17:58:18,Dinner,TP,"[('Fish&Chips', 6), ('Salmon', 7)]",497.0,-37.8094869,144.9482517,0,9.612,15.3392976
ORDB08956,2018-06-20,13:34:38,Lunch,TP,"[('Salad', 4), ('Steak', 7), ('Burger', 5), ('Fries', 5)]",598.8,-37.8041632,144.9490836,0,9.84,12.5861637
ORDZ02434,2018-05-05,12:03:22,Lunch,NS,"[('Fries', 10), ('Burger', 10), ('Salad', 6)]",533.2,-37.7997859,144.9348862,0,6.708,14.7487922
ORDI02511,2018-01-04,08:00:00,Breakfast,NS,"[('Cereal', 1), ('Coffee', 1), ('Eggs', 9)]",226.5,-37.8120271,145.0049929,1,10.009,7.4821968
ORDA08971,2018-05-03,12:03:22,Lunch,BK,"[('Salad', 5), ('Fries', 2), ('Chicken', 10), ('Burger', 4)]",554.0,-37.8039928,145.0016939,0,5.031,11.0251616
ORDZ06641,2018-05-18,12:33:48,Lunch,NS,"[('Steak', 9), ('Fries', 2), ('Salad', 5), ('Chicken', 8), ('Burger', 9)]",1050.0,-37.8009705,144.9567062,0,7.442,13.0101859
ORDJ05594,2018-11-06,18:08:27,Dinner,TP,"[('Fish&Chips', 9), ('Salmon', 9), ('Pasta', 6)]",849.0,-37.8151504,144.963666,0,7.902,12.7267176
ORDA09713,2018-02-24,09:41:24,Breakfast,BK,"[('Coffee', 2), ('Cereal', 3), ('Pancake', 7)]",247.75,-37.8164558,144.9608432,0,8.086,15.3900894
ORDC05727,2018-09-24,16:47:19,Dinner,NS,"[('Pasta', 4), ('Fish&Chips', 3), ('Shrimp', 10)]",755.0,-37.8167346,144.9881896,0,9.047,14.5786295
ORDZ09409,2018-05-19,12:33:48,Lunch,NS,"[('Chicken', 7), ('Fries', 10), ('Burger', 9), ('Steak', 9), ('Salad', 10)]",1200.0,-37.8034449,144.9628053,0,7.098,13.9176314
ORDI03919,2018-11-19,18:38:52,Dinner,NS,"[('Salmon', 2), ('Shrimp', 5)]",352.0,-37.8178766,145.0085414,0,10.825,16.8659472
ORDJ08870,2018-06-03,13:04:13,Lunch,TP,"[('Burger', 5), ('Chicken', 1), ('Salad', 10), ('Steak', 9), ('Fries', 9)]",872.0,-37.8012914,144.9791324,0,10.182,15.0988287
ORDI01057,2018-04-06,11:02:32,Breakfast,NS,"[('Pancake', 9), ('Eggs', 5), ('Coffee', 6), ('Cereal', 4)]",457.25,-37.8240109,144.9830631,0,9.283,14.1775963
ORDX00730,2018-09-13,16:27:02,Dinner,BK,"[('Fish&Chips', 4), ('Salmon', 2), ('Shrimp', 4), ('Pasta', 9)]",685.5,-37.8165069,144.9459417,0,9.258,16.4079354
ORDX03656,2018-09-13,16:27:02,Dinner,BK,"[('Fish&Chips', 5), ('Shrimp', 3)]",337.0,-37.8092838,144.9575307,0,8.0,15.0096954
ORDB10637,2018-07-18,14:35:29,Lunch,TP,"[('Fries', 10), ('Burger', 7), ('Chicken', 3)]",433.0,-37.8017491,144.9837748,0,10.481,14.1061092
ORDZ08550,2018-04-09,11:12:40,Breakfast,NS,"[('Eggs', 8), ('Coffee', 6), ('Pancake', 9), ('Cereal', 9)]",628.25,-37.8237079,144.9917149,0,9.83,15.2688734
ORDI06610,2018-12-31,20:00:00,Dinner,NS,"[('Salmon', 8), ('Shrimp', 4), ('Fish&Chips', 3)]",649.0,-37.803388,145.0075238,0,9.747,16.0064432
ORDX04787,2018-03-06,10:01:41,Breakfast,BK,"[('Coffee', 7), ('Eggs', 6), ('Pancake', 5), ('Cereal', 4)]",389.75,-37.8098134,144.9765858,0,6.51,11.5283255
ORDJ09792,2018-03-05,10:01:41,Breakfast,TP,"[('Cereal', 2), ('Coffee', 2), ('Eggs', 5), ('Pancake', 4)]",264.0,-37.8210294,145.0008476,0,10.668,12.7059838
ORDY07324,2018-05-16,12:23:39,Lunch,TP,"[('Fries', 8), ('Steak', 8), ('Chicken', 4)]",584.0,-37.8079235,144.9704362,0,9.346,12.851001
ORDB05512,2018-09-23,16:47:19,Dinner,TP,"[('Salmon', 9), ('Fish&Chips', 8), ('Shrimp', 6)]",973.0,-37.804123,144.9958114,0,11.244,16.9421534
ORDY04318,2018-06-11,13:14:21,Lunch,TP,"[('Burger', 6), ('Chicken', 4), ('Fries', 1), ('Steak', 6)]",596.0,-37.7993561,144.9607673,0,10.0,13.290016
ORDB02432,2018-05-07,12:03:22,Lunch,TP,"[('Burger', 5), ('Salad', 9)]",309.79999999999995,-37.8072788,144.955356,0,9.196,12.3382086
ORDC05278,2018-10-11,17:17:44,Dinner,NS,"[('Pasta', 7), ('Fish&Chips', 5)]",367.5,-37.8121238,144.9534288,0,8.452,14.6119852
ORDB01422,2018-12-05,19:09:17,Dinner,TP,"[('Pasta', 10), ('Shrimp', 4), ('Fish&Chips', 8), ('Salmon', 3)]",894.0,-37.8188994,144.9549157,0,8.334,12.4939907
ORDJ08450,2018-05-26,12:43:56,Lunch,TP,"[('Steak', 5), ('Burger', 1), ('Salad', 7), ('Fries', 9)]",484.4,-37.8236258,144.9808734,0,8.512,13.269197
ORDC10870,2018-12-14,19:29:34,Dinner,NS,"[('Pasta', 4), ('Salmon', 5), ('Fish&Chips', 9), ('Shrimp', 6)]",954.0,-37.8001285,144.9623913,0,6.835,12.8796016
ORDI03158,2018-11-09,18:18:35,Dinner,NS,"[('Pasta', 1), ('Salmon', 10)]",437.5,-37.8129148,144.9857283,0,8.553,14.4314556
ORDA08743,2018-09-09,16:16:54,Dinner,BK,"[('Shrimp', 6), ('Salmon', 9)]",693.0,-37.8229244,144.9548185,0,8.77,18.1650753
ORDK02763,2018-01-24,08:40:33,Breakfast,BK,"[('Cereal', 10), ('Coffee', 1), ('Pancake', 7), ('Eggs', 6)]",519.25,-37.817073,144.9595551,0,8.214,12.5216269
ORDJ05685,2018-08-11,15:16:03,Lunch,TP,"[('Fries', 5), ('Chicken', 4), ('Steak', 1), ('Salad', 8), ('Burger', 7)]",587.6,-37.8181719,144.9524445,0,9.701,14.9473361
ORDX05080,2018-05-01,11:53:14,Breakfast,BK,"[('Eggs', 7), ('Cereal', 8), ('Pancake', 2)]",370.5,-37.8043607,144.9706485,0,7.17,12.1470322
ORDC07685,2018-07-09,14:15:12,Lunch,NS,"[('Salad', 5), ('Steak', 3), ('Burger', 1), ('Chicken', 2)]",316.0,-37.8258817,144.9828579,0,9.467,14.7086457
ORDY09379,2018-05-23,12:43:56,Lunch,TP,"[('Burger', 9), ('Salad', 10), ('Fries', 10), ('Steak', 1), ('Chicken', 7)]",840.0,-37.8147435,144.9875053,0,9.766,13.1147359
ORDA00052,2018-11-30,18:59:09,Dinner,BK,"[('Shrimp', 6), ('Pasta', 9), ('Salmon', 10), ('Fish&Chips', 1)]",1016.5,-37.8096433,144.9725187,0,6.736,13.2611635
ORDB01238,2018-02-27,09:51:32,Breakfast,TP,"[('Eggs', 7), ('Coffee', 10), ('Cereal', 10), ('Pancake', 3)]",511.75,-37.8062236,144.9323687,0,10.996,12.8007472
ORDA08916,2018-01-14,08:20:16,Breakfast,BK,"[('Pancake', 2), ('Cereal', 5)]",153.5,-37.8025777,144.9456244,1,9.087,8.1298154
ORDC08580,2018-11-26,18:49:00,Dinner,NS,"[('Salmon', 8), ('Pasta', 5), ('Shrimp', 5)]",735.5,-37.8043204,145.0010742,0,9.387,15.6927242
ORDJ08544,2018-09-12,16:27:02,Dinner,TP,"[('Shrimp', 4), ('Salmon', 2), ('Pasta', 1), ('Fish&Chips', 1)]",360.5,-37.8006246,144.9918725,0,11.221,14.5342672
ORDB03179,2018-11-15,18:28:43,Dinner,TP,"[('Shrimp', 2), ('Salmon', 5), ('Fish&Chips', 2), ('Pasta', 4)]",493.0,-37.8331644,144.9910544,0,9.895,13.9681151
ORDJ04019,2018-01-15,08:20:16,Breakfast,TP,"[('Coffee', 6), ('Cereal', 4)]",129.0,-37.8227713,144.9775766,1,8.299,5.432238
ORDY10027,2018-09-28,16:57:27,Dinner,TP,"[('Shrimp', 2), ('Pasta', 10), ('Salmon', 1), ('Fish&Chips', 5)]",599.0,-37.8063079,144.9498941,0,9.546,14.1148252
ORDA04518,2018-06-13,13:24:30,Lunch,BK,"[('Salad', 2), ('Fries', 9), ('Steak', 6)]",412.4,-37.8163863,144.9671254,0,7.591,13.4875712
ORDB03929,2018-06-09,13:14:21,Lunch,TP,"[('Fries', 5), ('Salad', 1), ('Burger', 1), ('Steak', 9), ('Chicken', 9)]",801.2,-37.8217211,144.9865224,0,9.271,14.6072966
ORDC01489,2018-09-18,16:37:10,Dinner,NS,"[('Salmon', 4), ('Pasta', 1)]",191.5,-37.8222687,144.9506507,0,9.764,15.3152703
ORDK04594,2018-02-21,09:41:24,Breakfast,BK,"[('Eggs', 10), ('Coffee', 7), ('Pancake', 6), ('Cereal', 7)]",565.0,-37.8034963,144.9948218,0,5.261,10.2261145
ORDI10298,2018-11-18,18:38:52,Dinner,NS,"[('Salmon', 9), ('Pasta', 6)]",534.0,-37.8038661,144.9641243,0,6.97,15.1341438
ORDZ01569,2018-01-07,08:10:08,Breakfast,NS,"[('Coffee', 9), ('Pancake', 9)]",285.75,-37.81247,144.9362889,1,10.049,8.8754532
ORDX04370,2018-02-24,09:41:24,Breakfast,BK,"[('Coffee', 2), ('Eggs', 1), ('Cereal', 5)]",142.0,-37.8163708,144.9603311,0,8.102,15.3011019
ORDZ09806,2018-09-09,16:16:54,Dinner,NS,"[('Fish&Chips', 8), ('Salmon', 1)]",321.0,-37.8233614,144.9937359,0,9.975,18.31284
ORDX02696,2018-09-20,16:37:10,Dinner,BK,"[('Salmon', 6), ('Shrimp', 5)]",516.0,-37.822784,144.9365094,0,10.491,17.5576885
ORDC10988,2018-12-13,19:29:34,Dinner,NS,"[('Shrimp', 8), ('Salmon', 4)]",596.0,-37.818271,144.9257262,0,10.072,16.280861
ORDY01082,2018-07-18,14:35:29,Lunch,TP,"[('Steak', 2), ('Burger', 7), ('Salad', 4), ('Chicken', 3), ('Fries', 1)]",483.8,-37.8049418,144.9662782,0,9.314,12.7461569
ORDC01257,2018-02-25,09:41:24,Breakfast,NS,"[('Pancake', 10), ('Eggs', 8), ('Coffee', 2), ('Cereal', 6)]",559.5,-37.8126526,144.9607696,0,7.982,15.0858234
ORDC02045,2018-11-22,18:49:00,Dinner,NS,"[('Fish&Chips', 5), ('Pasta', 4)]",285.0,-37.8207745,144.9846564,0,9.276,15.5142437
ORDY07398,2018-10-13,17:27:53,Dinner,TP,"[('Fish&Chips', 7), ('Pasta', 3)]",327.5,-37.8205412,144.9574818,0,7.945,13.9492551
ORDB02338,2018-01-04,08:00:00,Breakfast,TP,"[('Pancake', 10), ('Cereal', 10)]",452.5,-37.8027958,144.9364287,1,10.9,6.9532857
ORDC05390,2018-06-04,13:04:13,Lunch,NS,"[('Steak', 6), ('Burger', 3), ('Chicken', 4), ('Fries', 6)]",563.0,-37.8079133,144.9316332,0,9.902,15.4661349
ORDB08900,2018-01-14,08:20:16,Breakfast,TP,"[('Coffee', 7), ('Eggs', 6), ('Pancake', 6), ('Cereal', 6)]",456.0,-37.8174365,144.9887569,1,9.566,6.5643145
ORDC07201,2018-08-13,15:26:11,Lunch,NS,"[('Burger', 1), ('Fries', 7)]",115.0,-37.8203816,144.9653528,0,8.871,14.7242555
ORDI10248,2018-09-21,16:47:19,Dinner,NS,"[('Salmon', 1), ('Pasta', 8), ('Fish&Chips', 5), ('Shrimp', 10)]",976.0,-37.8230924,144.9749339,0,9.316,14.9211432
ORDC00082,2018-05-14,12:23:39,Lunch,NS,"[('Salad', 4), ('Steak', 10)]",518.8,-37.8204493,144.9566883,0,9.253,14.851233
ORDZ04578,2018-09-03,16:06:45,Dinner,NS,"[('Shrimp', 10), ('Fish&Chips', 10), ('Pasta', 5), ('Salmon', 3)]",1150.5,-37.8132619,144.9385342,0,9.758,15.8455814
ORDY02673,2018-12-03,19:09:17,Dinner,TP,"[('Shrimp', 10), ('Salmon', 9), ('Pasta', 1), ('Fish&Chips', 2)]",1006.5,-37.8005121,144.9843609,0,10.651,14.4145194
ORDJ01055,2018-11-15,18:28:43,Dinner,TP,"[('Salmon', 2), ('Fish&Chips', 8), ('Shrimp', 6)]",686.0,-37.8331644,144.9910544,0,9.895,13.7897882
ORDC02570,2018-10-27,17:48:10,Dinner,NS,"[('Fish&Chips', 9), ('Salmon', 9), ('Shrimp', 3), ('Pasta', 9)]",1093.5,-37.8186056,144.9991443,0,10.051,18.0208158
ORDX08005,2018-08-10,15:16:03,Lunch,BK,"[('Fries', 5), ('Burger', 10), ('Steak', 7), ('Chicken', 6)]",877.0,-37.8172204,144.9521554,0,10.194,15.5147372
ORDZ03603,2018-04-05,11:02:32,Breakfast,NS,"[('Pancake', 10), ('Cereal', 3)]",305.5,-37.8175294,144.9523635,0,9.09,14.2571594
ORDC00504,2018-08-12,15:26:11,Lunch,NS,"[('Fries', 6), ('Steak', 1)]",117.0,-37.8135849,144.964259,0,7.92,15.4442611
ORDY05567,2018-09-14,16:27:02,Dinner,TP,"[('Salmon', 4)]",164.0,-37.8113599,144.9272092,0,11.475,15.9275939
ORDX08386,2018-05-20,12:33:48,Lunch,BK,"[('Fries', 5), ('Burger', 7), ('Salad', 10)]",449.0,-37.8019742,144.957198,0,8.194,16.0422731
ORDI09542,2018-05-20,12:33:48,Lunch,NS,"[('Salad', 6), ('Chicken', 10)]",423.2,-37.8098082,144.9930308,0,8.843,16.4272349
ORDZ00330,2018-01-05,08:00:00,Breakfast,NS,"[('Coffee', 6), ('Eggs', 1), ('Cereal', 4)]",151.0,-37.8098985,144.978232,1,7.7,6.1308247
ORDX10508,2018-10-10,17:17:44,Dinner,BK,"[('Fish&Chips', 5), ('Shrimp', 4), ('Pasta', 8), ('Salmon', 5)]",816.0,-37.8124822,144.9533468,0,8.494,15.2223085
ORDJ08200,2018-01-13,08:20:16,Breakfast,TP,"[('Coffee', 9), ('Cereal', 6)]",193.5,-37.8164931,144.9860201,1,9.429,7.0565058
ORDY09083,2018-09-27,16:57:27,Dinner,TP,"[('Pasta', 7), ('Salmon', 10), ('Shrimp', 3), ('Fish&Chips', 3)]",869.5,-37.80622,144.9448585,0,10.036,13.6914736
ORDK06048,2018-08-28,15:56:37,Lunch,BK,"[('Steak', 3), ('Burger', 1), ('Fries', 3)]",202.0,-37.8102762,144.961363,0,7.617,13.5935686
ORDB09136,2018-02-28,09:51:32,Breakfast,TP,"[('Coffee', 5), ('Cereal', 6), ('Eggs', 4), ('Pancake', 10)]",494.0,-37.8070747,144.947083,0,9.814,12.318301
ORDX03651,2018-10-18,17:38:01,Dinner,BK,"[('Fish&Chips', 9), ('Pasta', 1), ('Shrimp', 8)]",774.5,-37.8015575,144.9498129,0,8.891,15.084957
ORDZ08265,2018-10-31,17:58:18,Dinner,NS,"[('Shrimp', 3), ('Pasta', 5), ('Fish&Chips', 10)]",649.5,-37.8157135,144.9983034,0,9.787,15.9664385
ORDB05902,2018-03-12,10:11:49,Breakfast,TP,"[('Cereal', 8), ('Eggs', 7), ('Coffee', 3), ('Pancake', 4)]",441.5,-37.822232,144.9828961,0,8.785,11.9610367
ORDK01634,2018-06-08,13:14:21,Lunch,BK,"[('Burger', 1), ('Fries', 6)]",103.0,-37.8160448,144.9651252,0,7.664,13.1017251
ORDI01313,2018-04-01,10:52:23,Breakfast,NS,"[('Cereal', 6), ('Eggs', 4), ('Coffee', 3)]",236.5,-37.8019899,145.0010285,0,9.075,16.221507
ORDB09074,2018-05-20,12:33:48,Lunch,TP,"[('Burger', 3), ('Steak', 8), ('Chicken', 3), ('Fries', 10), ('Salad', 5)]",755.0,-37.8097941,144.9931954,0,10.432,15.1165488
ORDX09307,2018-03-24,10:42:15,Breakfast,BK,"[('Cereal', 4), ('Eggs', 2)]",128.0,-37.8123572,144.9540342,0,8.311,15.3755843
ORDY05342,2018-09-21,16:47:19,Dinner,TP,"[('Pasta', 4), ('Shrimp', 4)]",326.0,-37.8200571,144.9583373,0,7.881,12.3303275
ORDA02707,2018-03-18,10:32:06,Breakfast,BK,"[('Coffee', 8), ('Pancake', 6), ('Eggs', 1), ('Cereal', 2)]",269.5,-37.8092351,144.9722247,0,6.707,14.4519605
ORDY01448,2018-10-08,17:17:44,Dinner,TP,"[('Salmon', 5), ('Shrimp', 5)]",475.0,-37.8156873,144.9581489,0,8.182,12.2678665
ORDA01465,2018-02-02,09:00:50,Breakfast,BK,"[('Pancake', 4), ('Cereal', 1), ('Eggs', 7)]",272.0,-37.8199352,145.0128552,0,4.389,9.126433
ORDK05152,2018-08-23,15:46:28,Lunch,BK,"[('Steak', 1), ('Burger', 7)]",262.0,-37.8080464,144.984968,0,5.597,11.888659
ORDY02957,2018-10-31,17:58:18,Dinner,TP,"[('Fish&Chips', 2), ('Pasta', 3), ('Salmon', 9)]",521.5,-37.8133426,144.9446125,0,9.669,14.1561751
ORDX08212,2018-10-31,17:58:18,Dinner,BK,"[('Salmon', 2), ('Shrimp', 5), ('Fish&Chips', 4), ('Pasta', 7)]",684.5,-37.820259,144.9925829,0,5.774,12.7818725
ORDA06607,2018-08-04,15:05:54,Lunch,BK,"[('Salad', 4), ('Steak', 6), ('Chicken', 2), ('Fries', 9)]",510.8,-37.8035987,144.9497622,0,8.807,17.7484316
ORDJ06511,2018-10-03,17:07:36,Dinner,TP,"[('Shrimp', 4), ('Salmon', 6), ('Fish&Chips', 5), ('Pasta', 3)]",719.5,-37.8121097,144.9518655,0,9.136,12.7921671
ORDY00838,2018-02-10,09:10:59,Breakfast,TP,"[('Eggs', 9), ('Cereal', 3), ('Coffee', 5)]",298.5,-37.8023845,144.9811728,0,10.359,14.1979583
ORDY00635,2018-10-23,17:48:10,Dinner,TP,"[('Fish&Chips', 2), ('Salmon', 10), ('Pasta', 5)]",617.5,-37.8196665,144.9714792,0,7.876,11.9211507
ORDI06943,2018-12-10,19:19:26,Dinner,NS,"[('Shrimp', 7)]",378.0,-37.8022891,145.0027802,0,9.212,15.1998257
ORDB09581,2018-05-17,12:23:39,Lunch,TP,"[('Burger', 4), ('Fries', 4), ('Salad', 6)]",275.2,-37.8085307,144.9632838,0,8.779,12.0913993
ORDY04139,2018-11-16,18:38:52,Dinner,TP,"[('Shrimp', 8), ('Salmon', 8), ('Pasta', 10), ('Fish&Chips', 5)]",1210.0,-37.8186716,144.9612817,0,7.744,12.3771366
ORDA08346,2018-12-06,19:09:17,Dinner,BK,"[('Salmon', 8), ('Shrimp', 9)]",814.0,-37.8155922,144.9665938,0,7.518,14.1605441
ORDY02764,2018-12-02,19:09:17,Dinner,TP,"[('Fish&Chips', 4), ('Salmon', 5), ('Pasta', 6)]",510.0,-37.8026875,144.9595667,0,9.417,15.3299413
ORDX06662,2018-08-07,15:16:03,Lunch,BK,"[('Chicken', 1)]",32.0,-37.8252463,144.9507341,0,9.322,15.1717363
ORDC04166,2018-02-27,09:51:32,Breakfast,NS,"[('Coffee', 4), ('Cereal', 3), ('Eggs', 10)]",313.0,-37.8105086,144.9656708,0,7.443,12.2460429
ORDY09065,2018-09-29,16:57:27,Dinner,TP,"[('Pasta', 2), ('Shrimp', 1)]",109.0,-37.8019774,144.9527304,0,9.923,15.5480959
ORDJ01084,2018-04-27,11:43:05,Breakfast,TP,"[('Pancake', 8), ('Coffee', 5)]",231.5,-37.8134714,144.965322,0,8.223,10.9826358
ORDB08313,2018-05-15,12:23:39,Lunch,TP,"[('Chicken', 3), ('Fries', 7), ('Steak', 9), ('Salad', 7), ('Burger', 3)]",798.4,-37.821258,145.005661,0,11.139,13.8494165
ORDI01301,2018-07-25,14:45:38,Lunch,NS,"[('Salad', 9), ('Fries', 6), ('Steak', 2), ('Chicken', 8), ('Burger', 2)]",634.8,-37.8116827,144.9563755,0,8.114,12.907994
ORDJ03127,2018-01-15,08:20:16,Breakfast,TP,"[('Cereal', 9), ('Eggs', 5)]",299.0,-37.815102,144.9230496,1,12.324,7.2407834
ORDJ10198,2018-06-08,13:14:21,Lunch,TP,"[('Steak', 3), ('Fries', 2), ('Burger', 5), ('Salad', 8), ('Chicken', 6)]",643.6,-37.8048558,144.9513058,0,9.683,12.9390392
ORDX10068,2018-03-12,10:11:49,Breakfast,BK,"[('Pancake', 5), ('Eggs', 10), ('Coffee', 9), ('Cereal', 8)]",576.75,-37.8239948,144.9642918,0,8.403,13.7774831
ORDY00854,2018-05-28,12:54:05,Lunch,TP,"[('Fries', 4), ('Burger', 2), ('Salad', 4), ('Steak', 3), ('Chicken', 10)]",633.8,-37.79305,144.97572,0,10.919,14.4214729
ORDC05905,2018-08-09,15:16:03,Lunch,NS,"[('Salad', 6), ('Burger', 4), ('Steak', 2), ('Chicken', 5), ('Fries', 3)]",513.2,-37.8155255,144.9878219,0,8.945,14.7818924
ORDI03508,2018-06-23,13:44:47,Lunch,NS,"[('Salad', 7), ('Steak', 9), ('Fries', 10), ('Burger', 10), ('Chicken', 9)]",1243.4,-37.8052332,144.9693261,0,6.611,14.0444349
ORDZ00786,2018-09-15,16:27:02,Dinner,NS,"[('Salmon', 6), ('Shrimp', 5), ('Fish&Chips', 5), ('Pasta', 7)]",883.5,-37.8152264,144.9751988,0,7.921,15.7004773
ORDZ08256,2018-12-21,19:39:43,Dinner,NS,"[('Fish&Chips', 2), ('Pasta', 8), ('Salmon', 6)]",536.0,-37.8142946,144.9328163,0,9.093,15.3376768
ORDZ10826,2018-03-08,10:11:49,Breakfast,NS,"[('Cereal', 7), ('Pancake', 6), ('Eggs', 5)]",402.5,-37.8163429,144.965714,0,8.293,13.6993347
ORDK08657,2018-04-07,11:02:32,Breakfast,BK,"[('Coffee', 4), ('Cereal', 10), ('Eggs', 9), ('Pancake', 6)]",583.5,-37.8227021,145.0076149,0,4.555,11.9468105
ORDB10386,2018-06-26,13:44:47,Lunch,TP,"[('Chicken', 1), ('Burger', 8), ('Salad', 6), ('Fries', 7), ('Steak', 10)]",917.2,-37.8194749,144.9631403,0,7.563,10.8446564
ORDA04761,2018-02-27,09:51:32,Breakfast,BK,"[('Coffee', 4), ('Eggs', 4)]",118.0,-37.8105838,144.977713,0,6.297,11.4098366
ORDJ04518,2018-06-29,13:54:55,Lunch,TP,"[('Burger', 2), ('Salad', 8), ('Fries', 9), ('Chicken', 4), ('Steak', 2)]",525.6,-37.8197075,145.0036809,0,10.998,13.922382
ORDB06907,2018-01-15,08:20:16,Breakfast,TP,"[('Cereal', 5), ('Coffee', 3), ('Pancake', 6)]",273.0,-37.81575,144.9215559,1,12.173,6.9288639
ORDY03635,2018-11-21,18:38:52,Dinner,TP,"[('Salmon', 7), ('Pasta', 10), ('Fish&Chips', 5), ('Shrimp', 10)]",1277.0,-37.8133476,144.9357502,0,10.714,14.188361
ORDJ01823,2018-01-02,08:00:00,Breakfast,TP,"[('Eggs', 8), ('Pancake', 3), ('Cereal', 3)]",311.75,-37.8271781,144.9940628,1,10.062,6.3730261
ORDI00575,2018-03-27,10:42:15,Breakfast,NS,"[('Coffee', 2), ('Eggs', 6), ('Cereal', 1), ('Pancake', 1)]",192.25,-37.8171376,144.9856804,0,8.897,14.1885796
ORDZ09945,2018-05-16,12:23:39,Lunch,NS,"[('Chicken', 1), ('Steak', 10), ('Burger', 2)]",544.0,-37.8125263,144.9651644,0,7.73,13.403346
ORDZ04254,2018-07-27,14:45:38,Lunch,NS,"[('Chicken', 8), ('Burger', 5), ('Steak', 9)]",816.0,-37.8221438,144.978328,0,8.912,14.2660527
ORDK07728,2018-02-19,09:31:16,Breakfast,BK,"[('Coffee', 7), ('Cereal', 7)]",199.5,-37.8060917,144.9447994,0,9.146,14.0945822
ORDC06313,2018-03-03,10:01:41,Breakfast,NS,"[('Cereal', 9), ('Pancake', 5), ('Eggs', 7)]",464.25,-37.8096649,144.9727582,0,7.281,14.192807
ORDB00011,2018-04-15,11:22:49,Breakfast,TP,"[('Pancake', 6), ('Cereal', 2), ('Eggs', 4), ('Coffee', 1)]",283.0,-37.8135406,145.0103946,0,12.191,16.2465703
ORDC03950,2018-09-28,16:57:27,Dinner,NS,"[('Shrimp', 9), ('Fish&Chips', 1), ('Pasta', 1), ('Salmon', 9)]",917.5,-37.8058336,144.9474435,0,8.71,14.574418
ORDI00226,2018-10-24,17:48:10,Dinner,NS,"[('Salmon', 8), ('Fish&Chips', 6), ('Pasta', 1)]",565.5,-37.8116263,145.0067582,0,10.093,16.1391767
ORDJ07169,2018-01-21,08:40:33,Breakfast,TP,"[('Eggs', 8), ('Cereal', 2)]",218.0,-37.8065664,144.9667313,0,9.198,13.7875067
ORDJ04471,2018-06-11,13:14:21,Lunch,TP,"[('Steak', 5), ('Burger', 3), ('Salad', 4), ('Fries', 10), ('Chicken', 9)]",794.8,-37.8249533,144.9498338,0,8.656,11.6834273
ORDZ05186,2018-07-16,14:25:21,Lunch,NS,"[('Chicken', 1), ('Burger', 1), ('Fries', 1)]",75.0,-37.8057283,144.9550903,0,8.02,13.6432389
ORDJ05404,2018-03-20,10:32:06,Breakfast,TP,"[('Coffee', 9), ('Cereal', 7), ('Eggs', 8), ('Pancake', 7)]",560.25,-37.8120093,144.9591772,0,8.592,11.5477426
ORDJ00898,2018-12-08,19:19:26,Dinner,TP,"[('Salmon', 5), ('Pasta', 10)]",480.0,-37.8242187,144.9537168,0,8.195,13.8335279
ORDY10859,2018-11-20,18:38:52,Dinner,TP,"[('Pasta', 9), ('Salmon', 5), ('Fish&Chips', 6)]",662.5,-37.8181822,144.9521435,0,8.963,12.8478009
ORDZ00860,2018-08-18,15:36:20,Lunch,NS,"[('Steak', 8), ('Salad', 4)]",428.8,-37.8037125,144.963473,0,6.998,14.7678397
ORDA08606,2018-03-22,10:32:06,Breakfast,BK,"[('Cereal', 2), ('Pancake', 8), ('Eggs', 7)]",390.0,-37.8145419,145.0139865,0,3.784,8.6255348
ORDA03156,2018-08-11,15:16:03,Lunch,BK,"[('Chicken', 5), ('Burger', 1), ('Steak', 3), ('Salad', 4), ('Fries', 6)]",466.8,-37.8120227,144.9866651,0,5.531,13.8972297
ORDB01366,2018-04-19,11:32:57,Breakfast,TP,"[('Eggs', 2), ('Cereal', 10), ('Pancake', 2)]",302.5,-37.8142821,144.9744207,0,8.523,11.2760188
ORDY07682,2018-11-07,18:18:35,Dinner,TP,"[('Salmon', 3), ('Fish&Chips', 4), ('Shrimp', 1)]",317.0,-37.809128,144.9609769,0,8.622,12.8378315
ORDI02875,2018-03-07,10:01:41,Breakfast,NS,"[('Cereal', 4), ('Eggs', 6), ('Coffee', 1)]",223.5,-37.8071932,144.9674688,0,6.945,12.0434089
ORDK03532,2018-07-16,14:25:21,Lunch,BK,"[('Chicken', 4), ('Burger', 5), ('Salad', 7)]",403.4,-37.8198422,144.9408034,0,9.989,16.0696068
ORDA04127,2018-01-30,08:50:42,Breakfast,BK,"[('Cereal', 10), ('Eggs', 4), ('Coffee', 1), ('Pancake', 8)]",499.5,-37.8231264,144.9780934,0,7.193,12.3089979
ORDZ02968,2018-12-14,19:29:34,Dinner,NS,"[('Shrimp', 5), ('Fish&Chips', 2), ('Pasta', 9)]",587.5,-37.8255456,144.9515297,0,10.165,16.1617837
ORDB00392,2018-06-22,13:44:47,Lunch,TP,"[('Chicken', 10), ('Burger', 2), ('Fries', 3), ('Steak', 1)]",463.0,-37.8044873,144.9290548,0,11.319,14.3673418
ORDX10088,2018-09-05,16:06:45,Dinner,BK,"[('Shrimp', 5), ('Pasta', 3)]",352.5,-37.8149362,144.9273511,0,11.88,19.2104679
ORDB01522,2018-08-22,15:46:28,Lunch,TP,"[('Chicken', 2), ('Burger', 2), ('Steak', 7), ('Salad', 5)]",527.0,-37.8091174,144.9368711,0,10.563,13.4581162
ORDX06361,2018-02-06,09:10:59,Breakfast,BK,"[('Eggs', 3), ('Cereal', 5), ('Pancake', 1), ('Coffee', 7)]",247.75,-37.8246942,144.9889731,0,6.417,11.0771268
ORDZ07386,2018-07-27,14:45:38,Lunch,NS,"[('Burger', 5), ('Fries', 9), ('Steak', 2), ('Chicken', 1)]",385.0,-37.7995965,144.9695882,0,6.247,12.1509545
ORDY10971,2018-12-12,19:29:34,Dinner,TP,"[('Salmon', 3), ('Shrimp', 10), ('Pasta', 6)]",828.0,-37.8143599,144.9658294,0,8.262,12.7009067
ORDX04281,2018-06-27,13:44:47,Lunch,BK,"[('Fries', 2), ('Chicken', 1), ('Burger', 9), ('Steak', 1)]",380.0,-37.804485,145.0039791,0,5.681,11.6938594
ORDK06634,2018-03-22,10:32:06,Breakfast,BK,"[('Eggs', 10), ('Coffee', 9)]",287.5,-37.8174039,144.9619702,0,7.983,12.811546
ORDX10060,2018-05-19,12:33:48,Lunch,BK,"[('Steak', 3), ('Burger', 2)]",197.0,-37.8026418,144.9938728,0,5.4,13.9121576
ORDZ08165,2018-05-22,12:33:48,Lunch,NS,"[('Fries', 9), ('Salad', 1), ('Chicken', 3)]",221.2,-37.8051025,144.9492222,0,8.492,14.0858015
ORDX08396,2018-01-20,08:30:25,Breakfast,BK,"[('Eggs', 3), ('Pancake', 4), ('Cereal', 2), ('Coffee', 6)]",250.0,-37.8065665,144.9593329,0,7.834,15.2288572
ORDC03903,2018-07-28,14:55:46,Lunch,NS,"[('Fries', 1), ('Chicken', 9), ('Salad', 1)]",317.2,-37.8139932,144.9601685,0,8.179,15.9080226
ORDX01446,2018-04-23,11:43:05,Breakfast,BK,"[('Coffee', 4), ('Cereal', 8)]",198.0,-37.8018643,144.9584873,0,8.102,12.982803
ORDB00748,2018-10-31,17:58:18,Dinner,TP,"[('Fish&Chips', 9), ('Pasta', 1), ('Shrimp', 6), ('Salmon', 6)]",912.5,-37.8207747,144.9623002,0,7.343,11.5651726
ORDA03199,2018-08-06,15:05:54,Lunch,BK,"[('Salad', 3), ('Fries', 9), ('Chicken', 9), ('Steak', 3)]",582.6,-37.8056711,144.9635518,0,7.516,13.4995556
ORDX02126,2018-01-04,08:00:00,Breakfast,BK,"[('Pancake', 7), ('Eggs', 10), ('Coffee', 10)]",464.75,-37.8039338,144.9382392,1,10.119,7.8483366
ORDY09215,2018-07-09,14:15:12,Lunch,TP,"[('Salad', 3), ('Steak', 3)]",186.6,-37.822002,144.9686698,0,7.813,11.4586263
ORDB07783,2018-10-20,17:38:01,Dinner,TP,"[('Fish&Chips', 10), ('Shrimp', 2), ('Pasta', 6), ('Salmon', 4)]",787.0,-37.8192068,144.9636187,0,7.832,13.537971
ORDZ10525,2018-02-12,09:21:07,Breakfast,NS,"[('Cereal', 10), ('Eggs', 9), ('Pancake', 8)]",602.0,-37.8158964,144.972506,0,7.881,12.9612986
ORDZ03362,2018-09-15,16:27:02,Dinner,NS,"[('Pasta', 3), ('Fish&Chips', 5), ('Shrimp', 2)]",365.5,-37.8009681,145.0035962,0,9.42,17.1951036
ORDA09167,2018-10-24,17:48:10,Dinner,BK,"[('Fish&Chips', 4), ('Salmon', 9), ('Pasta', 1)]",536.5,-37.8054264,144.9711044,0,6.87,13.8336939
ORDZ03128,2018-03-06,10:01:41,Breakfast,NS,"[('Cereal', 8), ('Eggs', 3), ('Coffee', 9), ('Pancake', 7)]",471.25,-37.813159,144.9515139,0,8.57,13.9012824
ORDY04217,2018-05-22,12:33:48,Lunch,TP,"[('Chicken', 10), ('Fries', 2)]",344.0,-37.8179488,144.9905544,0,9.772,13.3512623
ORDK05916,2018-12-02,19:09:17,Dinner,BK,"[('Pasta', 9), ('Shrimp', 9), ('Salmon', 5)]",938.5,-37.8020013,144.98782,0,5.958,15.5259378
ORDK08496,2018-09-02,16:06:45,Dinner,BK,"[('Shrimp', 3), ('Fish&Chips', 5), ('Pasta', 1)]",364.5,-37.81342,144.9657097,0,7.481,16.9410892
ORDY08486,2018-10-04,17:07:36,Dinner,TP,"[('Shrimp', 4), ('Salmon', 2)]",298.0,-37.8200726,144.9671945,0,7.466,11.9677163
ORDB00865,2018-02-22,09:41:24,Breakfast,TP,"[('Pancake', 1), ('Coffee', 10)]",99.25,-37.8237149,145.0153917,0,11.951,15.074365
ORDI07949,2018-01-16,08:30:25,Breakfast,NS,"[('Pancake', 10), ('Eggs', 7), ('Coffee', 10), ('Cereal', 8)]",639.5,-37.8133731,144.9381111,1,9.798,7.5496384
ORDY06140,2018-06-08,13:14:21,Lunch,TP,"[('Fries', 2), ('Steak', 3)]",159.0,-37.8050575,144.951791,0,9.607,12.6821016
ORDX01770,2018-12-13,19:29:34,Dinner,BK,"[('Fish&Chips', 7), ('Shrimp', 6), ('Pasta', 1), ('Salmon', 2)]",678.5,-37.818797,144.9569116,0,8.473,15.9015949
ORDA08630,2018-01-12,08:20:16,Breakfast,BK,"[('Coffee', 7), ('Eggs', 1)]",74.5,-37.8093102,144.9721699,1,6.709,6.1232873
ORDI02150,2018-10-09,17:17:44,Dinner,NS,"[('Shrimp', 2), ('Fish&Chips', 6)]",318.0,-37.8119873,144.9522871,0,8.588,13.9986344
ORDX01856,2018-06-26,13:44:47,Lunch,BK,"[('Steak', 5), ('Chicken', 9)]",513.0,-37.8191281,144.9651789,0,8.155,13.915325
ORDB09427,2018-05-03,12:03:22,Lunch,TP,"[('Chicken', 7), ('Burger', 4), ('Salad', 9), ('Fries', 3), ('Steak', 2)]",628.8,-37.8039769,145.0028892,0,11.823,14.7327463
ORDB05814,2018-06-03,13:04:13,Lunch,TP,"[('Burger', 5), ('Steak', 10), ('Salad', 1), ('Fries', 6)]",694.2,-37.816446,144.9710005,0,8.071,12.3251419
ORDI10190,2018-01-25,08:40:33,Breakfast,NS,"[('Eggs', 8), ('Cereal', 7)]",323.0,-37.824365,144.9918591,0,9.795,15.1774955
ORDB02273,2018-10-31,17:58:18,Dinner,TP,"[('Pasta', 7), ('Shrimp', 8), ('Fish&Chips', 4), ('Salmon', 2)]",846.5,-37.8131742,144.9449747,0,9.707,13.8584763
ORDJ03652,2018-01-02,08:00:00,Breakfast,TP,"[('Pancake', 4), ('Cereal', 1)]",118.0,-37.8140807,144.9445408,1,9.675,5.5272045
ORDI10195,2018-01-20,08:30:25,Breakfast,NS,"[('Coffee', 2), ('Eggs', 1)]",37.0,-37.8232156,145.0030157,0,10.761,17.7143268
ORDK10104,2018-04-10,11:12:40,Breakfast,BK,"[('Coffee', 5), ('Pancake', 10)]",280.0,-37.8207611,144.9670767,0,7.924,13.0602233
ORDA07557,2018-06-24,13:44:47,Lunch,BK,"[('Burger', 4), ('Fries', 8), ('Steak', 8), ('Chicken', 9), ('Salad', 8)]",1005.6,-37.825771,144.9828691,0,7.013,15.0563372
ORDY07616,2018-06-14,13:24:30,Lunch,TP,"[('Fries', 1), ('Salad', 2), ('Burger', 5), ('Chicken', 1)]",233.4,-37.7994547,144.9681759,0,10.034,13.8042084
ORDJ02704,2018-10-25,17:48:10,Dinner,TP,"[('Shrimp', 2), ('Salmon', 9), ('Pasta', 7)]",669.5,-37.8205146,144.9661206,0,7.417,12.268062
ORDZ07959,2018-10-02,17:07:36,Dinner,NS,"[('Pasta', 2), ('Shrimp', 7), ('Salmon', 8)]",761.0,-37.8124968,144.9852763,0,8.558,15.0111585
ORDY09998,2018-03-14,10:21:58,Breakfast,TP,"[('Cereal', 6), ('Coffee', 8), ('Pancake', 8)]",380.0,-37.823017,145.014163,0,11.888,14.1161826
ORDY01939,2018-09-25,16:47:19,Dinner,TP,"[('Fish&Chips', 9), ('Pasta', 2), ('Shrimp', 5)]",640.0,-37.8028155,144.9673787,0,9.63,13.209793
ORDK09686,2018-04-12,11:22:49,Breakfast,BK,"[('Cereal', 1), ('Pancake', 1), ('Eggs', 10), ('Coffee', 8)]",325.25,-37.8019936,144.9443023,0,9.259,14.4518896
ORDY06181,2018-08-23,15:46:28,Lunch,TP,"[('Steak', 1), ('Chicken', 2)]",109.0,-37.8044113,144.9935662,0,11.036,13.8402338
ORDA04216,2018-05-12,12:13:31,Lunch,BK,"[('Chicken', 3), ('Fries', 4), ('Burger', 3), ('Steak', 7)]",552.0,-37.7996552,144.9371242,0,11.468,20.0199887
ORDK08880,2018-12-05,19:09:17,Dinner,BK,"[('Salmon', 2), ('Shrimp', 9), ('Fish&Chips', 9), ('Pasta', 5)]",1020.5,-37.8196979,144.9514965,0,8.946,16.2067085
ORDK04395,2018-04-10,11:12:40,Breakfast,BK,"[('Coffee', 2), ('Cereal', 7), ('Pancake', 8)]",356.0,-37.8113935,145.0014914,0,4.221,9.3757951
ORDX10281,2018-09-20,16:37:10,Dinner,BK,"[('Fish&Chips', 2), ('Pasta', 3)]",152.5,-37.8145666,145.0143837,0,4.417,11.3517352
ORDJ08940,2018-11-06,18:18:35,Dinner,TP,"[('Fish&Chips', 5), ('Shrimp', 7), ('Pasta', 5)]",690.5,-37.8124336,144.9621758,0,8.245,12.0669726
ORDK05612,2018-11-06,18:18:35,Dinner,BK,"[('Fish&Chips', 1), ('Pasta', 9)]",282.5,-37.8133626,144.962603,0,7.724,14.8091829
ORDK01798,2018-02-04,09:00:50,Breakfast,BK,"[('Cereal', 4), ('Eggs', 2), ('Pancake', 10)]",370.5,-37.8011957,144.9325838,0,10.472,17.9709266
ORDK05405,2018-11-28,18:59:09,Dinner,BK,"[('Fish&Chips', 8), ('Salmon', 1)]",321.0,-37.8094472,144.9725884,0,6.702,13.5812194
ORDI10613,2018-07-30,14:55:46,Lunch,NS,"[('Burger', 4), ('Chicken', 5), ('Fries', 7), ('Salad', 5)]",454.0,-37.8010284,144.97023,0,6.138,11.7896218
ORDA01658,2018-09-08,16:16:54,Dinner,BK,"[('Fish&Chips', 5), ('Pasta', 8), ('Salmon', 8), ('Shrimp', 2)]",831.0,-37.8209853,144.9767008,0,7.257,17.4750623
ORDK04091,2018-12-03,19:09:17,Dinner,BK,"[('Fish&Chips', 6), ('Salmon', 1), ('Shrimp', 10)]",791.0,-37.8011831,144.9997026,0,5.335,11.6982334
ORDA10657,2018-11-27,18:59:09,Dinner,BK,"[('Salmon', 7), ('Shrimp', 4), ('Fish&Chips', 5), ('Pasta', 9)]",925.5,-37.8134322,144.9409425,0,9.605,16.5145511
ORDK04964,2018-04-04,11:02:32,Breakfast,BK,"[('Pancake', 2), ('Cereal', 5), ('Eggs', 5)]",263.5,-37.8173004,144.9257972,0,11.26,15.6945257
ORDA08848,2018-10-29,17:58:18,Dinner,BK,"[('Pasta', 5), ('Salmon', 4)]",301.5,-37.8196115,144.9688632,0,8.139,15.1639553
ORDY08851,2018-08-31,15:56:37,Lunch,TP,"[('Steak', 7), ('Fries', 6), ('Chicken', 1), ('Burger', 5), ('Salad', 5)]",660.0,-37.8078691,144.9615966,0,8.838,12.2935379
ORDY10271,2018-04-16,11:22:49,Breakfast,TP,"[('Coffee', 1), ('Pancake', 7), ('Eggs', 6), ('Cereal', 7)]",456.25,-37.8103554,144.969275,0,8.825,12.2819258
ORDJ05328,2018-11-26,18:49:00,Dinner,TP,"[('Fish&Chips', 6), ('Salmon', 8), ('Pasta', 8)]",758.0,-37.8213358,144.9844195,0,9.046,13.5380868
ORDI06008,2018-12-08,19:19:26,Dinner,NS,"[('Fish&Chips', 9), ('Shrimp', 2)]",423.0,-37.8241865,144.9537961,0,9.865,16.9373328
ORDY06835,2018-10-10,17:17:44,Dinner,TP,"[('Salmon', 10), ('Fish&Chips', 4)]",550.0,-37.8120045,144.9530313,0,8.982,13.3863074
ORDK05232,2018-07-26,14:45:38,Lunch,BK,"[('Steak', 3), ('Chicken', 10), ('Fries', 2), ('Salad', 5)]",565.0,-37.8050581,144.9343681,0,10.568,16.310131
ORDB01699,2018-09-07,16:16:54,Dinner,TP,"[('Shrimp', 8), ('Salmon', 10), ('Fish&Chips', 8), ('Pasta', 7)]",1314.5,-37.8205277,144.9767417,0,8.775,12.784669
ORDC06516,2018-09-29,16:57:27,Dinner,NS,"[('Salmon', 6), ('Pasta', 10), ('Shrimp', 7), ('Fish&Chips', 1)]",934.0,-37.8044101,144.9524597,0,8.107,15.425535
ORDX09328,2018-05-22,12:33:48,Lunch,BK,"[('Chicken', 4), ('Fries', 8), ('Burger', 6)]",410.0,-37.8175757,144.9671415,0,7.449,13.5607639
ORDK04283,2018-01-09,08:10:08,Breakfast,BK,"[('Cereal', 9)]",189.0,-37.8097121,144.9712061,1,6.814,5.6398878
ORDB08125,2018-09-21,16:37:10,Dinner,TP,"[('Fish&Chips', 3), ('Shrimp', 1), ('Pasta', 8), ('Salmon', 9)]",748.0,-37.8123062,144.9374357,0,10.693,14.3306971
ORDA09497,2018-08-16,15:26:11,Lunch,BK,"[('Fries', 2), ('Chicken', 4)]",152.0,-37.8113201,145.0004866,0,4.158,9.7298414
ORDK08285,2018-01-05,08:00:00,Breakfast,BK,"[('Eggs', 10), ('Cereal', 8), ('Coffee', 7), ('Pancake', 1)]",464.75,-37.8118639,144.938485,1,9.846,7.4761784
ORDK05527,2018-08-23,15:46:28,Lunch,BK,"[('Salad', 1), ('Steak', 2), ('Chicken', 3), ('Fries', 9)]",311.2,-37.7976237,144.9932622,0,6.054,12.0701758
ORDX06407,2018-02-11,09:21:07,Breakfast,BK,"[('Pancake', 7), ('Coffee', 2), ('Cereal', 5), ('Eggs', 2)]",333.75,-37.8146708,144.9691308,0,7.281,14.2997839
ORDJ04011,2018-07-05,14:05:04,Lunch,TP,"[('Salad', 10), ('Steak', 7), ('Burger', 3), ('Chicken', 9), ('Fries', 3)]",904.0,-37.8002715,144.9599632,0,9.696,13.2424556
ORDI06546,2018-08-28,15:56:37,Lunch,NS,"[('Steak', 2), ('Burger', 4), ('Salad', 1)]",231.2,-37.8142003,144.96317,0,8.076,13.1473388
ORDZ04752,2018-08-20,15:36:20,Lunch,NS,"[('Chicken', 8), ('Fries', 3), ('Steak', 8), ('Salad', 2), ('Burger', 3)]",779.4,-37.8050204,144.9556661,0,7.901,13.4175261
ORDA01907,2018-08-19,15:36:20,Lunch,BK,"[('Steak', 2), ('Salad', 3), ('Chicken', 6)]",333.6,-37.8157564,144.9583646,0,8.197,16.349855
ORDZ09291,2018-07-08,14:15:12,Lunch,NS,"[('Burger', 7), ('Steak', 4)]",397.0,-37.8163322,144.9781334,0,8.395,15.7093168
ORDC10762,2018-04-11,11:12:40,Breakfast,NS,"[('Eggs', 2), ('Coffee', 6), ('Pancake', 10)]",331.5,-37.824005,144.9559912,0,10.215,15.3051412
ORDX09799,2018-09-02,16:06:45,Dinner,BK,"[('Fish&Chips', 4), ('Pasta', 5), ('Shrimp', 8), ('Salmon', 6)]",955.5,-37.8148419,144.9607171,0,7.956,17.1174298
ORDY07180,2018-12-04,19:09:17,Dinner,TP,"[('Fish&Chips', 4), ('Salmon', 8), ('Shrimp', 9), ('Pasta', 7)]",1146.5,-37.8244094,144.9693686,0,8.138,11.643674
ORDK00285,2018-02-08,09:10:59,Breakfast,BK,"[('Eggs', 4), ('Coffee', 2), ('Cereal', 2)]",145.0,-37.8213321,144.9769858,0,7.239,12.1509789
ORDJ09371,2018-07-31,14:55:46,Lunch,TP,"[('Fries', 3), ('Steak', 8), ('Burger', 9)]",675.0,-37.799685,144.9624435,0,9.827,13.4435916
ORDA09435,2018-01-06,08:10:08,Breakfast,BK,"[('Pancake', 6), ('Eggs', 7), ('Cereal', 4), ('Coffee', 4)]",413.5,-37.8112924,144.9637186,1,7.65,7.3554161
ORDB09534,2018-09-17,16:37:10,Dinner,TP,"[('Fish&Chips', 2), ('Pasta', 2)]",125.0,-37.8079093,144.995935,0,10.863,15.0515659
ORDK07307,2018-05-16,12:23:39,Lunch,BK,"[('Salad', 1), ('Burger', 5), ('Fries', 1)]",184.2,-37.7992931,145.0056747,0,4.928,10.8070699
ORDX10057,2018-02-14,09:21:07,Breakfast,BK,"[('Pancake', 6), ('Cereal', 4)]",229.5,-37.8248784,144.9797757,0,7.217,11.6861293
ORDJ08120,2018-10-05,17:07:36,Dinner,TP,"[('Shrimp', 2), ('Salmon', 2), ('Fish&Chips', 8), ('Pasta', 5)]",607.5,-37.8137935,144.9684686,0,8.31,12.269894
ORDA06580,2018-01-25,08:40:33,Breakfast,BK,"[('Pancake', 4), ('Eggs', 10), ('Cereal', 1), ('Coffee', 6)]",383.0,-37.8120717,144.9451037,0,9.202,13.671326
ORDC00599,2018-08-12,15:26:11,Lunch,NS,"[('Salad', 2), ('Fries', 10), ('Burger', 2)]",216.4,-37.8129835,144.988359,0,8.766,15.650035
ORDI01855,2018-07-05,14:05:04,Lunch,NS,"[('Fries', 3), ('Steak', 2), ('Chicken', 3)]",222.0,-37.8058417,144.9364965,0,9.762,14.9864818
ORDC10742,2018-08-02,15:05:54,Lunch,NS,"[('Burger', 2), ('Fries', 8)]",158.0,-37.7997046,144.9550666,0,7.496,13.4043025
ORDX08262,2018-03-16,10:21:58,Breakfast,BK,"[('Eggs', 6), ('Cereal', 9)]",321.0,-37.8123555,144.9898132,0,5.245,9.992511
ORDB02972,2018-09-09,16:16:54,Dinner,TP,"[('Fish&Chips', 2), ('Shrimp', 9), ('Pasta', 3)]",638.5,-37.818092,145.004087,0,11.037,16.2453691
ORDA07922,2018-07-04,14:05:04,Lunch,BK,"[('Chicken', 2)]",64.0,-37.8178873,144.9466472,0,9.422,15.6432777
ORDY07629,2018-08-11,15:16:03,Lunch,TP,"[('Fries', 6), ('Chicken', 8), ('Salad', 7)]",448.4,-37.8189575,144.9527964,0,8.579,13.3412887
ORDK00212,2018-12-04,19:09:17,Dinner,BK,"[('Shrimp', 8), ('Pasta', 10)]",707.0,-37.8246605,144.9694812,0,8.15,15.1423291
ORDI06195,2018-10-10,17:17:44,Dinner,NS,"[('Pasta', 8), ('Fish&Chips', 10), ('Salmon', 6)]",816.0,-37.8116493,144.9528672,0,8.508,14.0146783
ORDA02267,2018-01-18,08:30:25,Breakfast,BK,"[('Pancake', 7), ('Eggs', 5), ('Coffee', 7)]",332.25,-37.8218111,145.0152991,1,4.668,4.6731433
ORDX10682,2018-11-14,18:28:43,Dinner,BK,"[('Salmon', 9), ('Shrimp', 7), ('Pasta', 10), ('Fish&Chips', 9)]",1337.0,-37.8016387,144.9846025,0,6.302,12.8925185
ORDC06550,2018-06-04,13:04:13,Lunch,NS,"[('Steak', 6), ('Burger', 10), ('Chicken', 7), ('Salad', 10), ('Fries', 6)]",1048.0,-37.8202483,144.970656,0,8.763,14.100377
ORDA02584,2018-01-06,08:10:08,Breakfast,BK,"[('Eggs', 3), ('Coffee', 3)]",88.5,-37.8135331,144.9373574,1,10.092,8.8448216
ORDJ04476,2018-03-17,10:21:58,Breakfast,TP,"[('Coffee', 9), ('Cereal', 9), ('Eggs', 8), ('Pancake', 2)]",481.0,-37.8074851,144.9421481,0,10.153,14.1052231
ORDC05154,2018-03-04,10:01:41,Breakfast,NS,"[('Pancake', 8), ('Coffee', 8), ('Eggs', 6), ('Cereal', 4)]",470.0,-37.8148083,144.9814605,0,8.365,15.0095635
ORDY08576,2018-03-19,10:32:06,Breakfast,TP,"[('Pancake', 6), ('Eggs', 10)]",365.5,-37.8141845,144.9518064,0,8.959,11.6315677
ORDC00987,2018-06-18,13:34:38,Lunch,NS,"[('Fries', 3), ('Steak', 9), ('Salad', 6), ('Chicken', 6)]",736.2,-37.8184825,144.9747793,0,8.491,14.2259955
ORDZ07655,2018-07-05,14:05:04,Lunch,NS,"[('Steak', 5), ('Burger', 7), ('Fries', 3), ('Salad', 3)]",529.6,-37.7992426,144.9625463,0,6.91,11.8936312
ORDY10528,2018-12-20,19:39:43,Dinner,TP,"[('Fish&Chips', 2), ('Pasta', 9), ('Salmon', 6)]",563.5,-37.813111,144.9335591,0,11.346,15.0136924
ORDA10874,2018-08-02,15:05:54,Lunch,BK,"[('Fries', 9), ('Chicken', 1), ('Steak', 10), ('Burger', 7)]",807.0,-37.8129341,144.9483348,0,10.323,16.2248092
ORDI02656,2018-09-28,16:57:27,Dinner,NS,"[('Salmon', 6), ('Fish&Chips', 7)]",491.0,-37.8063079,144.9498941,0,8.502,14.4651732
ORDC02673,2018-05-26,12:43:56,Lunch,NS,"[('Fries', 6), ('Chicken', 6), ('Steak', 2), ('Salad', 10)]",526.0,-37.8188355,144.9546761,0,9.133,17.1123775
ORDI08142,2018-03-10,10:11:49,Breakfast,NS,"[('Coffee', 3), ('Pancake', 5), ('Eggs', 10), ('Cereal', 2)]",405.75,-37.8114931,144.9813197,0,8.05,15.0030901
ORDK03703,2018-12-13,19:29:34,Dinner,BK,"[('Shrimp', 8), ('Pasta', 6), ('Fish&Chips', 3)]",702.0,-37.822044,144.9507315,0,8.994,15.7714752
ORDA05705,2018-05-22,12:33:48,Lunch,BK,"[('Salad', 9), ('Fries', 9)]",262.79999999999995,-37.8064804,144.9452581,0,9.341,14.9912685
ORDK09874,2018-11-09,18:18:35,Dinner,BK,"[('Fish&Chips', 3), ('Pasta', 3), ('Salmon', 6)]",433.5,-37.8240477,144.9568801,0,9.159,15.6083042
ORDX01905,2018-08-11,15:16:03,Lunch,BK,"[('Salad', 6), ('Burger', 10), ('Chicken', 3), ('Steak', 3), ('Fries', 10)]",764.2,-37.8080981,144.9481678,0,8.95,17.3206421
ORDK01013,2018-06-22,13:34:38,Lunch,BK,"[('Salad', 1), ('Fries', 9), ('Steak', 2), ('Chicken', 6), ('Burger', 5)]",562.2,-37.8043288,145.0007417,0,4.873,11.2714911
ORDC10821,2018-05-19,12:33:48,Lunch,NS,"[('Salad', 3), ('Steak', 4), ('Chicken', 1)]",263.6,-37.8040123,144.9692993,0,6.496,13.8226499
ORDB06117,2018-07-08,14:15:12,Lunch,TP,"[('Burger', 5), ('Salad', 6), ('Fries', 4), ('Chicken', 1)]",338.2,-37.8053871,144.9414588,0,10.379,14.574911
ORDA05606,2018-04-29,11:53:14,Breakfast,BK,"[('Cereal', 4), ('Pancake', 4), ('Coffee', 9), ('Eggs', 10)]",468.5,-37.8174985,145.0055245,0,4.243,11.5637531
ORDC05162,2018-11-25,18:49:00,Dinner,NS,"[('Fish&Chips', 1), ('Shrimp', 4), ('Pasta', 4), ('Salmon', 6)]",607.0,-37.8198073,144.9810554,0,8.83,17.3684687
ORDK07157,2018-10-15,17:27:53,Dinner,BK,"[('Salmon', 4), ('Shrimp', 1)]",218.0,-37.8095988,144.9755558,0,6.416,12.7648121
ORDB08768,2018-08-20,15:36:20,Lunch,TP,"[('Steak', 2), ('Chicken', 7), ('Fries', 7), ('Salad', 2)]",432.4,-37.8027816,144.9473529,0,10.099,13.3619425
ORDA10913,2018-04-16,11:22:49,Breakfast,BK,"[('Cereal', 3), ('Eggs', 10), ('Coffee', 5), ('Pancake', 3)]",393.25,-37.8101963,144.9697917,0,6.957,11.6947314
ORDK04274,2018-06-27,13:54:55,Lunch,BK,"[('Chicken', 3), ('Steak', 7), ('Burger', 9), ('Fries', 4), ('Salad', 6)]",841.2,-37.8257062,144.9848302,0,6.838,12.5284441
ORDA03449,2018-02-26,09:51:32,Breakfast,BK,"[('Cereal', 8), ('Coffee', 5), ('Eggs', 1), ('Pancake', 1)]",251.75,-37.8094971,144.9722022,0,6.728,11.6153074
ORDC09175,2018-09-11,16:27:02,Dinner,NS,"[('Shrimp', 6), ('Pasta', 8), ('Fish&Chips', 7), ('Salmon', 9)]",1158.0,-37.8080424,144.9688977,0,6.94,13.1180453
ORDC10230,2018-05-27,12:43:56,Lunch,NS,"[('Fries', 2), ('Salad', 7), ('Chicken', 8)]",400.4,-37.8183685,145.0146615,0,11.635,19.8715163
ORDZ06700,2018-02-24,09:41:24,Breakfast,NS,"[('Coffee', 4), ('Cereal', 2), ('Eggs', 1), ('Pancake', 6)]",239.5,-37.8119176,145.0096674,0,10.351,17.4582989
ORDX04222,2018-06-25,13:44:47,Lunch,BK,"[('Salad', 10), ('Burger', 4), ('Fries', 3), ('Chicken', 5)]",492.0,-37.8247212,144.9828449,0,7.081,12.6267032
ORDC01145,2018-11-18,18:38:52,Dinner,NS,"[('Shrimp', 6), ('Fish&Chips', 4)]",464.0,-37.8000976,144.9699674,0,6.155,14.2944375
ORDC01903,2018-10-22,17:48:10,Dinner,NS,"[('Shrimp', 8), ('Pasta', 4), ('Salmon', 9)]",911.0,-37.8138993,145.0072957,0,10.415,16.1206024
ORDB07629,2018-03-26,10:42:15,Breakfast,TP,"[('Coffee', 6), ('Eggs', 3), ('Cereal', 8), ('Pancake', 10)]",521.5,-37.8142019,144.9494714,0,9.87,11.8415018
ORDC08725,2018-08-18,15:36:20,Lunch,NS,"[('Salad', 1), ('Burger', 7), ('Chicken', 2)]",298.2,-37.813288,145.0104152,0,10.577,17.9340934
ORDZ06078,2018-06-06,13:04:13,Lunch,NS,"[('Steak', 10), ('Burger', 10), ('Salad', 3), ('Chicken', 2), ('Fries', 7)]",959.6,-37.8046982,144.9615629,0,4.05,9.802055
ORDK07441,2018-03-19,10:32:06,Breakfast,BK,"[('Pancake', 1), ('Eggs', 9), ('Coffee', 1), ('Cereal', 1)]",250.75,-37.8176167,144.9708124,0,7.846,11.9652765
ORDB09703,2018-05-21,12:33:48,Lunch,TP,"[('Salad', 8), ('Chicken', 7), ('Fries', 5)]",421.6,-37.8058148,144.9581765,0,9.111,12.4095008
ORDY10711,2018-06-11,13:14:21,Lunch,TP,"[('Burger', 5), ('Salad', 6), ('Chicken', 4), ('Steak', 3), ('Fries', 6)]",593.2,-37.8242729,144.9473379,0,8.803,12.4885899
ORDA03328,2018-07-22,14:35:29,Lunch,BK,"[('Salad', 5), ('Fries', 4), ('Chicken', 1)]",166.0,-37.8126386,144.9735827,0,6.836,14.5919484
ORDB06525,2018-11-29,18:59:09,Dinner,TP,"[('Salmon', 5), ('Shrimp', 1)]",259.0,-37.813268,144.9702721,0,8.481,13.2071041
ORDI02622,2018-06-14,13:24:30,Lunch,NS,"[('Salad', 7), ('Chicken', 6), ('Fries', 5)]",372.4,-37.8225768,144.9719802,0,9.113,14.5558448
ORDA03924,2018-06-01,12:54:05,Lunch,BK,"[('Salad', 8), ('Burger', 1), ('Chicken', 4), ('Fries', 6)]",368.6,-37.8253258,144.9569336,0,8.868,14.9103528
ORDA09614,2018-09-30,16:57:27,Dinner,BK,"[('Salmon', 9), ('Shrimp', 7)]",747.0,-37.8144874,144.943067,0,9.42,19.2025462
ORDB09558,2018-01-18,08:30:25,Breakfast,TP,"[('Pancake', 9), ('Eggs', 2), ('Cereal', 3)]",325.25,-37.8200701,144.952914,1,8.734,5.5802105
ORDX02560,2018-08-22,15:36:20,Lunch,BK,"[('Burger', 6), ('Fries', 2), ('Chicken', 8), ('Steak', 9), ('Salad', 9)]",1025.8,-37.8072167,144.9598518,0,7.727,13.2651853
ORDA03028,2018-05-04,12:03:22,Lunch,BK,"[('Chicken', 7), ('Salad', 2), ('Steak', 9), ('Fries', 9), ('Burger', 6)]",957.4,-37.8024333,144.9381113,0,10.427,16.2012179
ORDJ07365,2018-05-08,12:13:31,Lunch,TP,"[('Steak', 1), ('Burger', 7), ('Chicken', 9), ('Salad', 2)]",584.4,-37.791144,144.9368632,0,12.084,15.3506216
ORDZ06733,2018-12-18,19:39:43,Dinner,NS,"[('Shrimp', 9), ('Fish&Chips', 7), ('Pasta', 7)]",923.5,-37.8100542,144.9476531,0,8.914,14.4747488
ORDJ01376,2018-11-11,18:18:35,Dinner,TP,"[('Salmon', 7), ('Pasta', 4)]",397.0,-37.8199355,144.9844445,0,9.301,14.7096738
ORDX09115,2018-04-21,11:32:57,Breakfast,BK,"[('Cereal', 2), ('Eggs', 4)]",130.0,-37.8176508,144.9693844,0,7.691,14.9397506
ORDZ00970,2018-12-22,19:49:51,Dinner,NS,"[('Salmon', 1), ('Pasta', 1), ('Shrimp', 6)]",392.5,-37.8180144,144.9470579,0,9.526,17.700816
ORDC03041,2018-02-26,09:51:32,Breakfast,NS,"[('Eggs', 5), ('Cereal', 8)]",278.0,-37.8096215,144.9636214,0,7.427,12.4584485
ORDJ04950,2018-01-22,08:40:33,Breakfast,TP,"[('Cereal', 5), ('Eggs', 4), ('Pancake', 7)]",362.75,-37.8022993,145.0113069,0,12.614,14.9031271
ORDA01830,2018-08-09,15:16:03,Lunch,BK,"[('Burger', 9), ('Fries', 9)]",387.0,-37.7989401,144.9629875,0,8.228,13.7209874
ORDJ02818,2018-02-03,09:00:50,Breakfast,TP,"[('Eggs', 3), ('Cereal', 5), ('Pancake', 2)]",219.5,-37.8195447,144.9969251,0,10.39,15.033759
ORDB09358,2018-12-13,19:29:34,Dinner,TP,"[('Shrimp', 10), ('Pasta', 2)]",595.0,-37.8177809,144.9317784,0,10.759,14.6820347
ORDC02392,2018-04-26,11:43:05,Breakfast,NS,"[('Cereal', 9)]",189.0,-37.8017925,144.917105,0,11.128,16.4563257
ORDB05696,2018-07-06,14:05:04,Lunch,TP,"[('Steak', 8), ('Chicken', 7), ('Burger', 4), ('Salad', 5)]",794.0,-37.8211507,144.9982666,0,10.533,13.6810954
ORDZ00394,2018-06-27,13:54:55,Lunch,NS,"[('Chicken', 6), ('Salad', 7), ('Burger', 4), ('Steak', 1), ('Fries', 6)]",553.4,-37.8042953,144.9172316,0,11.481,17.1273324
ORDA08928,2018-05-14,12:23:39,Lunch,BK,"[('Fries', 5), ('Salad', 7)]",180.39999999999998,-37.8195118,144.9598887,0,8.136,13.7527672
ORDI06216,2018-12-17,19:39:43,Dinner,NS,"[('Fish&Chips', 9), ('Shrimp', 8), ('Pasta', 8), ('Salmon', 4)]",1131.0,-37.8057471,144.9517536,0,8.308,14.082305
ORDX05824,2018-07-16,14:25:21,Lunch,BK,"[('Chicken', 8), ('Steak', 3), ('Burger', 10), ('Fries', 2)]",725.0,-37.8226294,144.9519158,0,8.962,14.7535794
ORDI07477,2018-10-27,17:58:18,Dinner,NS,"[('Shrimp', 6), ('Salmon', 9)]",693.0,-37.8209796,144.9660643,0,8.922,17.125025
ORDZ05095,2018-08-07,15:16:03,Lunch,NS,"[('Salad', 10), ('Fries', 4)]",220.0,-37.8112181,144.9583727,0,7.94,13.2205914
ORDK05653,2018-03-30,10:52:23,Breakfast,BK,"[('Pancake', 10), ('Eggs', 7)]",396.5,-37.8162393,144.9640706,0,7.758,12.6002215
ORDY06362,2018-11-26,18:49:00,Dinner,TP,"[('Shrimp', 5), ('Salmon', 4)]",434.0,-37.804391,144.957621,0,9.274,13.4126567
ORDC01793,2018-02-02,09:00:50,Breakfast,NS,"[('Cereal', 7), ('Pancake', 5)]",268.25,-37.8199156,145.0116616,0,11.172,16.2836824
ORDJ07726,2018-03-13,10:21:58,Breakfast,TP,"[('Eggs', 6), ('Coffee', 8), ('Cereal', 4), ('Pancake', 2)]",324.5,-37.8158949,144.9508823,0,9.753,12.0681261
ORDK02599,2018-12-18,19:39:43,Dinner,BK,"[('Pasta', 7), ('Shrimp', 4), ('Salmon', 3), ('Fish&Chips', 8)]",811.5,-37.8100895,144.9478642,0,8.978,15.5609401
ORDA01842,2018-01-16,08:30:25,Breakfast,BK,"[('Cereal', 7), ('Eggs', 2), ('Pancake', 1), ('Coffee', 9)]",282.75,-37.8140202,144.9644381,1,7.629,5.9973186
ORDC10861,2018-12-15,19:29:34,Dinner,NS,"[('Salmon', 9), ('Fish&Chips', 2), ('Shrimp', 6)]",763.0,-37.8245307,144.9434495,0,10.596,18.502975
ORDY00448,2018-05-28,12:54:05,Lunch,TP,"[('Burger', 2), ('Steak', 5), ('Chicken', 5), ('Fries', 5)]",507.0,-37.8144748,144.9737909,0,8.497,12.4897857
ORDX04383,2018-10-09,17:17:44,Dinner,BK,"[('Fish&Chips', 10)]",350.0,-37.8073143,144.9733224,0,6.571,13.2330247
ORDY04061,2018-11-11,18:28:43,Dinner,TP,"[('Shrimp', 5), ('Fish&Chips', 8), ('Salmon', 7)]",837.0,-37.8116818,144.9831732,0,9.348,15.1670638
ORDC05366,2018-07-27,14:45:38,Lunch,NS,"[('Steak', 10), ('Salad', 3), ('Burger', 7)]",718.6,-37.8191726,144.9651628,0,8.661,14.4535011
ORDJ08837,2018-05-23,12:43:56,Lunch,TP,"[('Fries', 1), ('Chicken', 8), ('Salad', 6)]",371.2,-37.8151172,144.9840884,0,9.326,12.2262874
ORDY01150,2018-01-19,08:30:25,Breakfast,TP,"[('Cereal', 6), ('Pancake', 2)]",174.5,-37.8143802,144.9382043,1,10.327,5.9201401
ORDI01806,2018-06-17,13:34:38,Lunch,NS,"[('Chicken', 5), ('Fries', 6), ('Burger', 1)]",263.0,-37.8009695,144.9646167,0,6.674,14.3981102
ORDC05213,2018-06-24,13:44:47,Lunch,NS,"[('Fries', 7), ('Burger', 10), ('Steak', 9), ('Salad', 7), ('Chicken', 2)]",983.4,-37.8255347,144.9827832,0,9.517,16.9076878
ORDC03164,2018-04-16,11:22:49,Breakfast,NS,"[('Cereal', 7), ('Eggs', 10), ('Coffee', 6)]",412.0,-37.8097814,144.9712373,0,7.285,12.2801
ORDA10882,2018-09-23,16:47:19,Dinner,BK,"[('Shrimp', 8), ('Salmon', 3)]",555.0,-37.8255176,144.9516079,0,9.296,18.4776589
ORDA06745,2018-09-30,16:57:27,Dinner,BK,"[('Fish&Chips', 3), ('Salmon', 2), ('Pasta', 9)]",434.5,-37.8001375,144.9761669,0,7.119,16.0157521
ORDC06921,2018-03-30,10:52:23,Breakfast,NS,"[('Coffee', 5), ('Cereal', 9), ('Pancake', 10)]",469.0,-37.8102571,144.9613166,0,7.643,12.7527935
ORDX04104,2018-02-21,09:41:24,Breakfast,BK,"[('Cereal', 7), ('Coffee', 8)]",207.0,-37.8049857,144.9956792,0,5.007,9.8481295
ORDY06834,2018-01-24,08:40:33,Breakfast,TP,"[('Cereal', 6), ('Pancake', 6), ('Eggs', 5), ('Coffee', 4)]",411.5,-37.8082614,144.9788234,0,9.43,12.2387398
ORDX01334,2018-10-30,17:58:18,Dinner,BK,"[('Shrimp', 1), ('Pasta', 10), ('Salmon', 6)]",575.0,-37.8061468,144.9398977,0,10.123,17.5403473
ORDZ04977,2018-07-20,14:35:29,Lunch,NS,"[('Burger', 5), ('Fries', 1)]",167.0,-37.8221771,144.9477447,0,9.947,15.5940135
ORDX05771,2018-12-21,19:49:51,Dinner,BK,"[('Pasta', 6), ('Salmon', 2), ('Shrimp', 7)]",625.0,-37.8244324,144.988745,0,6.397,13.4066769
ORDB04772,2018-05-05,12:03:22,Lunch,TP,"[('Burger', 1), ('Steak', 3)]",166.0,-37.81962,144.9943682,0,10.126,14.6019391
ORDK00307,2018-01-05,08:00:00,Breakfast,BK,"[('Cereal', 7), ('Coffee', 2), ('Eggs', 1)]",184.0,-37.8043846,144.9538293,1,8.406,6.746218
