date,time,order_type,branch_code,order_items,order_price,customer_lat,customer_lon,customerHasloyalty?,distance_to_customer_KM,delivery_fee
2018-08-18,15:36:20,Lunch,BK,"[('Salad', 1), ('Chicken', 1), ('Fries', 7), ('Burger', 8)]",381.2,-37.8142704,145.0111272,0,3.774,11.8681055
2018-10-10,17:17:44,Dinner,BK,"[('Pasta', 3), ('Shrimp', 6)]",406.5,-37.8128968,144.9518915,0,8.618,15.6156922
2018-01-04,08:00:00,Breakfast,NS,"[('Cereal', 6), ('Coffee', 8), ('Eggs', 4), ('Pancake', 6)]",419.5,-37.8037717,144.9380206,1,9.976,7.6419707
2018-11-18,18:38:52,Dinner,NS,"[('Shrimp', 4), ('Salmon', 8), ('Fish&Chips', 5), ('Pasta', 1)]",746.5,-37.8107177,145.0023388,0,9.639,17.3226429
2018-04-19,11:32:57,Breakfast,BK,"[('Eggs', 4), ('Cereal', 7), ('Pancake', 1)]",259.25,-37.813101,144.9738744,0,6.83,11.5746476
2018-03-17,10:21:58,Breakfast,BK,"[('Pancake', 7), ('Cereal', 6), ('Coffee', 3), ('Eggs', 5)]",428.25,-37.8214287,144.9894055,0,6.046,10.697552259619556
2018-09-25,16:47:19,Dinner,NS,"[('Pasta', 1), ('Fish&Chips', 10), ('Shrimp', 8)]",809.5,-37.823461,144.9786593,0,8.923,14.2293577
2018-05-26,12:43:56,Lunch,BK,"[('Salad', 2), ('Fries', 1), ('Chicken', 9), ('Burger', 2), ('Steak', 9)]",801.4,-37.8006905,145.0096988,0,4.62,12.7890019
2018-10-25,17:48:10,Dinner,BK,"[('Shrimp', 4), ('Pasta', 1), ('Salmon', 6)]",489.5,-37.8040745,144.9682994,0,7.277,14.1813423
2018-02-24,09:41:24,Breakfast,NS,"[('Cereal', 9), ('Eggs', 10), ('Coffee', 10)]",484.0,-37.8003874,145.0057105,0,9.514,16.1247577
2018-11-17,18:38:52,Dinner,BK,"[('Shrimp', 2), ('Fish&Chips', 2)]",178.0,-37.8015018,144.9661038,0,7.74,17.3099592
2018-10-28,17:58:18,Dinner,BK,"[('Fish&Chips', 3), ('Salmon', 5)]",310.0,-37.8087842,144.9487878,0,8.986,14.609574874702025
2018-04-27,11:43:05,Breakfast,BK,"[('Coffee', 3), ('Pancake', 4)]",119.5,-37.8261938,145.0177163,0,5.154,10.1669822
2018-04-06,11:02:32,Breakfast,TP,"[('Eggs', 6), ('Coffee', 7), ('Pancake', 10), ('Cereal', 1)]",448.0,-37.8117628,144.985371,0,9.562,12.1150734
2018-12-20,19:39:43,Dinner,BK,"[('Fish&Chips', 4), ('Shrimp', 3)]",302.0,-37.8130465,144.9335818,0,11.202,18.4004029
2018-03-20,10:32:06,Breakfast,BK,"[('Pancake', 5), ('Cereal', 3), ('Eggs', 9)]",382.25,-37.8100834,144.9582913,0,7.973,10.835660496708543
2018-08-09,15:16:03,Lunch,BK,"[('Salad', 2), ('Steak', 6), ('Chicken', 5)]",464.4,-37.8010969,144.9607109,0,8.163,11.73720962403553
2018-10-27,17:58:18,Dinner,TP,"[('Shrimp', 1), ('Salmon', 4), ('Pasta', 10)]",493.0,-37.8185602,144.9991906,0,10.515,15.5406993
2018-01-14,08:20:16,Breakfast,NS,"[('Pancake', 6), ('Cereal', 5)]",250.5,-37.8165715,144.9377202,1,10.037,9.0231627
2018-11-25,18:49:00,Dinner,TP,"[('Pasta', 9), ('Fish&Chips', 6)]",457.5,-37.808829,144.983375,0,9.727,14.7967018
2018-01-08,08:10:08,Breakfast,BK,"[('Cereal', 1), ('Pancake', 8)]",215.0,-37.8095022,145.004336,1,3.924,4.4309054
2018-01-11,08:20:16,Breakfast,BK,"[('Cereal', 4), ('Coffee', 6)]",129.0,-37.8172114,144.9644553,1,7.71,6.5856696
2018-10-13,17:27:53,Dinner,NS,"[('Salmon', 6), ('Pasta', 2)]",301.0,-37.8181438,144.9648496,0,8.509,16.510868
2018-08-28,15:56:37,Lunch,TP,"[('Chicken', 6), ('Fries', 4), ('Steak', 2)]",330.0,-37.8173951,144.9459075,0,9.365,13.0962087
2018-06-17,13:34:38,Lunch,BK,"[('Burger', 10), ('Steak', 3), ('Fries', 1)]",457.0,-37.8139548,144.92984,0,11.393,19.9089203
2018-07-11,14:15:12,Lunch,BK,"[('Burger', 2), ('Steak', 7), ('Chicken', 5), ('Salad', 3), ('Fries', 5)]",648.6,-37.8173257,145.0080576,0,3.997,9.5189022
2018-09-23,16:47:19,Dinner,TP,"[('Fish&Chips', 8), ('Salmon', 7), ('Shrimp', 9)]",1053.0,-37.8233982,144.9689636,0,7.985,14.0885871
2018-04-13,11:22:49,Breakfast,TP,"[('Pancake', 10), ('Eggs', 7)]",396.5,-37.8146452,144.9670498,0,8.209,10.8459342
2018-02-18,09:31:16,Breakfast,BK,"[('Eggs', 3), ('Cereal', 1)]",87.0,-37.8097435,144.9620139,0,7.668,14.7297755
2018-12-17,19:39:43,Dinner,TP,"[('Shrimp', 5), ('Fish&Chips', 7), ('Pasta', 10), ('Salmon', 8)]",1118.0,-37.8076972,144.9554438,0,9.137,13.7918687
2018-06-14,13:24:30,Lunch,BK,"[('Chicken', 6), ('Burger', 4), ('Steak', 8), ('Salad', 1)]",693.2,-37.7998087,144.9671663,0,7.851,13.750551
2018-12-29,20:00:00,Dinner,BK,"[('Shrimp', 6), ('Salmon', 6), ('Fish&Chips', 10)]",920.0,-37.8134601,144.971391,0,7.107,16.1520247
2018-02-04,09:00:50,Breakfast,TP,"[('Eggs', 9), ('Coffee', 2), ('Cereal', 5)]",318.0,-37.8006057,144.9329271,0,11.413,15.8751961
2018-02-16,09:31:16,Breakfast,NS,"[('Coffee', 3), ('Cereal', 4), ('Eggs', 1), ('Pancake', 4)]",225.5,-37.8005422,144.9459658,0,8.392,13.7534758
2018-08-02,15:05:54,Lunch,BK,"[('Chicken', 4), ('Salad', 2), ('Steak', 8), ('Burger', 7)]",739.4,-37.8054045,144.9520045,0,8.422,14.0870119
2018-07-30,14:55:46,Lunch,TP,"[('Fries', 7), ('Salad', 1), ('Burger', 3)]",194.2,-37.8154379,144.9340363,0,10.754,13.7482244
2018-05-20,12:33:48,Lunch,BK,"[('Steak', 8), ('Burger', 3), ('Fries', 6)]",525.0,-37.8097067,144.9930454,0,4.758,12.7149529
2018-10-01,16:57:27,Dinner,BK,"[('Fish&Chips', 5), ('Pasta', 7)]",367.5,-37.8178344,144.9505059,0,9.139,16.282831
2018-10-10,17:17:44,Dinner,BK,"[('Shrimp', 3), ('Salmon', 9)]",531.0,-37.8123436,144.9535614,0,8.512,15.5343694
2018-08-02,15:05:54,Lunch,NS,"[('Fries', 8), ('Salad', 10), ('Chicken', 9)]",556.0,-37.8129341,144.9483348,0,10.594,16.1829375
2018-06-24,13:44:47,Lunch,NS,"[('Steak', 4), ('Burger', 4), ('Fries', 6), ('Salad', 1), ('Chicken', 2)]",457.2,-37.8118044,144.9562004,0,8.129,13.158552095654018
2018-01-14,08:20:16,Breakfast,NS,"[('Coffee', 4), ('Cereal', 4)]",114.0,-37.8025402,144.9456377,1,8.585,8.1111036
2018-07-25,14:45:38,Lunch,BK,"[('Salad', 6), ('Fries', 7), ('Steak', 3), ('Chicken', 2)]",386.2,-37.8117157,144.9565014,0,8.075,14.3644603
2018-09-07,16:16:54,Dinner,TP,"[('Salmon', 2), ('Shrimp', 6)]",406.0,-37.8204832,144.9771527,0,8.73,12.4538809
2018-03-22,10:32:06,Breakfast,TP,"[('Coffee', 4), ('Cereal', 7), ('Eggs', 9), ('Pancake', 2)]",423.5,-37.8058124,144.9477037,0,9.802,13.3443507
2018-08-27,15:46:28,Lunch,TP,"[('Salad', 3), ('Chicken', 10), ('Steak', 7)]",686.6,-37.8097478,144.9924054,0,10.36,13.042837
2018-03-21,10:32:06,Breakfast,TP,"[('Coffee', 8), ('Pancake', 4), ('Eggs', 1)]",179.0,-37.8149086,144.9608321,0,8.226,10.9696228
2018-01-10,08:10:08,Breakfast,BK,"[('Pancake', 1), ('Coffee', 8), ('Cereal', 6), ('Eggs', 5)]",320.25,-37.8059161,144.9835677,1,5.99,5.5162762
2018-08-26,15:46:28,Lunch,NS,"[('Steak', 2), ('Burger', 10), ('Salad', 6)]",503.2,-37.8111233,144.9691289,0,7.336,14.6785184
2018-01-07,08:10:08,Breakfast,NS,"[('Eggs', 10), ('Cereal', 8), ('Pancake', 7), ('Coffee', 4)]",587.75,-37.8122474,144.937112,1,10.136,8.5424524
2018-10-14,17:27:53,Dinner,NS,"[('Shrimp', 5), ('Pasta', 4), ('Fish&Chips', 7)]",625.0,-37.8154662,144.9916158,0,9.275,16.7598011
2018-09-29,16:57:27,Dinner,TP,"[('Salmon', 10), ('Shrimp', 10)]",950.0,-37.8181162,144.9951082,0,10.149,15.3307445
2018-10-22,17:48:10,Dinner,BK,"[('Salmon', 4), ('Shrimp', 5), ('Pasta', 2)]",489.0,-37.8207339,144.9669253,0,7.905,14.32688
2018-08-02,15:05:54,Lunch,TP,"[('Steak', 6), ('Fries', 8), ('Salad', 1)]",383.2,-37.8299848,144.9714001,0,8.747,11.9536465
2018-06-28,13:54:55,Lunch,NS,"[('Salad', 4), ('Fries', 8), ('Chicken', 1), ('Steak', 9), ('Burger', 8)]",849.8,-37.8119474,144.9564969,0,8.124,13.3946386
2018-09-03,16:06:45,Dinner,NS,"[('Salmon', 9), ('Fish&Chips', 3), ('Pasta', 5)]",611.5,-37.8149156,144.9354055,0,10.208,16.0639685
2018-12-29,20:00:00,Dinner,NS,"[('Shrimp', 2), ('Fish&Chips', 4), ('Salmon', 7), ('Pasta', 4)]",645.0,-37.8157225,144.9372172,0,10.046,18.8797436
2018-12-30,20:00:00,Dinner,BK,"[('Pasta', 3), ('Salmon', 9)]",451.5,-37.815319,144.9367754,0,10.034,19.9583231
2018-01-14,08:20:16,Breakfast,TP,"[('Pancake', 7), ('Eggs', 1), ('Cereal', 8)]",359.75,-37.8083333,144.9351746,1,10.616,7.1055731
2018-09-08,16:16:54,Dinner,TP,"[('Pasta', 9), ('Fish&Chips', 4)]",387.5,-37.8189857,144.9738619,0,8.188,13.952183609224704
2018-09-05,16:06:45,Dinner,NS,"[('Shrimp', 5), ('Fish&Chips', 6)]",480.0,-37.8159459,144.9285861,0,10.607,16.6300319
2018-04-30,11:53:14,Breakfast,TP,"[('Coffee', 8), ('Pancake', 10)]",302.5,-37.8157316,144.963445,0,7.932,10.4817897
2018-06-25,13:44:47,Lunch,NS,"[('Salad', 10), ('Chicken', 9), ('Fries', 6), ('Burger', 6)]",718.0,-37.8241958,144.9840063,0,9.492,14.7454323
2018-03-21,10:32:06,Breakfast,BK,"[('Pancake', 7), ('Cereal', 10), ('Eggs', 1)]",401.75,-37.8150344,144.9605564,0,7.981,13.0062795
2018-12-11,19:19:26,Dinner,NS,"[('Shrimp', 2), ('Fish&Chips', 4), ('Salmon', 10)]",658.0,-37.8204933,144.9487358,0,9.691,15.6800913
2018-08-09,15:16:03,Lunch,BK,"[('Chicken', 3), ('Burger', 9), ('Steak', 6)]",645.0,-37.8155547,144.9880593,0,5.672,9.68512736550921
2018-09-09,16:16:54,Dinner,TP,"[('Shrimp', 3), ('Fish&Chips', 5)]",337.0,-37.8093612,144.9889192,0,10.088,15.5395584
2018-02-02,09:00:50,Breakfast,BK,"[('Cereal', 9), ('Coffee', 5)]",226.5,-37.8197643,145.0127968,0,4.369,8.4931655
2018-07-08,14:15:12,Lunch,TP,"[('Burger', 7), ('Chicken', 8)]",473.0,-37.8162978,145.0154651,0,12.938,17.4481372
2018-02-14,09:21:07,Breakfast,NS,"[('Coffee', 7), ('Cereal', 6), ('Pancake', 5), ('Eggs', 7)]",453.75,-37.8114979,145.0097451,0,10.303,14.9283239
2018-12-06,19:19:26,Dinner,BK,"[('Pasta', 5), ('Salmon', 4), ('Shrimp', 8), ('Fish&Chips', 10)]",1083.5,-37.8103519,145.0152102,0,4.212,11.1493688
2018-03-13,10:21:58,Breakfast,BK,"[('Eggs', 10), ('Pancake', 10), ('Coffee', 6)]",507.5,-37.8103666,144.980047,0,6.021,10.7674751
2018-05-21,12:33:48,Lunch,TP,"[('Chicken', 4), ('Burger', 9), ('Salad', 10)]",579.0,-37.8071333,144.9450199,0,10.074,13.413166
2018-09-02,16:06:45,Dinner,TP,"[('Pasta', 2), ('Salmon', 8), ('Shrimp', 2)]",491.0,-37.8122719,144.9695152,0,8.581,14.4722786
2018-09-03,16:06:45,Dinner,BK,"[('Pasta', 7), ('Shrimp', 1), ('Fish&Chips', 1)]",281.5,-37.8115397,144.9720273,0,6.879,14.2243821
2018-06-16,13:24:30,Lunch,NS,"[('Chicken', 1), ('Fries', 2), ('Burger', 3)]",149.0,-37.8002993,144.9438816,0,8.582,15.9899679
2018-10-18,17:38:01,Dinner,BK,"[('Salmon', 5), ('Shrimp', 7), ('Fish&Chips', 9), ('Pasta', 9)]",1145.5,-37.8018337,144.9514251,0,8.741,15.3480589
2018-08-28,15:56:37,Lunch,NS,"[('Chicken', 5), ('Fries', 5)]",220.0,-37.8114635,144.963864,0,7.767,13.2888517
2018-12-24,19:49:51,Dinner,NS,"[('Salmon', 5), ('Shrimp', 10), ('Fish&Chips', 9), ('Pasta', 10)]",1335.0,-37.8051003,144.9493905,0,8.476,14.1944038
2018-07-14,14:25:21,Lunch,BK,"[('Salad', 2), ('Burger', 5)]",189.4,-37.8190211,145.003764,0,4.543,13.1734117
2018-11-24,18:49:00,Dinner,TP,"[('Fish&Chips', 2), ('Pasta', 3), ('Shrimp', 1), ('Salmon', 8)]",534.5,-37.813666,144.9400208,0,10.134,15.8144924
2018-07-09,14:15:12,Lunch,TP,"[('Burger', 8), ('Steak', 4), ('Chicken', 6), ('Salad', 1)]",637.2,-37.8258378,144.9829349,0,8.891,12.3884814
2018-03-11,10:11:49,Breakfast,NS,"[('Eggs', 2), ('Coffee', 8), ('Cereal', 6)]",230.0,-37.8045246,144.9632753,0,7.096,14.3918671
2018-07-19,14:35:29,Lunch,TP,"[('Chicken', 6), ('Fries', 6), ('Steak', 1), ('Burger', 3)]",402.0,-37.8094958,145.0101169,0,12.256,15.0115877
2018-09-10,16:16:54,Dinner,BK,"[('Fish&Chips', 8), ('Pasta', 4)]",390.0,-37.8006652,144.9723164,0,7.358,14.7514532
2018-11-10,18:18:35,Dinner,BK,"[('Salmon', 3), ('Fish&Chips', 3), ('Pasta', 4), ('Shrimp', 9)]",824.0,-37.8104585,144.9440867,0,9.525,18.668914
2018-08-11,15:16:03,Lunch,NS,"[('Steak', 5), ('Burger', 1), ('Fries', 9)]",364.0,-37.8068929,144.9377451,0,10.386,18.6370843
2018-07-17,14:25:21,Lunch,TP,"[('Salad', 7), ('Steak', 1), ('Chicken', 2), ('Burger', 3)]",322.4,-37.821006,144.9442801,0,9.263,11.6872251
2018-11-12,18:28:43,Dinner,TP,"[('Fish&Chips', 9), ('Shrimp', 3), ('Pasta', 3)]",559.5,-37.8162933,144.9584283,0,8.109,12.3636182
2018-12-18,19:39:43,Dinner,BK,"[('Pasta', 6), ('Shrimp', 10), ('Fish&Chips', 7)]",950.0,-37.8004367,144.98402,0,6.446,13.0791397
2018-11-11,18:28:43,Dinner,NS,"[('Pasta', 9), ('Fish&Chips', 9), ('Salmon', 6), ('Shrimp', 7)]",1186.5,-37.8152075,144.9449512,0,9.203,17.5894336
2018-02-27,09:51:32,Breakfast,TP,"[('Cereal', 10), ('Eggs', 9), ('Coffee', 9), ('Pancake', 7)]",645.25,-37.8030876,144.9296926,0,11.371,13.9973758
2018-09-27,16:57:27,Dinner,TP,"[('Fish&Chips', 5), ('Salmon', 5), ('Pasta', 5)]",517.5,-37.7995333,144.9531717,0,10.04,13.5581236
2018-01-23,08:40:33,Breakfast,TP,"[('Cereal', 6), ('Pancake', 7), ('Coffee', 3), ('Eggs', 10)]",538.25,-37.798917,144.9356823,0,11.325,13.9665033
2018-04-30,11:53:14,Breakfast,BK,"[('Eggs', 5), ('Cereal', 7)]",257.0,-37.8239288,144.9693524,0,8.082,13.0904921
2018-11-09,18:18:35,Dinner,NS,"[('Pasta', 9), ('Fish&Chips', 6), ('Salmon', 8)]",785.5,-37.8198341,145.0108556,0,11.099,16.7898957
2018-10-18,17:38:01,Dinner,TP,"[('Shrimp', 3), ('Salmon', 7), ('Fish&Chips', 1), ('Pasta', 8)]",704.0,-37.8019975,144.9502965,0,10.101,13.5127059
2018-01-07,08:10:08,Breakfast,TP,"[('Cereal', 10), ('Coffee', 10)]",285.0,-37.8131035,144.9373488,1,10.563,14.41865043776624
2018-10-30,17:58:18,Dinner,BK,"[('Salmon', 9), ('Fish&Chips', 3), ('Shrimp', 2)]",582.0,-37.8060722,144.9742914,0,6.763,13.8385826
2018-01-03,08:00:00,Breakfast,TP,"[('Pancake', 10), ('Eggs', 3), ('Coffee', 6)]",353.5,-37.812989,144.9407677,1,10.077,6.5261536
2018-06-20,13:34:38,Lunch,TP,"[('Salad', 2), ('Fries', 4), ('Burger', 6), ('Chicken', 6), ('Steak', 7)]",775.4,-37.8222521,144.9447881,0,9.105,13.1709443
2018-07-26,14:45:38,Lunch,NS,"[('Steak', 7), ('Salad', 9), ('Fries', 9)]",577.8,-37.8042177,144.9676105,0,6.933,12.1845034
2018-03-24,10:42:15,Breakfast,BK,"[('Coffee', 1), ('Pancake', 4), ('Cereal', 8)]",272.5,-37.8199999,145.0158727,0,4.603,11.6741149
2018-02-24,09:41:24,Breakfast,NS,"[('Cereal', 3), ('Coffee', 4), ('Pancake', 5)]",214.25,-37.8052239,144.9313361,0,10.23,17.6045757
2018-06-08,13:14:21,Lunch,NS,"[('Steak', 8), ('Salad', 4), ('Burger', 1), ('Fries', 1), ('Chicken', 3)]",567.8,-37.8182341,144.9474408,0,9.595,12.91688918815022
2018-02-10,09:21:07,Breakfast,BK,"[('Eggs', 8), ('Pancake', 10)]",418.5,-37.8070022,144.9656899,0,7.187,14.6004407
2018-04-15,11:22:49,Breakfast,BK,"[('Cereal', 10), ('Coffee', 7), ('Pancake', 4), ('Eggs', 7)]",513.5,-37.8113498,144.9760252,0,6.536,13.5905224
2018-05-31,12:54:05,Lunch,TP,"[('Salad', 4), ('Fries', 2)]",92.8,-37.7993717,144.9579071,0,9.788,13.07588231376065
2018-10-21,17:38:01,Dinner,NS,"[('Pasta', 9), ('Salmon', 1), ('Fish&Chips', 6), ('Shrimp', 1)]",552.5,-37.8173502,144.9547619,0,9.009,17.1513309
2018-01-15,08:20:16,Breakfast,TP,"[('Cereal', 8), ('Eggs', 2), ('Coffee', 8), ('Pancake', 2)]",320.5,-37.8059414,144.9980461,1,11.342,7.3152971
2018-02-15,09:21:07,Breakfast,BK,"[('Eggs', 9), ('Coffee', 4), ('Pancake', 8)]",422.0,-37.811942,145.0039821,0,3.882,7.465500512914414
2018-01-17,08:30:25,Breakfast,TP,"[('Pancake', 4), ('Cereal', 10), ('Coffee', 10), ('Eggs', 3)]",448.0,-37.8188077,144.9698484,1,7.793,5.3117332
2018-11-12,18:28:43,Dinner,NS,"[('Fish&Chips', 5), ('Pasta', 3), ('Shrimp', 9), ('Salmon', 8)]",1071.5,-37.816547,144.9703239,0,8.072,14.0053439
2018-09-20,16:37:10,Dinner,TP,"[('Pasta', 3), ('Salmon', 7), ('Fish&Chips', 7)]",614.5,-37.8248137,145.0148278,0,11.741,15.2434469
2018-03-29,10:52:23,Breakfast,BK,"[('Eggs', 6), ('Coffee', 6), ('Cereal', 5), ('Pancake', 7)]",451.75,-37.8033329,144.9703395,0,7.317,12.2260162
2018-09-23,16:47:19,Dinner,BK,"[('Pasta', 3), ('Shrimp', 5), ('Salmon', 10)]",762.5,-37.7998566,144.9786219,0,6.932,15.8706577
2018-11-22,18:49:00,Dinner,NS,"[('Pasta', 9), ('Fish&Chips', 9)]",562.5,-37.8206787,144.9486413,0,9.712,16.1347987
2018-10-23,17:48:10,Dinner,TP,"[('Pasta', 2), ('Shrimp', 9), ('Fish&Chips', 5), ('Salmon', 8)]",1044.0,-37.7934235,144.9472292,0,11.269,15.0303466
2018-06-19,13:34:38,Lunch,NS,"[('Fries', 10), ('Chicken', 7), ('Burger', 10), ('Salad', 6), ('Steak', 8)]",1117.2,-37.8243633,144.998153,0,10.448,16.4834917
2018-06-23,13:44:47,Lunch,TP,"[('Salad', 8), ('Steak', 5)]",362.6,-37.8049263,144.969378,0,9.457,13.8920135
2018-04-08,11:12:40,Breakfast,TP,"[('Coffee', 10), ('Cereal', 10)]",285.0,-37.8158075,144.9615259,0,8.091,12.6769631
2018-02-19,09:31:16,Breakfast,BK,"[('Cereal', 3), ('Coffee', 5), ('Eggs', 8), ('Pancake', 9)]",494.75,-37.8150053,144.9381772,0,9.989,12.496438430545984
2018-08-25,15:46:28,Lunch,BK,"[('Chicken', 3), ('Fries', 10), ('Salad', 1)]",233.2,-37.8181054,144.9691359,0,7.632,16.6547774
2018-06-22,13:44:47,Lunch,TP,"[('Fries', 7), ('Chicken', 6), ('Salad', 5), ('Steak', 4), ('Burger', 2)]",604.0,-37.8106446,145.0106568,0,12.384,15.2865542
2018-10-13,17:27:53,Dinner,TP,"[('Salmon', 4), ('Fish&Chips', 4), ('Shrimp', 8), ('Pasta', 6)]",901.0,-37.7993323,144.9837031,0,10.754,16.0786465
2018-10-24,17:48:10,Dinner,TP,"[('Shrimp', 9), ('Salmon', 4), ('Fish&Chips', 5)]",825.0,-37.8204759,144.9664452,0,7.447,11.7679199
2018-04-29,11:53:14,Breakfast,TP,"[('Eggs', 5), ('Coffee', 8), ('Pancake', 9), ('Cereal', 6)]",514.25,-37.8165701,144.9900578,0,9.79,13.5851151
2018-08-03,15:05:54,Lunch,NS,"[('Chicken', 9), ('Fries', 1), ('Salad', 3), ('Burger', 5)]",506.6,-37.8194705,144.9719779,0,9.592,12.914417792415342
2018-09-01,16:06:45,Dinner,BK,"[('Pasta', 2), ('Shrimp', 1), ('Salmon', 10), ('Fish&Chips', 1)]",554.0,-37.8159842,144.9567194,0,8.338,17.9923561
2018-09-28,16:57:27,Dinner,TP,"[('Fish&Chips', 6), ('Shrimp', 2), ('Salmon', 5), ('Pasta', 6)]",688.0,-37.8053849,144.94865,0,9.699,13.7097934
2018-12-15,19:29:34,Dinner,BK,"[('Pasta', 10), ('Salmon', 3)]",398.0,-37.8245911,144.9434375,0,9.904,19.375824
2018-06-12,13:24:30,Lunch,NS,"[('Burger', 5), ('Chicken', 2), ('Fries', 9), ('Salad', 1)]",344.2,-37.8050607,144.9441007,0,8.98,14.6546292
2018-03-18,10:32:06,Breakfast,NS,"[('Cereal', 4), ('Coffee', 4), ('Eggs', 8), ('Pancake', 3)]",362.75,-37.8095396,144.9720503,0,7.208,14.5659488
2018-10-11,17:17:44,Dinner,BK,"[('Shrimp', 4), ('Fish&Chips', 2), ('Pasta', 7)]",478.5,-37.8123695,144.9537121,0,8.524,15.9273366
2018-11-29,18:59:09,Dinner,BK,"[('Shrimp', 3), ('Fish&Chips', 3), ('Salmon', 9)]",636.0,-37.8172637,145.0060773,0,4.175,10.7174437
2018-10-05,17:07:36,Dinner,TP,"[('Shrimp', 3), ('Pasta', 2)]",217.0,-37.8080358,144.9575772,0,9.065,13.394242
2018-04-14,11:22:49,Breakfast,TP,"[('Coffee', 5), ('Cereal', 4)]",121.5,-37.8180563,144.9944585,0,10.09,14.5194311
2018-07-31,14:55:46,Lunch,NS,"[('Steak', 5), ('Chicken', 4), ('Burger', 2), ('Fries', 7)]",499.0,-37.8110272,144.9900001,0,8.694,14.2875653
2018-11-27,18:59:09,Dinner,BK,"[('Salmon', 1), ('Pasta', 6)]",206.0,-37.8134322,144.9409425,0,9.605,16.8444326
2018-10-28,17:58:18,Dinner,NS,"[('Shrimp', 5), ('Fish&Chips', 3), ('Pasta', 6), ('Salmon', 6)]",786.0,-37.8094869,144.9482517,0,8.852,17.0414238
2018-01-30,08:50:42,Breakfast,NS,"[('Coffee', 7), ('Pancake', 8), ('Eggs', 1), ('Cereal', 4)]",352.5,-37.8133063,144.9627992,0,7.969,12.9876014
2018-01-17,08:30:25,Breakfast,TP,"[('Pancake', 4), ('Coffee', 2)]",112.0,-37.8108637,145.0092244,1,12.271,7.3439697
2018-02-04,09:00:50,Breakfast,NS,"[('Coffee', 10), ('Eggs', 5), ('Cereal', 4), ('Pancake', 1)]",293.25,-37.8167846,144.9915803,0,9.438,16.4308779
2018-05-02,12:03:22,Lunch,BK,"[('Steak', 5), ('Burger', 1), ('Fries', 1)]",268.0,-37.8069546,144.9652455,0,7.227,13.4241713
2018-04-27,11:43:05,Breakfast,NS,"[('Pancake', 6), ('Coffee', 2), ('Eggs', 6), ('Cereal', 4)]",376.5,-37.8132913,144.9653492,0,7.834,12.730392
2018-11-12,18:28:43,Dinner,BK,"[('Shrimp', 1), ('Fish&Chips', 3), ('Salmon', 7)]",446.0,-37.8024671,144.9757607,0,6.946,13.8772831
2018-08-17,15:36:20,Lunch,NS,"[('Burger', 2), ('Fries', 2)]",86.0,-37.8172114,144.9524568,0,9.037,14.0725833
2018-04-29,11:53:14,Breakfast,NS,"[('Pancake', 9), ('Eggs', 2)]",262.25,-37.8155823,144.9867456,0,8.871,16.1361391
2018-06-22,13:44:47,Lunch,NS,"[('Burger', 6), ('Fries', 6), ('Salad', 4), ('Steak', 7), ('Chicken', 9)]",929.8,-37.8108329,145.0159988,0,10.936,16.1996624
2018-03-15,10:21:58,Breakfast,TP,"[('Cereal', 10), ('Pancake', 5), ('Eggs', 4)]",419.25,-37.8196791,144.9816751,0,9.011,11.690763420976033
2018-10-29,17:58:18,Dinner,NS,"[('Shrimp', 5), ('Pasta', 3), ('Fish&Chips', 2), ('Salmon', 2)]",504.5,-37.8212237,144.9664677,0,8.88,14.3007155
2018-09-09,16:16:54,Dinner,BK,"[('Salmon', 8), ('Fish&Chips', 10), ('Pasta', 3), ('Shrimp', 4)]",976.5,-37.8229244,144.9548185,0,8.77,14.43163438179087
2018-05-07,12:03:22,Lunch,NS,"[('Burger', 7), ('Fries', 1), ('Chicken', 3), ('Steak', 3)]",460.0,-37.8064324,144.9544806,0,8.161,13.2718654
2018-08-12,15:26:11,Lunch,TP,"[('Burger', 5), ('Salad', 2)]",189.4,-37.8068758,144.9889895,0,10.33,14.0765368
2018-06-15,13:24:30,Lunch,TP,"[('Salad', 6), ('Burger', 2), ('Chicken', 6)]",357.2,-37.8173557,144.9675515,0,7.759,11.6351167
2018-12-05,19:09:17,Dinner,NS,"[('Shrimp', 9), ('Fish&Chips', 10), ('Pasta', 7)]",1028.5,-37.8207182,144.954738,0,9.387,13.490566481316838
2018-05-01,11:53:14,Breakfast,BK,"[('Pancake', 9), ('Cereal', 2), ('Eggs', 5), ('Coffee', 2)]",385.25,-37.8059833,144.9580873,0,7.883,10.76151862466223
2018-11-28,18:59:09,Dinner,BK,"[('Fish&Chips', 7), ('Salmon', 5), ('Pasta', 7)]",642.5,-37.80184,144.9287179,0,11.118,18.9826429
2018-05-08,12:13:31,Lunch,TP,"[('Salad', 10), ('Burger', 10), ('Steak', 1), ('Chicken', 7)]",751.0,-37.8129602,144.9474598,0,9.671,12.7318554
2018-08-10,15:16:03,Lunch,TP,"[('Fries', 4), ('Chicken', 4), ('Salad', 9), ('Burger', 5)]",485.8,-37.8047684,144.9724347,0,9.726,12.9469682
2018-04-16,11:22:49,Breakfast,TP,"[('Eggs', 7), ('Pancake', 5), ('Cereal', 2)]",317.25,-37.8092897,144.972042,0,9.104,12.0791721
2018-07-22,14:35:29,Lunch,TP,"[('Fries', 5), ('Burger', 10), ('Steak', 8), ('Salad', 1), ('Chicken', 2)]",811.2,-37.8128849,144.9902645,0,10.058,15.053983
2018-04-21,11:32:57,Breakfast,BK,"[('Eggs', 8), ('Pancake', 6)]",321.5,-37.8188198,144.9533123,0,8.8,16.128235
2018-12-01,19:09:17,Dinner,BK,"[('Shrimp', 4), ('Salmon', 1), ('Fish&Chips', 6), ('Pasta', 7)]",659.5,-37.8214948,144.9579391,0,8.466,17.5364607
2018-06-09,13:14:21,Lunch,NS,"[('Salad', 10), ('Steak', 9), ('Burger', 1)]",608.0,-37.8046337,145.0146763,0,10.373,17.7975261
2018-07-28,14:55:46,Lunch,TP,"[('Fries', 7), ('Chicken', 3), ('Salad', 4)]",248.8,-37.8120156,144.9592775,0,8.581,12.9359263
2018-03-03,10:01:41,Breakfast,BK,"[('Pancake', 4), ('Coffee', 7)]",149.5,-37.8236433,144.982142,0,6.81,13.8839246
2018-09-21,16:47:19,Dinner,TP,"[('Fish&Chips', 6), ('Salmon', 10), ('Pasta', 9), ('Shrimp', 6)]",1191.5,-37.8201576,144.9582571,0,7.88,12.2219447
2018-07-28,14:55:46,Lunch,BK,"[('Salad', 5), ('Fries', 7), ('Burger', 9), ('Steak', 6)]",719.0,-37.8149294,144.9607603,0,7.954,16.8803289
2018-06-28,13:54:55,Lunch,NS,"[('Chicken', 10), ('Burger', 9)]",599.0,-37.8077005,144.9424056,0,9.41,15.0361449
2018-05-25,12:43:56,Lunch,NS,"[('Burger', 10), ('Fries', 1), ('Steak', 1), ('Salad', 4), ('Chicken', 4)]",563.8,-37.8251275,144.9568527,0,9.726,14.9477283
2018-01-01,08:00:00,Breakfast,TP,"[('Eggs', 6), ('Pancake', 5), ('Cereal', 8)]",421.25,-37.8203223,144.9675308,1,7.508,5.3626351
2018-10-08,17:17:44,Dinner,BK,"[('Pasta', 1), ('Shrimp', 8), ('Fish&Chips', 8)]",739.5,-37.8146754,144.9577519,0,8.177,15.0889096
2018-09-14,16:27:02,Dinner,NS,"[('Fish&Chips', 10), ('Salmon', 10), ('Shrimp', 7), ('Pasta', 6)]",1303.0,-37.8106013,144.9283067,0,10.096,15.870982
2018-01-15,08:20:16,Breakfast,NS,"[('Eggs', 7), ('Cereal', 3), ('Pancake', 9)]",435.25,-37.8085998,145.0004766,1,9.33,7.0485338
2018-02-15,09:31:16,Breakfast,TP,"[('Pancake', 2), ('Cereal', 5), ('Eggs', 4)]",241.5,-37.799918,144.9439373,0,10.672,12.7623232
2018-04-11,11:12:40,Breakfast,NS,"[('Eggs', 1), ('Coffee', 4), ('Cereal', 1), ('Pancake', 2)]",121.5,-37.8241357,144.9558667,0,10.234,15.2628678
2018-10-18,17:38:01,Dinner,TP,"[('Salmon', 8), ('Pasta', 3), ('Shrimp', 2), ('Fish&Chips', 9)]",833.5,-37.8018337,144.9514251,0,10.039,13.7233046
2018-03-11,10:11:49,Breakfast,BK,"[('Eggs', 8), ('Cereal', 9), ('Coffee', 2), ('Pancake', 6)]",525.5,-37.8027273,144.9636882,0,7.756,15.3310403
2018-12-24,19:49:51,Dinner,TP,"[('Shrimp', 9), ('Salmon', 8)]",814.0,-37.8220691,144.969616,0,7.846,11.8899251
2018-08-20,15:36:20,Lunch,TP,"[('Chicken', 1), ('Steak', 4), ('Salad', 10), ('Burger', 1)]",415.0,-37.804508,144.9557728,0,9.467,12.6050028
2018-02-01,09:00:50,Breakfast,NS,"[('Eggs', 7), ('Coffee', 8), ('Pancake', 8)]",408.0,-37.820244,144.9788723,0,8.683,13.1810014
2018-04-19,11:32:57,Breakfast,NS,"[('Eggs', 7), ('Cereal', 9), ('Pancake', 5), ('Coffee', 6)]",509.25,-37.8132385,144.9776809,0,8.03,13.2105439
2018-09-01,15:56:37,Lunch,TP,"[('Chicken', 9), ('Fries', 7), ('Steak', 5), ('Burger', 10)]",907.0,-37.8168415,144.9542915,0,8.508,13.9310832
2018-05-02,11:53:14,Breakfast,TP,"[('Cereal', 1), ('Pancake', 2), ('Eggs', 6), ('Coffee', 3)]",224.0,-37.8025608,145.0019805,0,11.852,13.6047356
2018-06-17,13:34:38,Lunch,BK,"[('Chicken', 2), ('Fries', 8), ('Steak', 4)]",340.0,-37.8062908,144.9591716,0,7.772,16.1435397
2018-06-10,13:14:21,Lunch,TP,"[('Salad', 7), ('Fries', 9), ('Chicken', 10), ('Steak', 4)]",728.4,-37.8007,144.9926214,0,11.217,16.065765
2018-10-30,17:58:18,Dinner,BK,"[('Shrimp', 4), ('Pasta', 1), ('Salmon', 2)]",325.5,-37.807309,144.9988107,0,4.543,11.4461607
2018-04-15,11:22:49,Breakfast,TP,"[('Pancake', 6), ('Cereal', 8)]",313.5,-37.8132128,145.0108971,0,12.224,15.4546726
2018-10-23,17:48:10,Dinner,NS,"[('Salmon', 1), ('Fish&Chips', 3)]",146.0,-37.8112316,145.008477,0,10.661,16.8578543
2018-03-04,10:01:41,Breakfast,NS,"[('Coffee', 5), ('Cereal', 7)]",184.5,-37.8178338,144.9564637,0,8.9,16.8797949
2018-12-02,19:09:17,Dinner,BK,"[('Shrimp', 4), ('Pasta', 3), ('Salmon', 5)]",503.5,-37.8022213,144.9899001,0,5.772,14.7329956
2018-08-26,15:46:28,Lunch,TP,"[('Burger', 7), ('Chicken', 7), ('Fries', 7), ('Salad', 2), ('Steak', 10)]",1009.4,-37.8136564,144.9377955,0,10.669,15.251000484516668
2018-06-14,13:24:30,Lunch,NS,"[('Fries', 2), ('Salad', 8)]",161.6,-37.8002992,144.9676887,0,6.564,10.419955697346014
2018-01-01,08:00:00,Breakfast,NS,"[('Coffee', 7), ('Cereal', 4), ('Eggs', 1)]",158.5,-37.8227347,144.9311156,1,11.272,8.4996984
2018-02-28,09:51:32,Breakfast,NS,"[('Coffee', 6), ('Pancake', 5), ('Cereal', 3)]",229.25,-37.8238539,144.9982226,0,10.389,15.2900365
2018-07-28,14:55:46,Lunch,TP,"[('Fries', 8), ('Salad', 4), ('Burger', 7), ('Chicken', 7), ('Steak', 6)]",875.8,-37.8107208,144.9586769,0,8.728,13.8547476
2018-11-14,18:28:43,Dinner,BK,"[('Fish&Chips', 2), ('Pasta', 4), ('Salmon', 7), ('Shrimp', 6)]",791.0,-37.8168985,145.0141518,0,4.026,10.8481128
2018-08-07,15:16:03,Lunch,TP,"[('Fries', 4), ('Salad', 10), ('Burger', 4)]",344.0,-37.8125275,144.9362089,0,10.974,14.5864952
2018-04-23,11:43:05,Breakfast,TP,"[('Pancake', 9), ('Cereal', 10), ('Eggs', 4), ('Coffee', 9)]",583.75,-37.8187536,144.9532477,0,8.529,10.9390412
2018-03-09,10:11:49,Breakfast,TP,"[('Cereal', 10), ('Pancake', 4)]",307.0,-37.8072611,144.962779,0,8.93,12.0903277
2018-07-26,14:45:38,Lunch,BK,"[('Fries', 6), ('Burger', 6), ('Steak', 2), ('Chicken', 1)]",380.0,-37.804274,144.9689013,0,7.243,12.6897299
2018-03-04,10:01:41,Breakfast,BK,"[('Cereal', 9), ('Pancake', 9)]",407.25,-37.803975,144.9678074,0,7.297,14.7635376
2018-07-21,14:35:29,Lunch,NS,"[('Burger', 5), ('Fries', 9), ('Salad', 4)]",331.8,-37.8259548,144.9818306,0,9.333,16.5153565
2018-03-07,10:01:41,Breakfast,TP,"[('Coffee', 3), ('Eggs', 4)]",110.5,-37.8035534,144.9987979,0,11.902,13.6446964
2018-04-13,11:22:49,Breakfast,TP,"[('Eggs', 5), ('Coffee', 6), ('Pancake', 7), ('Cereal', 2)]",366.75,-37.8022219,144.9425725,0,10.511,12.4820611
2018-01-24,08:40:33,Breakfast,NS,"[('Cereal', 7), ('Pancake', 9), ('Coffee', 6)]",410.25,-37.825537,144.9764598,0,9.429,14.4369046
2018-08-08,15:16:03,Lunch,NS,"[('Salad', 3), ('Steak', 6), ('Chicken', 7), ('Fries', 6)]",617.6,-37.8139737,144.9356375,0,10.43,13.604761001024357
2018-09-21,16:47:19,Dinner,BK,"[('Shrimp', 10), ('Fish&Chips', 2), ('Pasta', 1), ('Salmon', 10)]",1047.5,-37.8201466,144.9582521,0,8.288,14.9710745
2018-12-05,19:09:17,Dinner,BK,"[('Pasta', 7), ('Salmon', 7), ('Fish&Chips', 3)]",584.5,-37.822615,144.9581003,0,8.591,15.0250089
2018-09-03,16:06:45,Dinner,NS,"[('Salmon', 6), ('Fish&Chips', 10)]",596.0,-37.8136961,144.9461109,0,9.114,15.2645843
2018-12-13,19:29:34,Dinner,NS,"[('Pasta', 6), ('Fish&Chips', 8), ('Shrimp', 7)]",823.0,-37.8177908,144.9317756,0,9.526,15.9149711
2018-11-02,18:08:27,Dinner,TP,"[('Salmon', 4), ('Fish&Chips', 4)]",304.0,-37.8045099,144.9746016,0,9.704,13.7537363
2018-02-20,09:41:24,Breakfast,NS,"[('Pancake', 9), ('Eggs', 3)]",284.25,-37.8061677,144.9584226,0,7.732,12.5728567
2018-04-11,11:12:40,Breakfast,NS,"[('Pancake', 1), ('Eggs', 1), ('Coffee', 6), ('Cereal', 9)]",280.25,-37.8030255,144.9488558,0,8.336,12.9853213
2018-01-21,08:40:33,Breakfast,NS,"[('Coffee', 6), ('Pancake', 8)]",239.0,-37.8053961,144.9647047,0,7.04,13.78346
2018-10-04,17:07:36,Dinner,TP,"[('Salmon', 3), ('Pasta', 7), ('Shrimp', 8), ('Fish&Chips', 9)]",1062.5,-37.8086656,144.9421502,0,10.033,14.3924748
2018-06-27,13:44:47,Lunch,BK,"[('Burger', 7), ('Chicken', 3)]",313.0,-37.8073372,144.9474761,0,8.966,12.398719882404311
2018-11-04,18:08:27,Dinner,NS,"[('Pasta', 4), ('Shrimp', 9), ('Fish&Chips', 1), ('Salmon', 6)]",877.0,-37.8101076,144.9448123,0,9.127,17.30235
2018-05-20,12:33:48,Lunch,BK,"[('Steak', 3), ('Fries', 2), ('Salad', 7)]",279.4,-37.8097468,144.9925222,0,4.8,12.4124537
2018-02-26,09:51:32,Breakfast,BK,"[('Coffee', 6), ('Eggs', 7), ('Cereal', 10)]",409.0,-37.8034129,144.9799234,0,6.53,11.6384099
2018-01-16,08:20:16,Breakfast,TP,"[('Coffee', 10), ('Pancake', 4), ('Cereal', 5)]",277.0,-37.8063063,144.9366014,1,10.594,6.3115828
2018-08-05,15:05:54,Lunch,BK,"[('Salad', 5), ('Chicken', 1), ('Steak', 7), ('Fries', 2), ('Burger', 6)]",643.0,-37.8132846,144.9514825,0,8.555,16.8257591
2018-01-03,08:00:00,Breakfast,NS,"[('Pancake', 9), ('Coffee', 2)]",233.25,-37.8134835,144.9411308,1,9.502,7.6470934
2018-05-09,12:13:31,Lunch,BK,"[('Salad', 9), ('Steak', 5), ('Chicken', 8), ('Burger', 4), ('Fries', 2)]",783.8,-37.8166608,144.9875283,0,5.842,11.8227169
2018-07-18,14:35:29,Lunch,NS,"[('Steak', 9), ('Burger', 10), ('Chicken', 2), ('Salad', 4)]",847.8,-37.8003467,144.9781135,0,6.858,12.1823508
2018-11-21,18:38:52,Dinner,NS,"[('Shrimp', 2), ('Pasta', 6), ('Fish&Chips', 6), ('Salmon', 5)]",688.0,-37.8134576,144.9354636,0,10.176,16.3645172
2018-01-23,08:40:33,Breakfast,BK,"[('Cereal', 6), ('Pancake', 3)]",198.75,-37.8065701,144.9309837,0,10.495,15.5907444
2018-06-09,13:14:21,Lunch,NS,"[('Salad', 5), ('Fries', 1)]",98.0,-37.8039685,144.9175835,0,11.455,18.91683
2018-08-17,15:36:20,Lunch,BK,"[('Steak', 2), ('Salad', 9), ('Chicken', 1), ('Burger', 1)]",307.8,-37.8154168,144.955181,0,8.421,14.5078112
2018-09-01,15:56:37,Lunch,TP,"[('Salad', 9), ('Steak', 3)]",289.8,-37.8167573,144.9542771,0,8.517,13.5432247
2018-05-13,12:23:39,Lunch,NS,"[('Chicken', 7), ('Fries', 2), ('Burger', 7)]",465.0,-37.8081885,144.9600269,0,7.635,14.7890579
2018-01-26,08:50:42,Breakfast,TP,"[('Cereal', 1), ('Eggs', 10), ('Pancake', 6)]",386.5,-37.8168934,144.9594778,0,8.057,11.0075408
2018-05-02,11:53:14,Breakfast,TP,"[('Coffee', 5), ('Cereal', 5), ('Eggs', 4), ('Pancake', 5)]",351.75,-37.8063922,144.9590628,0,8.999,11.8810603
2018-08-08,15:16:03,Lunch,BK,"[('Salad', 8), ('Steak', 9), ('Burger', 7), ('Chicken', 5)]",919.6,-37.8129413,144.9858829,0,5.651,10.9982282
2018-03-07,10:01:41,Breakfast,BK,"[('Pancake', 1), ('Eggs', 8), ('Coffee', 6), ('Cereal', 3)]",308.25,-37.819017,144.9847462,0,6.339,11.5537439
2018-08-17,15:36:20,Lunch,NS,"[('Chicken', 4), ('Salad', 7), ('Fries', 9), ('Burger', 6)]",542.4,-37.8143982,144.9547093,0,8.527,14.1714526
2018-04-02,11:02:32,Breakfast,TP,"[('Pancake', 7), ('Cereal', 4), ('Eggs', 10)]",473.75,-37.8127728,144.9837252,0,9.356,11.9011663
2018-08-08,15:16:03,Lunch,NS,"[('Fries', 5), ('Burger', 1), ('Salad', 8), ('Steak', 1), ('Chicken', 1)]",305.6,-37.8063174,144.9415754,0,9.361,15.2787779
2018-07-12,14:25:21,Lunch,BK,"[('Fries', 6), ('Salad', 7), ('Chicken', 8), ('Steak', 6), ('Burger', 3)]",811.4,-37.8174439,145.0048331,0,4.297,10.4070108
2018-01-24,08:40:33,Breakfast,TP,"[('Eggs', 5), ('Cereal', 3)]",173.0,-37.8014061,144.9547701,0,9.815,12.6881983
2018-07-24,14:45:38,Lunch,BK,"[('Salad', 7), ('Chicken', 9), ('Steak', 8)]",768.4,-37.8035155,144.9498144,0,8.786,14.6957992
2018-08-12,15:26:11,Lunch,BK,"[('Burger', 2), ('Salad', 8), ('Steak', 7), ('Fries', 5)]",574.6,-37.8167066,144.9886931,0,5.727,14.7546748
2018-01-18,08:30:25,Breakfast,NS,"[('Coffee', 9), ('Eggs', 5)]",177.5,-37.822575,144.9365815,1,10.556,7.8881926
2018-05-20,12:33:48,Lunch,NS,"[('Burger', 7), ('Steak', 10)]",667.0,-37.802587,144.9349985,0,10.734,15.30454739210567
2018-02-14,09:21:07,Breakfast,TP,"[('Coffee', 7), ('Cereal', 10)]",262.5,-37.8234934,144.9699862,0,7.999,10.857079259744145
2018-11-06,18:18:35,Dinner,BK,"[('Salmon', 1), ('Pasta', 7), ('Shrimp', 8)]",665.5,-37.8223208,144.9478191,0,9.273,16.2740236
2018-06-19,13:34:38,Lunch,NS,"[('Fries', 7), ('Chicken', 6), ('Salad', 4), ('Steak', 3), ('Burger', 1)]",510.8,-37.8212301,144.9614747,0,9.055,15.2203182
2018-03-16,10:21:58,Breakfast,BK,"[('Pancake', 1), ('Coffee', 6)]",69.25,-37.8065641,144.9415892,0,9.609,14.28735
2018-07-30,14:55:46,Lunch,NS,"[('Salad', 7), ('Steak', 3)]",255.4,-37.8121276,144.9738474,0,7.623,11.292358391757645
2018-01-08,08:10:08,Breakfast,TP,"[('Pancake', 10), ('Cereal', 5), ('Eggs', 9), ('Coffee', 6)]",590.5,-37.8142644,144.9379114,1,10.596,12.996484167569458
2018-10-11,17:17:44,Dinner,BK,"[('Salmon', 6), ('Pasta', 7)]",438.5,-37.8120003,144.9533569,0,8.415,15.2207251
2018-09-04,16:06:45,Dinner,TP,"[('Fish&Chips', 3), ('Salmon', 9), ('Pasta', 3)]",556.5,-37.8002551,144.9509615,0,10.117,14.3172551
2018-08-09,15:16:03,Lunch,TP,"[('Fries', 9), ('Salad', 1), ('Steak', 1)]",170.2,-37.8235253,144.9562338,0,7.976,11.2503274
2018-11-22,18:49:00,Dinner,NS,"[('Fish&Chips', 7), ('Shrimp', 10), ('Salmon', 10)]",1195.0,-37.8206739,144.9845866,0,9.263,15.8544422
2018-02-16,09:31:16,Breakfast,NS,"[('Pancake', 1), ('Coffee', 9), ('Eggs', 10), ('Cereal', 3)]",374.75,-37.8059974,144.9295055,0,10.89,16.0342661
2018-05-28,12:54:05,Lunch,TP,"[('Fries', 4), ('Salad', 5), ('Chicken', 1), ('Steak', 3), ('Burger', 7)]",518.0,-37.8074516,144.9501892,0,9.486,13.0228385
2018-09-16,16:27:02,Dinner,BK,"[('Fish&Chips', 10), ('Shrimp', 7), ('Salmon', 6), ('Pasta', 4)]",1084.0,-37.8128634,144.9563551,0,8.185,17.653167
2018-11-01,18:08:27,Dinner,BK,"[('Fish&Chips', 8), ('Shrimp', 2)]",388.0,-37.8238515,144.9815633,0,6.958,11.489559734644645
2018-05-13,12:23:39,Lunch,BK,"[('Steak', 3), ('Fries', 8), ('Salad', 2)]",265.4,-37.8005849,144.9344349,0,12.29,20.7980527
2018-10-02,17:07:36,Dinner,TP,"[('Shrimp', 2), ('Salmon', 1), ('Fish&Chips', 3)]",254.0,-37.8029251,144.9632079,0,9.547,13.5529065
2018-12-07,19:19:26,Dinner,BK,"[('Shrimp', 5), ('Fish&Chips', 5)]",445.0,-37.8056673,144.9536238,0,8.274,15.2436991
2018-08-30,15:56:37,Lunch,TP,"[('Salad', 10), ('Chicken', 5), ('Burger', 5), ('Steak', 2)]",577.0,-37.8097457,144.9913426,0,10.312,13.8367954
2018-01-16,08:30:25,Breakfast,NS,"[('Eggs', 7), ('Cereal', 9), ('Coffee', 7)]",395.5,-37.8185148,144.9711063,1,8.343,6.873363
2018-02-28,09:51:32,Breakfast,BK,"[('Pancake', 1), ('Cereal', 1), ('Eggs', 10), ('Coffee', 10)]",340.25,-37.8223443,144.998488,0,5.321,9.9998146
2018-06-26,13:44:47,Lunch,NS,"[('Salad', 10), ('Chicken', 5), ('Steak', 3), ('Fries', 4), ('Burger', 4)]",639.0,-37.8247614,144.9847158,0,9.498,15.3234357
2018-01-20,08:30:25,Breakfast,NS,"[('Eggs', 2), ('Cereal', 8)]",212.0,-37.8051492,144.9294548,0,10.436,17.4651831
2018-04-16,11:22:49,Breakfast,NS,"[('Cereal', 6), ('Pancake', 1), ('Coffee', 8)]",210.25,-37.8097814,144.9712373,0,7.285,10.268887074843386
2018-03-11,10:11:49,Breakfast,BK,"[('Coffee', 6), ('Pancake', 5), ('Eggs', 5), ('Cereal', 6)]",402.25,-37.8042311,144.9631878,0,7.617,14.3399356
2018-12-10,19:19:26,Dinner,NS,"[('Shrimp', 6), ('Salmon', 10), ('Fish&Chips', 10), ('Pasta', 5)]",1221.5,-37.812584,144.9726157,0,7.617,12.032442997739324
2018-12-15,19:29:34,Dinner,BK,"[('Fish&Chips', 7), ('Shrimp', 8), ('Pasta', 7), ('Salmon', 8)]",1197.5,-37.8060937,144.959426,0,7.757,13.597126421980688
2018-08-04,15:05:54,Lunch,TP,"[('Fries', 5), ('Chicken', 2), ('Salad', 3), ('Steak', 10), ('Burger', 2)]",687.6,-37.8039285,144.9496288,0,9.961,14.7355357
2018-10-04,17:07:36,Dinner,TP,"[('Shrimp', 10), ('Fish&Chips', 8)]",820.0,-37.8087625,144.9422436,0,10.02,13.8892886
2018-01-04,08:00:00,Breakfast,TP,"[('Eggs', 6), ('Cereal', 2), ('Pancake', 1), ('Coffee', 4)]",228.25,-37.8175106,145.0028707,1,10.973,6.5028256
2018-09-29,16:57:27,Dinner,NS,"[('Shrimp', 7), ('Fish&Chips', 10), ('Salmon', 3)]",851.0,-37.8126529,144.9740747,0,7.626,15.345279
2018-09-15,16:27:02,Dinner,BK,"[('Fish&Chips', 9), ('Salmon', 10), ('Pasta', 10)]",1000.0,-37.8222803,144.9536732,0,8.891,18.0914508
2018-03-21,10:32:06,Breakfast,BK,"[('Pancake', 1), ('Coffee', 8), ('Cereal', 2), ('Eggs', 4)]",214.25,-37.8119421,144.9594111,0,7.897,12.5634963
2018-05-06,12:03:22,Lunch,BK,"[('Chicken', 7), ('Steak', 7), ('Burger', 9), ('Fries', 5), ('Salad', 3)]",929.6,-37.8221831,144.9327887,0,10.829,19.2937642
2018-11-23,18:49:00,Dinner,BK,"[('Salmon', 2), ('Pasta', 4), ('Fish&Chips', 4), ('Shrimp', 9)]",818.0,-37.8105747,144.939228,0,9.791,17.276367
2018-11-23,18:49:00,Dinner,TP,"[('Fish&Chips', 1), ('Shrimp', 5)]",305.0,-37.8128341,144.9581542,0,8.574,12.5029883
2018-10-25,17:48:10,Dinner,TP,"[('Fish&Chips', 4), ('Pasta', 2), ('Shrimp', 2)]",303.0,-37.8093604,144.9643574,0,8.711,12.5694572
2018-10-21,17:38:01,Dinner,TP,"[('Salmon', 10), ('Shrimp', 1), ('Fish&Chips', 7), ('Pasta', 3)]",791.5,-37.800071,144.9621733,0,9.783,15.369715
2018-12-09,19:19:26,Dinner,BK,"[('Pasta', 5), ('Fish&Chips', 2)]",207.5,-37.8180536,144.9662238,0,7.602,17.1698329
2018-12-16,19:29:34,Dinner,TP,"[('Fish&Chips', 1), ('Shrimp', 8)]",467.0,-37.8246085,144.9466327,0,8.878,14.2965292
2018-04-01,10:52:23,Breakfast,TP,"[('Pancake', 7), ('Eggs', 1), ('Cereal', 7)]",338.75,-37.8179891,144.9620086,0,7.862,12.2029981
2018-08-26,15:46:28,Lunch,NS,"[('Salad', 4), ('Chicken', 8), ('Burger', 3), ('Fries', 2), ('Steak', 3)]",576.8,-37.807684,144.9400828,0,10.164,17.6247517
2018-12-30,20:00:00,Dinner,BK,"[('Shrimp', 6), ('Salmon', 9), ('Pasta', 6), ('Fish&Chips', 3)]",963.0,-37.8204853,144.9496384,0,9.124,18.6446504
2018-06-06,13:04:13,Lunch,NS,"[('Steak', 8), ('Burger', 9), ('Fries', 2)]",663.0,-37.8250676,145.0097826,0,11.515,17.0222281
2018-07-28,14:55:46,Lunch,TP,"[('Chicken', 6), ('Burger', 5)]",347.0,-37.7973464,144.9689413,0,10.259,15.0810841
2018-02-05,09:00:50,Breakfast,TP,"[('Eggs', 3), ('Coffee', 4)]",96.0,-37.8073498,144.9569726,0,9.199,12.1055871
2018-04-07,11:12:40,Breakfast,NS,"[('Pancake', 1), ('Cereal', 6), ('Coffee', 1), ('Eggs', 9)]",355.75,-37.8183864,145.0130674,0,11.229,18.1651523
2018-01-27,08:50:42,Breakfast,BK,"[('Eggs', 1), ('Coffee', 1), ('Pancake', 4)]",126.5,-37.8226138,144.9583674,0,8.508,15.9494982
2018-06-18,13:34:38,Lunch,TP,"[('Chicken', 9), ('Fries', 6), ('Burger', 2), ('Steak', 3), ('Salad', 3)]",608.6,-37.8216741,145.0007409,0,10.595,13.3749239
2018-10-31,17:58:18,Dinner,TP,"[('Pasta', 5), ('Shrimp', 9), ('Fish&Chips', 5)]",798.5,-37.8068607,144.9742988,0,9.421,13.1202215
2018-10-25,17:48:10,Dinner,TP,"[('Pasta', 8), ('Salmon', 1)]",261.0,-37.8204838,144.9661266,0,7.412,12.0064978
2018-08-26,15:46:28,Lunch,NS,"[('Salad', 10), ('Chicken', 8)]",428.0,-37.820921,144.9688934,0,8.705,16.1286339
2018-12-05,19:09:17,Dinner,BK,"[('Fish&Chips', 3), ('Salmon', 2), ('Pasta', 2)]",242.0,-37.8189911,144.9540331,0,8.713,16.5336799
2018-02-26,09:51:32,Breakfast,NS,"[('Coffee', 9), ('Cereal', 7)]",214.5,-37.8148697,144.9590518,0,5.708,11.082647
2018-04-17,11:22:49,Breakfast,TP,"[('Pancake', 10), ('Eggs', 8), ('Coffee', 4)]",448.5,-37.8117982,144.9643441,0,8.362,11.4759431
2018-08-23,15:46:28,Lunch,NS,"[('Fries', 7), ('Chicken', 1)]",116.0,-37.8179057,144.9706398,0,8.238,13.7568047
2018-05-27,12:43:56,Lunch,TP,"[('Salad', 5), ('Chicken', 10), ('Fries', 10), ('Burger', 7), ('Steak', 1)]",788.0,-37.80531,144.9506489,0,9.662,14.5827218
2018-02-03,09:00:50,Breakfast,BK,"[('Eggs', 10), ('Cereal', 5), ('Pancake', 7), ('Coffee', 2)]",509.75,-37.8091505,144.9561019,0,8.129,14.9891513
2018-04-15,11:22:49,Breakfast,TP,"[('Pancake', 2), ('Cereal', 10), ('Coffee', 8)]",318.5,-37.8134053,145.0119362,0,12.22,15.5513665
2018-02-03,09:00:50,Breakfast,BK,"[('Pancake', 6), ('Eggs', 1)]",167.5,-37.821443,144.961383,0,8.218,15.7849261
2018-03-25,10:42:15,Breakfast,TP,"[('Eggs', 4), ('Coffee', 7), ('Pancake', 8)]",334.5,-37.810106,144.9555752,0,8.854,12.7997071
2018-10-16,17:27:53,Dinner,NS,"[('Salmon', 4), ('Shrimp', 10)]",704.0,-37.8235142,144.9954167,0,10.131,15.8107801
2018-11-27,18:59:09,Dinner,TP,"[('Fish&Chips', 4), ('Shrimp', 1)]",194.0,-37.818696,144.9829558,0,9.049,13.212122561854015
2018-08-31,15:56:37,Lunch,TP,"[('Salad', 6), ('Steak', 6), ('Burger', 9), ('Fries', 2)]",676.2,-37.8044157,144.9592957,0,9.288,12.5666666
2018-05-28,12:54:05,Lunch,NS,"[('Burger', 6), ('Fries', 10)]",306.0,-37.8122894,144.9455558,0,9.09,14.8020074
2018-10-30,17:58:18,Dinner,BK,"[('Fish&Chips', 2), ('Salmon', 6), ('Pasta', 6), ('Shrimp', 3)]",643.0,-37.8011215,144.9627191,0,8.037,15.1284345
2018-09-05,16:06:45,Dinner,NS,"[('Shrimp', 4), ('Fish&Chips', 2), ('Salmon', 7), ('Pasta', 9)]",820.5,-37.8152437,144.9276957,0,10.725,14.592808979072045
2018-11-26,18:49:00,Dinner,NS,"[('Pasta', 3), ('Shrimp', 5), ('Salmon', 4), ('Fish&Chips', 1)]",551.5,-37.8125339,144.9362062,0,10.454,16.7455099
2018-11-22,18:49:00,Dinner,NS,"[('Salmon', 5), ('Shrimp', 9), ('Pasta', 2)]",746.0,-37.80095,144.9927165,0,8.275,14.4463
2018-04-12,11:22:49,Breakfast,BK,"[('Eggs', 1), ('Coffee', 8)]",82.0,-37.8019579,144.9430325,0,9.43,14.9606224
2018-09-02,16:06:45,Dinner,NS,"[('Fish&Chips', 9), ('Salmon', 1), ('Shrimp', 8)]",788.0,-37.8127111,144.9688045,0,7.602,15.1330436
2018-10-09,17:17:44,Dinner,NS,"[('Pasta', 6), ('Salmon', 7), ('Fish&Chips', 2), ('Shrimp', 5)]",792.0,-37.8123325,144.9519667,0,8.64,13.9961899
2018-01-10,08:10:08,Breakfast,TP,"[('Eggs', 10), ('Cereal', 4), ('Coffee', 6), ('Pancake', 4)]",446.0,-37.80646,144.9570606,1,9.317,6.0506029
2018-08-05,15:05:54,Lunch,TP,"[('Salad', 2), ('Chicken', 1), ('Fries', 7)]",150.4,-37.8099611,144.9434931,0,9.843,14.57054285884716
2018-07-10,14:15:12,Lunch,NS,"[('Salad', 5), ('Burger', 6), ('Chicken', 7)]",496.0,-37.8236655,144.9821403,0,9.208,14.242411
2018-05-24,12:43:56,Lunch,TP,"[('Burger', 1), ('Chicken', 8)]",287.0,-37.8172189,145.0162981,0,12.807,15.562930221625347
2018-03-07,10:01:41,Breakfast,TP,"[('Pancake', 10), ('Eggs', 5), ('Coffee', 7)]",405.0,-37.8131564,144.9514095,0,9.074,11.882935
2018-01-13,08:20:16,Breakfast,NS,"[('Cereal', 8), ('Coffee', 8)]",228.0,-37.8164175,144.9382464,1,9.987,8.3210562
2018-04-12,11:22:49,Breakfast,BK,"[('Cereal', 10), ('Coffee', 6)]",255.0,-37.8013481,144.9429151,0,9.453,14.1387941
2018-10-27,17:58:18,Dinner,TP,"[('Pasta', 9), ('Shrimp', 5), ('Fish&Chips', 1)]",552.5,-37.8110663,144.9455747,0,9.746,15.6837958
2018-12-02,19:09:17,Dinner,NS,"[('Pasta', 1), ('Salmon', 9)]",396.5,-37.8156175,144.9657244,0,8.146,16.0905993
2018-10-29,17:58:18,Dinner,BK,"[('Salmon', 6), ('Pasta', 6)]",411.0,-37.800964,144.9909789,0,6.714,13.0421746
2018-06-21,13:34:38,Lunch,TP,"[('Fries', 7), ('Steak', 5), ('Chicken', 10), ('Burger', 2), ('Salad', 3)]",742.6,-37.8046849,144.9446115,0,10.074,12.6357499
2018-02-20,09:41:24,Breakfast,BK,"[('Cereal', 9), ('Coffee', 6)]",234.0,-37.8201679,144.9565668,0,8.47,13.2700324
2018-03-17,10:21:58,Breakfast,NS,"[('Eggs', 2), ('Pancake', 5), ('Cereal', 2), ('Coffee', 10)]",282.25,-37.8205902,144.9838249,0,9.208,16.3671231
2018-01-01,08:00:00,Breakfast,NS,"[('Eggs', 6), ('Coffee', 1), ('Pancake', 7)]",309.25,-37.8078848,144.9577193,1,7.994,10.852960266852683
2018-03-03,10:01:41,Breakfast,NS,"[('Coffee', 3), ('Pancake', 10), ('Cereal', 1)]",286.0,-37.8185141,144.9758658,0,8.305,15.2341056
2018-04-30,11:53:14,Breakfast,NS,"[('Coffee', 8), ('Eggs', 10)]",280.0,-37.8157316,144.963445,0,8.361,13.3082387
2018-04-30,11:53:14,Breakfast,NS,"[('Pancake', 3), ('Cereal', 5), ('Coffee', 4), ('Eggs', 4)]",295.75,-37.8187425,144.9532489,0,9.224,14.7838625
2018-03-11,10:11:49,Breakfast,TP,"[('Coffee', 7), ('Cereal', 10), ('Eggs', 4), ('Pancake', 5)]",471.75,-37.822956,144.9861411,0,9.404,13.1055953
2018-11-26,18:59:09,Dinner,BK,"[('Salmon', 3), ('Fish&Chips', 4), ('Pasta', 5), ('Shrimp', 5)]",670.5,-37.8249245,145.0111166,0,5.057,12.1320882
2018-06-04,13:04:13,Lunch,TP,"[('Burger', 1), ('Salad', 3)]",82.6,-37.8204229,144.9691189,0,7.665,11.3462491
2018-07-26,14:45:38,Lunch,TP,"[('Salad', 4), ('Burger', 1), ('Chicken', 10), ('Steak', 4)]",599.8,-37.8239805,144.9827276,0,8.684,12.0972124
2018-01-15,08:20:16,Breakfast,NS,"[('Coffee', 4), ('Eggs', 2)]",74.0,-37.8181284,144.9485848,1,9.458,12.05900138547273
2018-09-16,16:37:10,Dinner,TP,"[('Salmon', 7), ('Shrimp', 6), ('Fish&Chips', 8)]",891.0,-37.8058744,144.9783731,0,9.671,15.4071041
2018-01-04,08:00:00,Breakfast,TP,"[('Coffee', 8), ('Pancake', 7), ('Cereal', 7), ('Eggs', 9)]",574.75,-37.8037717,144.9380206,1,10.723,6.767605
2018-08-18,15:36:20,Lunch,BK,"[('Steak', 10), ('Chicken', 3), ('Salad', 8), ('Burger', 8), ('Fries', 10)]",1051.6,-37.808432,144.9716374,0,6.726,14.812927
2018-12-24,19:49:51,Dinner,TP,"[('Fish&Chips', 2), ('Pasta', 9), ('Salmon', 1)]",358.5,-37.8178223,145.0034301,0,10.994,14.9260376
2018-02-27,09:51:32,Breakfast,TP,"[('Eggs', 6), ('Coffee', 6), ('Cereal', 9), ('Pancake', 2)]",414.5,-37.8106037,144.9779024,0,9.156,11.81021421482843
2018-07-27,14:45:38,Lunch,NS,"[('Steak', 4), ('Chicken', 9), ('Burger', 1), ('Salad', 8)]",636.6,-37.8033896,144.990466,0,8.141,13.9946663
2018-10-01,16:57:27,Dinner,NS,"[('Salmon', 9), ('Shrimp', 3)]",531.0,-37.8013589,144.986982,0,7.745,13.9198017
2018-09-28,16:57:27,Dinner,TP,"[('Salmon', 7), ('Shrimp', 7), ('Fish&Chips', 9), ('Pasta', 6)]",1145.0,-37.8086451,144.9453811,0,9.847,14.4201271
2018-07-09,14:15:12,Lunch,TP,"[('Chicken', 1), ('Burger', 2), ('Steak', 10)]",544.0,-37.8219347,144.9554417,0,8.168,11.650332
2018-08-20,15:36:20,Lunch,BK,"[('Fries', 5), ('Salad', 8), ('Burger', 10), ('Chicken', 1), ('Steak', 9)]",944.6,-37.8044214,144.9498778,0,8.724,14.2839925
2018-01-03,08:00:00,Breakfast,BK,"[('Cereal', 3), ('Eggs', 7)]",217.0,-37.8048702,144.961308,1,9.604,7.2597321
2018-11-05,18:08:27,Dinner,BK,"[('Salmon', 5), ('Pasta', 8)]",425.0,-37.8161821,144.963919,0,7.776,14.7695486
2018-12-06,19:09:17,Dinner,TP,"[('Fish&Chips', 6), ('Salmon', 5), ('Shrimp', 6)]",739.0,-37.8158211,144.9658061,0,7.905,11.9888768
2018-04-17,11:32:57,Breakfast,BK,"[('Cereal', 9), ('Coffee', 4), ('Eggs', 9), ('Pancake', 3)]",489.75,-37.8135314,144.9740685,0,6.823,11.9741434
2018-08-05,15:05:54,Lunch,NS,"[('Burger', 8), ('Steak', 7), ('Salad', 8)]",700.6,-37.8112451,144.9686679,0,7.435,14.8522939
2018-11-14,18:28:43,Dinner,BK,"[('Salmon', 2), ('Shrimp', 3), ('Pasta', 10), ('Fish&Chips', 7)]",764.0,-37.8145441,145.0141839,0,3.766,10.5414159
2018-08-13,15:26:11,Lunch,BK,"[('Salad', 2), ('Steak', 10)]",484.4,-37.8244434,144.9702946,0,8.103,13.7668225
2018-08-03,15:05:54,Lunch,BK,"[('Burger', 9), ('Fries', 5), ('Steak', 7), ('Chicken', 4), ('Salad', 8)]",919.6,-37.8212482,144.9749511,0,7.549,13.6179571
2018-04-27,11:53:14,Breakfast,NS,"[('Coffee', 9), ('Cereal', 1), ('Eggs', 10), ('Pancake', 6)]",454.0,-37.8110937,144.9661285,0,7.504,12.2710176
2018-06-27,13:44:47,Lunch,TP,"[('Burger', 8), ('Salad', 5), ('Chicken', 8), ('Steak', 3), ('Fries', 9)]",833.0,-37.8243408,144.985531,0,8.935,12.458554
2018-04-18,11:32:57,Breakfast,TP,"[('Cereal', 4), ('Eggs', 1), ('Pancake', 6), ('Coffee', 8)]",311.5,-37.813178,144.9738688,0,8.634,11.4221302
2018-04-19,11:32:57,Breakfast,NS,"[('Coffee', 9), ('Pancake', 7), ('Cereal', 1)]",258.25,-37.8160032,144.9724791,0,7.887,10.764813818975398
2018-11-21,18:38:52,Dinner,NS,"[('Pasta', 8), ('Shrimp', 10)]",760.0,-37.8081332,144.9761741,0,7.331,12.9649705
2018-01-21,08:30:25,Breakfast,BK,"[('Pancake', 7), ('Eggs', 6), ('Cereal', 5)]",406.75,-37.8026458,144.9676549,0,7.536,15.02018
2018-01-04,08:00:00,Breakfast,TP,"[('Pancake', 1), ('Cereal', 1)]",45.25,-37.8210346,144.9474081,1,8.985,5.7215937
2018-06-30,13:54:55,Lunch,TP,"[('Chicken', 2), ('Fries', 9), ('Burger', 10)]",482.0,-37.8119931,144.9384048,0,10.31,14.955256794909703
2018-03-01,09:51:32,Breakfast,TP,"[('Eggs', 5), ('Cereal', 3)]",173.0,-37.7998519,144.993109,0,11.343,13.6847741
2018-11-10,18:18:35,Dinner,TP,"[('Shrimp', 1), ('Salmon', 4), ('Pasta', 3), ('Fish&Chips', 9)]",615.5,-37.8205902,144.9830457,0,9.183,14.771863194625624
2018-10-31,17:58:18,Dinner,TP,"[('Fish&Chips', 5), ('Shrimp', 4), ('Salmon', 9)]",760.0,-37.820351,144.9640389,0,7.159,11.3210275
2018-03-12,10:11:49,Breakfast,NS,"[('Cereal', 9), ('Coffee', 1), ('Pancake', 5)]",317.75,-37.8190369,144.9433207,0,9.768,14.7440644
2018-01-06,08:10:08,Breakfast,BK,"[('Eggs', 10), ('Coffee', 5), ('Pancake', 8)]",451.5,-37.8134727,144.9375948,1,10.114,8.657168
2018-03-18,10:21:58,Breakfast,BK,"[('Coffee', 3), ('Pancake', 10), ('Eggs', 6), ('Cereal', 9)]",586.0,-37.8089992,144.972109,0,6.697,14.3576649
2018-06-18,13:34:38,Lunch,TP,"[('Steak', 6), ('Fries', 1), ('Chicken', 7), ('Salad', 3), ('Burger', 5)]",712.6,-37.8265528,144.9724204,0,8.445,11.7738251
2018-07-27,14:45:38,Lunch,BK,"[('Fries', 8), ('Steak', 1), ('Salad', 7), ('Burger', 3), ('Chicken', 4)]",482.4,-37.8271104,144.9836705,0,8.173,13.5847527
2018-07-01,13:54:55,Lunch,BK,"[('Steak', 8), ('Chicken', 5), ('Burger', 9), ('Salad', 7)]",919.4,-37.8105239,144.9609857,0,7.664,16.2949033
2018-03-19,10:32:06,Breakfast,NS,"[('Cereal', 2), ('Eggs', 8), ('Pancake', 8), ('Coffee', 6)]",457.0,-37.8073299,144.9724106,0,7.003,11.855899
2018-12-30,20:00:00,Dinner,BK,"[('Fish&Chips', 1), ('Salmon', 8), ('Shrimp', 7), ('Pasta', 9)]",988.5,-37.8162012,144.9373958,0,9.993,19.6705505
2018-05-04,12:03:22,Lunch,BK,"[('Chicken', 3), ('Burger', 3), ('Salad', 8), ('Fries', 9)]",434.6,-37.7999204,144.934833,0,12.252,18.4159359
2018-10-29,17:58:18,Dinner,NS,"[('Pasta', 8), ('Salmon', 7)]",507.0,-37.8262599,144.9288674,0,11.672,17.9502765
2018-07-21,14:35:29,Lunch,BK,"[('Steak', 10), ('Salad', 1), ('Chicken', 10)]",787.2,-37.822344,144.9682038,0,7.993,16.649552
2018-06-28,13:54:55,Lunch,NS,"[('Steak', 5), ('Fries', 5), ('Chicken', 1), ('Salad', 9), ('Burger', 6)]",657.8,-37.811453,144.9489719,0,8.797,14.5894173
2018-04-09,11:12:40,Breakfast,BK,"[('Cereal', 1), ('Eggs', 4)]",109.0,-37.8244864,144.9886142,0,6.412,11.1841324
2018-03-05,10:01:41,Breakfast,BK,"[('Cereal', 3), ('Pancake', 3), ('Eggs', 2)]",179.75,-37.8058962,144.9443458,0,9.192,14.2102103
2018-09-17,16:37:10,Dinner,BK,"[('Salmon', 6), ('Fish&Chips', 9)]",561.0,-37.8093139,145.0194308,0,4.393,9.376516381324688
2018-06-30,13:54:55,Lunch,NS,"[('Fries', 7), ('Salad', 6), ('Burger', 1), ('Chicken', 4), ('Steak', 4)]",526.2,-37.8056197,144.9537607,0,8.143,15.1268125
2018-10-10,17:17:44,Dinner,TP,"[('Fish&Chips', 7), ('Salmon', 9), ('Shrimp', 7), ('Pasta', 2)]",1047.0,-37.8123295,144.9532761,0,9.005,13.3903164
2018-11-15,18:28:43,Dinner,TP,"[('Pasta', 8), ('Shrimp', 8), ('Salmon', 10), ('Fish&Chips', 1)]",1097.0,-37.808699,144.9786163,0,9.368,13.314826
2018-05-07,12:03:22,Lunch,NS,"[('Salad', 8), ('Fries', 7), ('Chicken', 10), ('Steak', 2), ('Burger', 10)]",941.6,-37.8157766,144.9950602,0,9.584,14.8060956
2018-05-02,11:53:14,Breakfast,NS,"[('Cereal', 4), ('Eggs', 3)]",150.0,-37.8025608,145.0019805,0,9.394,14.2160183
2018-03-04,10:01:41,Breakfast,TP,"[('Cereal', 2), ('Eggs', 7)]",196.0,-37.8198062,145.0016147,0,10.851,14.0623802
2018-07-08,14:15:12,Lunch,NS,"[('Steak', 2), ('Salad', 8), ('Chicken', 8), ('Fries', 9)]",591.6,-37.8055262,144.984989,0,7.809,15.2739717
2018-05-06,12:03:22,Lunch,BK,"[('Steak', 5), ('Fries', 10), ('Chicken', 2), ('Burger', 1), ('Salad', 5)]",526.0,-37.8019359,144.9708643,0,7.442,15.8176081
2018-10-07,17:17:44,Dinner,TP,"[('Shrimp', 9), ('Salmon', 2), ('Fish&Chips', 6), ('Pasta', 8)]",998.0,-37.8025801,144.9656274,0,9.585,15.10303022309916
2018-11-28,18:59:09,Dinner,TP,"[('Fish&Chips', 4), ('Salmon', 7), ('Pasta', 8), ('Shrimp', 4)]",863.0,-37.8095675,144.9724362,0,9.117,13.6550065
2018-09-14,16:27:02,Dinner,TP,"[('Fish&Chips', 4), ('Shrimp', 7), ('Salmon', 4), ('Pasta', 1)]",709.5,-37.8006201,144.9559921,0,9.698,13.979229
2018-11-03,18:08:27,Dinner,NS,"[('Pasta', 7), ('Salmon', 4)]",356.5,-37.7999799,145.0138091,0,10.305,18.2960643
2018-08-22,15:46:28,Lunch,TP,"[('Burger', 1), ('Steak', 2), ('Fries', 5), ('Salad', 1), ('Chicken', 4)]",326.2,-37.8035879,144.9767576,0,9.779,13.1868005
2018-10-13,17:27:53,Dinner,BK,"[('Shrimp', 3), ('Salmon', 7)]",449.0,-37.8205229,144.9572508,0,8.395,17.9601437
2018-10-23,17:48:10,Dinner,TP,"[('Salmon', 9), ('Pasta', 2), ('Fish&Chips', 10)]",774.0,-37.8196913,144.9709472,0,7.827,11.7664012
2018-06-30,13:54:55,Lunch,TP,"[('Burger', 4), ('Salad', 7), ('Chicken', 1)]",276.4,-37.8118467,144.9558164,0,8.71,13.7310037
2018-03-02,09:51:32,Breakfast,NS,"[('Coffee', 10), ('Cereal', 3), ('Eggs', 7), ('Pancake', 9)]",510.25,-37.8184877,144.99459,0,9.686,14.6874016
2018-09-19,16:37:10,Dinner,BK,"[('Pasta', 5), ('Salmon', 8), ('Fish&Chips', 5)]",640.5,-37.822088,144.9500022,0,9.063,16.0192595
2018-06-18,13:34:38,Lunch,BK,"[('Fries', 7), ('Salad', 5)]",170.0,-37.8230405,145.0071465,0,4.633,10.1995902
2018-04-03,11:02:32,Breakfast,NS,"[('Eggs', 2), ('Cereal', 5), ('Coffee', 5), ('Pancake', 8)]",380.5,-37.8121517,144.9890977,0,8.726,13.9955635
2018-09-07,16:16:54,Dinner,NS,"[('Fish&Chips', 5), ('Pasta', 3)]",257.5,-37.8209053,144.9766632,0,8.856,14.2143296
2018-06-07,13:14:21,Lunch,BK,"[('Steak', 8), ('Salad', 1), ('Burger', 3), ('Fries', 6), ('Chicken', 4)]",670.2,-37.8025296,144.979472,0,6.676,12.1827005
2018-09-26,16:47:19,Dinner,NS,"[('Fish&Chips', 5), ('Salmon', 4)]",339.0,-37.8103324,144.9496246,0,8.667,15.1811594
2018-03-14,10:21:58,Breakfast,TP,"[('Coffee', 8), ('Eggs', 2)]",104.0,-37.7996144,144.9327719,0,12.392,13.7937633
2018-08-13,15:26:11,Lunch,BK,"[('Salad', 10), ('Steak', 5)]",397.0,-37.8130425,144.9363041,0,10.5,16.932043
2018-06-08,13:14:21,Lunch,BK,"[('Salad', 3), ('Fries', 6), ('Steak', 7), ('Burger', 10)]",748.6,-37.8200711,144.9844351,0,6.392,12.3206809
2018-12-26,19:49:51,Dinner,NS,"[('Shrimp', 9), ('Fish&Chips', 5), ('Salmon', 4)]",825.0,-37.8117076,144.9564256,0,8.105,14.0007607
2018-02-20,09:31:16,Breakfast,NS,"[('Coffee', 5), ('Cereal', 7)]",184.5,-37.8036544,144.9554625,0,7.789,10.684081558302745
2018-08-31,15:56:37,Lunch,TP,"[('Chicken', 3), ('Salad', 9)]",250.8,-37.8164835,144.9558359,0,8.356,11.7301808
2018-08-12,15:26:11,Lunch,BK,"[('Steak', 5), ('Fries', 6)]",297.0,-37.8127465,144.9884014,0,5.422,13.9190593
2018-05-24,12:43:56,Lunch,TP,"[('Salad', 2), ('Chicken', 6), ('Fries', 3), ('Burger', 7)]",479.4,-37.8190259,144.9768834,0,8.593,12.0265358
2018-07-03,14:05:04,Lunch,TP,"[('Fries', 9), ('Steak', 5)]",333.0,-37.8114868,144.9645604,0,8.42,11.9195274
2018-08-14,15:26:11,Lunch,NS,"[('Burger', 4), ('Chicken', 7), ('Salad', 10), ('Steak', 7)]",835.0,-37.8013431,144.952839,0,7.78,12.9991181
2018-06-26,13:44:47,Lunch,NS,"[('Burger', 7), ('Fries', 10), ('Steak', 6)]",607.0,-37.8245718,144.984638,0,9.483,14.9517386
2018-03-02,09:51:32,Breakfast,NS,"[('Pancake', 10), ('Coffee', 10), ('Cereal', 4)]",401.5,-37.817927,144.9678674,0,8.52,13.8474155
2018-12-18,19:39:43,Dinner,NS,"[('Shrimp', 2), ('Pasta', 5)]",245.5,-37.808142,144.9472307,0,8.83,14.9818479
2018-11-18,18:38:52,Dinner,NS,"[('Pasta', 2), ('Salmon', 4), ('Shrimp', 2), ('Fish&Chips', 10)]",677.0,-37.8137364,144.936811,0,10.179,17.9215388
2018-06-26,13:44:47,Lunch,BK,"[('Burger', 2), ('Steak', 3), ('Fries', 7)]",281.0,-37.8252138,144.9847198,0,6.913,12.9606159
2018-04-15,11:22:49,Breakfast,NS,"[('Eggs', 5), ('Pancake', 6), ('Coffee', 10)]",330.5,-37.8166433,144.9838018,0,8.714,12.895446866503628
2018-12-28,20:00:00,Dinner,TP,"[('Salmon', 7), ('Fish&Chips', 7), ('Shrimp', 4)]",748.0,-37.7991378,144.9613891,0,9.917,14.3037732
2018-02-05,09:10:59,Breakfast,NS,"[('Cereal', 1), ('Eggs', 9), ('Coffee', 3)]",241.5,-37.809775,144.9724011,0,7.315,12.4697082
2018-12-05,19:09:17,Dinner,NS,"[('Shrimp', 5), ('Salmon', 1)]",311.0,-37.822562,144.9582048,0,9.426,13.522694625870242
2018-12-17,19:39:43,Dinner,BK,"[('Fish&Chips', 1), ('Salmon', 7)]",322.0,-37.808659,144.9493715,0,8.844,15.8041799
2018-10-20,17:38:01,Dinner,NS,"[('Pasta', 9), ('Fish&Chips', 1), ('Shrimp', 7)]",660.5,-37.8213196,144.9691935,0,8.75,17.0459545
2018-10-02,17:07:36,Dinner,TP,"[('Salmon', 10), ('Fish&Chips', 10), ('Pasta', 3)]",842.5,-37.8055935,144.9835296,0,10.129,14.0630582
2018-10-30,17:58:18,Dinner,BK,"[('Salmon', 1), ('Pasta', 4), ('Fish&Chips', 9)]",466.0,-37.807911,144.9418072,0,9.864,13.883518403162304
2018-06-29,13:54:55,Lunch,NS,"[('Burger', 1), ('Steak', 8)]",391.0,-37.8221797,144.9311455,0,11.198,17.1939287
2018-02-21,09:41:24,Breakfast,BK,"[('Pancake', 8), ('Eggs', 5), ('Coffee', 4), ('Cereal', 2)]",376.0,-37.8049857,144.9956792,0,5.007,9.9809566
2018-03-31,10:52:23,Breakfast,TP,"[('Pancake', 1), ('Cereal', 7), ('Eggs', 10)]",391.25,-37.8214735,144.9627589,0,7.412,12.169058
2018-08-11,15:16:03,Lunch,BK,"[('Salad', 7), ('Fries', 8), ('Chicken', 1), ('Steak', 8)]",608.4,-37.8106068,144.9887464,0,5.219,13.8168181
2018-01-28,08:50:42,Breakfast,NS,"[('Cereal', 10), ('Pancake', 7)]",379.75,-37.8236582,144.9432921,0,10.636,17.575079
2018-04-27,11:53:14,Breakfast,BK,"[('Pancake', 10), ('Cereal', 1)]",263.5,-37.8232442,144.9680212,0,8.125,13.1080332
2018-10-23,17:48:10,Dinner,BK,"[('Salmon', 5), ('Pasta', 8), ('Shrimp', 7), ('Fish&Chips', 8)]",1083.0,-37.8109198,145.0097639,0,3.928,10.8285925
2018-11-23,18:49:00,Dinner,TP,"[('Salmon', 2), ('Fish&Chips', 1), ('Pasta', 4)]",227.0,-37.8195048,144.9424987,0,9.524,13.677097
2018-01-23,08:40:33,Breakfast,NS,"[('Coffee', 7), ('Cereal', 8), ('Eggs', 5)]",330.5,-37.8032826,144.9929998,0,8.348,12.9514437
2018-02-14,09:21:07,Breakfast,BK,"[('Cereal', 4), ('Pancake', 10)]",326.5,-37.8109133,145.0098328,0,3.322,8.4665673
2018-12-19,19:39:43,Dinner,TP,"[('Pasta', 10), ('Fish&Chips', 1)]",310.0,-37.8209833,144.9550376,0,8.186,12.614908
2018-01-02,08:00:00,Breakfast,NS,"[('Eggs', 8), ('Pancake', 8), ('Coffee', 3)]",392.5,-37.8141865,144.9445546,1,9.284,6.9081558
2018-11-26,18:59:09,Dinner,NS,"[('Pasta', 5), ('Salmon', 8), ('Shrimp', 7), ('Fish&Chips', 9)]",1158.5,-37.823214,144.9651841,0,9.193,15.4565188
2018-08-14,15:26:11,Lunch,BK,"[('Salad', 7), ('Steak', 1), ('Fries', 4)]",213.4,-37.805931,144.9381047,0,9.99,15.7143472
2018-08-09,15:16:03,Lunch,NS,"[('Steak', 4), ('Burger', 8), ('Salad', 8), ('Fries', 1), ('Chicken', 6)]",769.6,-37.8054349,144.9409965,0,9.321,15.3717365
2018-04-09,11:12:40,Breakfast,BK,"[('Pancake', 4), ('Cereal', 6), ('Coffee', 7)]",275.5,-37.8023054,144.9425337,0,9.365,14.4469823
2018-06-03,13:04:13,Lunch,BK,"[('Steak', 9), ('Salad', 7), ('Fries', 7)]",609.4,-37.8167264,144.9700747,0,7.17,12.368529259071627
2018-12-28,20:00:00,Dinner,BK,"[('Fish&Chips', 1), ('Pasta', 3), ('Salmon', 2)]",199.5,-37.8194748,144.9526071,0,8.844,15.6298022
2018-12-11,19:19:26,Dinner,NS,"[('Fish&Chips', 7), ('Shrimp', 8), ('Pasta', 5), ('Salmon', 3)]",937.5,-37.8224115,144.9500399,0,9.821,15.5608248
2018-07-13,14:25:21,Lunch,TP,"[('Fries', 8), ('Chicken', 10)]",416.0,-37.8162256,145.0076725,0,11.515,14.3879674
2018-09-19,16:37:10,Dinner,NS,"[('Salmon', 7), ('Shrimp', 5)]",557.0,-37.8179282,144.9745447,0,8.192,14.684805
2018-04-21,11:32:57,Breakfast,BK,"[('Coffee', 7), ('Pancake', 8), ('Eggs', 2)]",290.5,-37.8188951,144.9531288,0,8.813,16.4277144
2018-03-10,10:11:49,Breakfast,TP,"[('Pancake', 10), ('Coffee', 3)]",265.0,-37.8242735,144.9450166,0,9.038,12.857511
2018-12-16,19:29:34,Dinner,NS,"[('Salmon', 10), ('Shrimp', 9), ('Pasta', 1)]",923.5,-37.8180679,144.9946701,0,9.647,17.5060853
2018-08-28,15:56:37,Lunch,TP,"[('Salad', 4), ('Chicken', 2)]",132.8,-37.8023274,144.9777958,0,9.956,13.4221518
2018-11-27,18:59:09,Dinner,NS,"[('Salmon', 10), ('Shrimp', 7), ('Pasta', 10), ('Fish&Chips', 8)]",1343.0,-37.8009647,144.9566486,0,7.451,12.8709615
2018-11-10,18:18:35,Dinner,NS,"[('Shrimp', 7), ('Fish&Chips', 9), ('Pasta', 6), ('Salmon', 10)]",1268.0,-37.8171934,144.9567295,0,8.794,16.033533
2018-01-01,08:00:00,Breakfast,BK,"[('Pancake', 10), ('Eggs', 9), ('Cereal', 8), ('Coffee', 1)]",616.0,-37.8189675,144.98492,1,6.214,5.7911476
2018-06-19,13:34:38,Lunch,BK,"[('Steak', 3), ('Fries', 8)]",231.0,-37.8259342,145.0002912,0,5.533,11.0695688
2018-02-02,09:00:50,Breakfast,NS,"[('Cereal', 5), ('Pancake', 3), ('Coffee', 9)]",245.25,-37.8197476,145.0111595,0,11.122,15.7455748
2018-05-17,12:23:39,Lunch,NS,"[('Steak', 8), ('Chicken', 2)]",424.0,-37.8085443,144.9634169,0,7.49,11.182793180844758
2018-12-04,19:09:17,Dinner,BK,"[('Fish&Chips', 4), ('Salmon', 10)]",550.0,-37.8054568,144.9333354,0,10.405,17.3149366
2018-07-09,14:15:12,Lunch,BK,"[('Salad', 1), ('Steak', 9), ('Burger', 7), ('Chicken', 9)]",927.2,-37.8202279,144.9574109,0,8.371,14.1767122
2018-12-22,19:49:51,Dinner,NS,"[('Fish&Chips', 1), ('Shrimp', 1)]",89.0,-37.8075664,144.9666053,0,7.037,15.2442356
2018-07-30,14:55:46,Lunch,TP,"[('Salad', 1), ('Chicken', 1), ('Burger', 7), ('Steak', 2)]",356.2,-37.8239657,144.9595061,0,8.023,12.1259536
2018-04-08,11:12:40,Breakfast,TP,"[('Eggs', 4), ('Cereal', 3), ('Coffee', 6)]",196.0,-37.8175921,144.9672221,0,7.711,11.9383591
2018-08-07,15:16:03,Lunch,TP,"[('Chicken', 5), ('Burger', 4)]",284.0,-37.8252463,144.9507341,0,8.553,11.8904803
2018-03-22,10:32:06,Breakfast,NS,"[('Eggs', 1), ('Cereal', 1)]",43.0,-37.8189962,144.9627055,0,8.727,13.661445
2018-09-03,16:06:45,Dinner,TP,"[('Salmon', 1), ('Shrimp', 10)]",581.0,-37.8147265,144.9457999,0,9.499,13.8424694
2018-11-25,18:49:00,Dinner,BK,"[('Shrimp', 8), ('Fish&Chips', 3)]",537.0,-37.8204811,144.9818467,0,6.671,16.0853863
2018-05-09,12:13:31,Lunch,NS,"[('Fries', 8), ('Chicken', 8), ('Burger', 5), ('Salad', 7)]",627.4,-37.8025023,144.9923117,0,8.177,11.748742804131624
2018-05-30,12:54:05,Lunch,BK,"[('Steak', 4), ('Chicken', 4), ('Burger', 7), ('Salad', 10), ('Fries', 6)]",769.0,-37.8043801,144.9297315,0,10.562,16.4602433
2018-08-29,15:56:37,Lunch,NS,"[('Burger', 9), ('Salad', 2), ('Fries', 10)]",433.4,-37.8187013,144.9782069,0,9.465,14.6565142
2018-10-19,17:38:01,Dinner,BK,"[('Shrimp', 8), ('Salmon', 2), ('Pasta', 2), ('Fish&Chips', 10)]",919.0,-37.8005187,145.0018179,0,5.102,11.735061
2018-10-05,17:07:36,Dinner,BK,"[('Fish&Chips', 8), ('Shrimp', 6)]",604.0,-37.8157742,144.969369,0,7.233,13.6621545
2018-01-06,08:10:08,Breakfast,TP,"[('Cereal', 6), ('Coffee', 1), ('Pancake', 1), ('Eggs', 9)]",355.75,-37.8097118,144.9765548,1,9.141,6.9077724
2018-12-13,19:29:34,Dinner,TP,"[('Shrimp', 2), ('Pasta', 4), ('Salmon', 4)]",382.0,-37.8004946,144.9583439,0,9.699,13.821283
2018-02-20,09:41:24,Breakfast,TP,"[('Pancake', 9), ('Coffee', 6)]",263.25,-37.8198263,144.9555433,0,8.205,10.9153353
2018-12-01,18:59:09,Dinner,TP,"[('Pasta', 5), ('Salmon', 10)]",547.5,-37.7994685,145.0048879,0,12.502,17.710753
2018-09-30,16:57:27,Dinner,NS,"[('Salmon', 2), ('Fish&Chips', 2)]",152.0,-37.8149171,144.9680205,0,7.938,13.746233964651609
2018-04-26,11:43:05,Breakfast,TP,"[('Pancake', 6), ('Cereal', 1)]",166.5,-37.8182244,144.9652244,0,7.526,10.3722142
2018-11-03,18:08:27,Dinner,BK,"[('Pasta', 2), ('Salmon', 6)]",301.0,-37.8111309,144.952352,0,8.511,17.5351053
2018-03-20,10:32:06,Breakfast,BK,"[('Eggs', 4), ('Coffee', 10), ('Pancake', 2), ('Cereal', 7)]",358.5,-37.8099973,144.9582524,0,7.984,13.1387072
2018-09-25,16:47:19,Dinner,BK,"[('Pasta', 9), ('Shrimp', 7), ('Salmon', 3), ('Fish&Chips', 10)]",1098.5,-37.8021598,144.9906112,0,5.711,12.1557246
2018-12-27,20:00:00,Dinner,NS,"[('Salmon', 1), ('Fish&Chips', 10)]",391.0,-37.8169324,145.0029929,0,10.289,16.0565226
2018-09-01,16:06:45,Dinner,TP,"[('Fish&Chips', 8), ('Salmon', 8), ('Pasta', 5), ('Shrimp', 3)]",907.5,-37.8164028,144.9552605,0,8.425,14.6988041
2018-02-10,09:21:07,Breakfast,BK,"[('Eggs', 7), ('Pancake', 7)]",323.75,-37.8108465,144.9673634,0,7.181,14.8558231
2018-10-24,17:48:10,Dinner,NS,"[('Fish&Chips', 4), ('Salmon', 6)]",386.0,-37.7964758,144.9513026,0,7.964,13.8027811
2018-07-20,14:35:29,Lunch,NS,"[('Fries', 6), ('Burger', 1), ('Chicken', 9)]",391.0,-37.8161002,144.9528211,0,8.845,14.1957264
2018-12-06,19:09:17,Dinner,BK,"[('Shrimp', 1), ('Pasta', 8), ('Salmon', 4), ('Fish&Chips', 4)]",578.0,-37.8155933,144.9665773,0,7.52,14.1777585
2018-11-07,18:18:35,Dinner,BK,"[('Pasta', 5), ('Salmon', 7), ('Fish&Chips', 8), ('Shrimp', 1)]",758.5,-37.8112471,144.9619299,0,7.653,14.3493857
2018-06-26,13:44:47,Lunch,TP,"[('Burger', 9), ('Salad', 1), ('Chicken', 5), ('Steak', 2)]",546.2,-37.8221048,144.9567341,0,8.061,11.653182169049707
2018-05-15,12:23:39,Lunch,NS,"[('Chicken', 7), ('Burger', 4), ('Steak', 3), ('Salad', 5)]",569.0,-37.813063,144.9516671,0,9.225,14.337269
2018-07-31,14:55:46,Lunch,BK,"[('Burger', 3), ('Chicken', 10), ('Fries', 5), ('Steak', 7)]",788.0,-37.801099,144.969947,0,7.486,13.3877668
2018-04-19,11:32:57,Breakfast,NS,"[('Coffee', 6), ('Eggs', 8)]",221.0,-37.8134281,144.973646,0,7.682,12.4919492
2018-09-30,16:57:27,Dinner,NS,"[('Salmon', 8), ('Pasta', 1)]",355.5,-37.8241449,144.990571,0,9.628,17.2584189
2018-05-08,12:13:31,Lunch,TP,"[('Fries', 10), ('Chicken', 3)]",216.0,-37.8042104,144.9717005,0,9.813,13.0218366
2018-05-13,12:23:39,Lunch,TP,"[('Salad', 3), ('Fries', 1), ('Chicken', 8), ('Steak', 3)]",454.6,-37.8115158,144.95291,0,8.998,14.2478014
2018-09-05,16:06:45,Dinner,TP,"[('Shrimp', 7), ('Pasta', 2)]",433.0,-37.8151752,144.927539,0,11.765,14.7561296
2018-12-07,19:19:26,Dinner,BK,"[('Pasta', 3), ('Salmon', 6)]",328.5,-37.8016406,144.981744,0,6.597,13.5440994
2018-06-11,13:14:21,Lunch,BK,"[('Steak', 1), ('Salad', 6), ('Burger', 8), ('Chicken', 7)]",620.2,-37.8049059,144.9937676,0,5.315,10.9105199
2018-05-05,12:03:22,Lunch,BK,"[('Salad', 1), ('Chicken', 6), ('Burger', 2), ('Steak', 2), ('Fries', 2)]",385.2,-37.811512,145.0098666,0,3.271,11.686223
