order_id,date,time,order_type,branch_code,order_items,order_price,customer_lat,customer_lon,customerHasloyalty?,distance_to_customer_KM,delivery_fee,weekday_weekend,time_of_day,branches
ORDX01031,2018-08-14,15:26:11,Lunch,BK,"[('Fries', 5), ('Chicken', 3)]",156.0,-37.8229997,144.9644869,0,8.263,14.2265148,0,1,2
ORDC00776,2018-06-24,13:44:47,Lunch,NS,"[('Salad', 3), ('Chicken', 7), ('Steak', 6), ('Fries', 10), ('Burger', 5)]",820.6,-37.8252403,144.982747,0,9.507,16.8669974,1,1,0
ORDA05018,2018-08-06,15:05:54,Lunch,BK,"[('Fries', 4), ('Steak', 9)]",453.0,-37.8119739,144.986043,0,5.552,11.3961331,0,1,2
ORDA00699,2018-04-24,11:43:05,Breakfast,BK,"[('Pancake', 5), ('Cereal', 6), ('Eggs', 8), ('Coffee', 1)]",430.75,-37.8113345,144.958376,0,8.392,13.5533946,0,0,2
ORDB00648,2018-05-05,12:03:22,Lunch,TP,"[('Fries', 2), ('Chicken', 3), ('Salad', 10), ('Steak', 9), ('Burger', 5)]",852.0,-37.804869,144.9284889,0,11.36,16.3629648,1,1,1
ORDJ05781,2018-04-14,11:22:49,Breakfast,TP,"[('Coffee', 8), ('Cereal', 1), ('Eggs', 10), ('Pancake', 8)]",495.0,-37.8113538,144.9785104,0,9.158,13.1815461,1,0,1
ORDY06706,2018-04-08,11:12:40,Breakfast,TP,"[('Eggs', 3), ('Cereal', 4), ('Pancake', 6)]",295.5,-37.8094036,144.9646217,0,8.719,13.0542028,1,0,1
ORDA00360,2018-02-02,09:00:50,Breakfast,BK,"[('Pancake', 8), ('Eggs', 4)]",282.0,-37.8163957,144.9373273,0,10.034,14.6972008,0,0,2
ORDC05702,2018-04-01,10:52:23,Breakfast,NS,"[('Cereal', 8), ('Coffee', 7), ('Eggs', 7), ('Pancake', 4)]",471.5,-37.8201805,144.980577,0,9.556,16.744959,1,0,0
ORDZ09916,2018-11-25,18:49:00,Dinner,NS,"[('Pasta', 5), ('Shrimp', 2), ('Salmon', 10)]",655.5,-37.8087794,144.9828008,0,7.895,16.4915519,1,2,0
ORDA06626,2018-11-05,18:08:27,Dinner,BK,"[('Fish&Chips', 10), ('Pasta', 6), ('Shrimp', 10)]",1055.0,-37.8191494,144.9821874,0,6.562,13.1708583,0,2,2
ORDK02126,2018-05-01,11:53:14,Breakfast,BK,"[('Eggs', 8), ('Cereal', 9), ('Pancake', 8), ('Coffee', 6)]",604.0,-37.8045049,145.002706,0,4.998,9.8043356,0,0,2
ORDC05543,2018-09-08,16:16:54,Dinner,NS,"[('Shrimp', 8), ('Fish&Chips', 8)]",712.0,-37.8229191,144.9553496,0,9.569,17.2494909,1,2,0
ORDZ00221,2018-10-18,17:38:01,Dinner,NS,"[('Salmon', 1), ('Shrimp', 1), ('Pasta', 7)]",287.5,-37.801818,144.951282,0,7.982,13.9045565,0,2,0
ORDJ00316,2018-07-30,14:55:46,Lunch,TP,"[('Steak', 5), ('Salad', 7), ('Burger', 9), ('Chicken', 5)]",784.4,-37.8097251,144.9725363,0,9.138,12.1988737,0,1,1
ORDA02335,2018-01-25,08:40:33,Breakfast,BK,"[('Cereal', 2), ('Pancake', 7)]",211.75,-37.8003526,144.9443519,0,9.326,14.4498084,0,0,2
ORDY06070,2018-07-05,14:05:04,Lunch,TP,"[('Chicken', 3), ('Salad', 4), ('Burger', 6)]",350.8,-37.7990823,144.9927579,0,11.399,14.6317817,0,1,1
ORDA05054,2018-06-22,13:44:47,Lunch,BK,"[('Fries', 7), ('Salad', 1)]",101.2,-37.8103646,145.0156018,0,4.247,10.5276977,0,1,2
ORDB07750,2018-09-06,16:16:54,Dinner,TP,"[('Shrimp', 8), ('Fish&Chips', 1)]",467.0,-37.8190503,144.9768798,0,8.596,12.8728264,0,2,1
ORDA02997,2018-09-11,16:27:02,Dinner,BK,"[('Shrimp', 6), ('Fish&Chips', 9)]",639.0,-37.8077318,144.9706127,0,6.758,13.3120403,0,2,2
ORDX08444,2018-03-05,10:01:41,Breakfast,BK,"[('Cereal', 6), ('Eggs', 10), ('Pancake', 1), ('Coffee', 7)]",422.75,-37.8053582,144.9734661,0,6.782,12.0895324,0,0,2
ORDI04238,2018-12-12,19:29:34,Dinner,NS,"[('Fish&Chips', 8), ('Shrimp', 3), ('Pasta', 8)]",662.0,-37.8129669,144.9655656,0,7.802,14.299776,0,2,0
ORDZ06128,2018-10-12,17:27:53,Dinner,NS,"[('Pasta', 6), ('Salmon', 5), ('Shrimp', 2)]",478.0,-37.8195322,144.9617304,0,8.905,14.8981544,0,2,0
ORDX05263,2018-09-27,16:57:27,Dinner,BK,"[('Shrimp', 1), ('Salmon', 3), ('Pasta', 8)]",397.0,-37.8030068,145.0170153,0,5.888,12.74318,0,2,2
ORDZ08194,2018-07-17,14:25:21,Lunch,NS,"[('Chicken', 2), ('Burger', 3), ('Salad', 9), ('Steak', 4), ('Fries', 1)]",503.8,-37.8188687,144.9442427,0,9.867,15.2804349,0,1,0
ORDK08491,2018-07-30,14:55:46,Lunch,BK,"[('Burger', 3), ('Chicken', 8), ('Steak', 4), ('Fries', 5)]",589.0,-37.8027369,145.0021591,0,5.201,10.4424781,0,1,2
ORDY04052,2018-05-24,12:43:56,Lunch,TP,"[('Burger', 3), ('Fries', 8), ('Salad', 5)]",275.0,-37.8128407,144.9398968,0,10.153,13.0204434,0,1,1
ORDI00867,2018-08-21,15:36:20,Lunch,NS,"[('Burger', 6), ('Fries', 8), ('Chicken', 5), ('Salad', 7)]",562.4,-37.8167483,144.9699807,0,8.097,13.4635305,0,1,0
ORDB00556,2018-12-01,18:59:09,Dinner,TP,"[('Fish&Chips', 10), ('Shrimp', 4), ('Pasta', 1), ('Salmon', 2)]",675.5,-37.8095839,144.9724437,0,9.119,14.254555,1,2,1
ORDK02154,2018-05-06,12:03:22,Lunch,BK,"[('Fries', 3), ('Burger', 9), ('Steak', 9)]",720.0,-37.8163549,144.9657444,0,7.616,15.6875102,1,1,2
ORDJ03898,2018-12-26,19:49:51,Dinner,TP,"[('Pasta', 2), ('Salmon', 7), ('Shrimp', 8)]",774.0,-37.8156586,144.9582475,0,8.176,12.5810235,0,2,1
ORDC02026,2018-12-25,19:49:51,Dinner,NS,"[('Fish&Chips', 6), ('Pasta', 5), ('Salmon', 4)]",511.5,-37.8248994,144.9567484,0,9.737,15.8694593,0,2,0
ORDB03596,2018-02-03,09:00:50,Breakfast,TP,"[('Eggs', 4), ('Cereal', 4), ('Coffee', 5)]",209.5,-37.8216112,144.9613432,0,7.467,11.6214377,1,0,1
ORDI08130,2018-03-25,10:42:15,Breakfast,NS,"[('Pancake', 9), ('Eggs', 2)]",262.25,-37.8237746,144.9374832,0,10.792,17.7250381,1,0,0
ORDZ10219,2018-04-15,11:22:49,Breakfast,NS,"[('Coffee', 4), ('Pancake', 9), ('Cereal', 7)]",395.25,-37.8113498,144.9760252,0,7.704,14.92661,1,0,0
ORDA09381,2018-11-19,18:38:52,Dinner,BK,"[('Fish&Chips', 2), ('Salmon', 1), ('Shrimp', 9), ('Pasta', 7)]",789.5,-37.8239933,144.990658,0,6.608,13.6105115,0,2,2
ORDC00100,2018-02-17,09:31:16,Breakfast,NS,"[('Cereal', 8), ('Pancake', 7), ('Coffee', 9)]",405.25,-37.8257372,144.9820183,0,9.377,16.571404,1,0,0
ORDC01806,2018-10-09,17:17:44,Dinner,NS,"[('Pasta', 4), ('Salmon', 1), ('Fish&Chips', 10)]",501.0,-37.811959,144.951797,0,8.609,14.5497957,0,2,0
ORDX06957,2018-08-08,15:16:03,Lunch,BK,"[('Steak', 6), ('Burger', 1), ('Chicken', 3), ('Fries', 6), ('Salad', 7)]",589.4,-37.8102911,144.9530923,0,8.483,14.5610267,0,1,2
ORDC05066,2018-09-25,16:47:19,Dinner,NS,"[('Shrimp', 4), ('Pasta', 4), ('Fish&Chips', 2)]",396.0,-37.8002472,144.9880933,0,7.846,13.6123202,0,2,0
ORDX03942,2018-09-23,16:47:19,Dinner,BK,"[('Pasta', 2), ('Fish&Chips', 1)]",90.0,-37.8041594,144.9962001,0,5.069,14.2410539,1,2,2
ORDC00354,2018-03-19,10:32:06,Breakfast,NS,"[('Eggs', 3), ('Pancake', 4)]",163.0,-37.8152183,144.9518997,0,8.794,13.5909931,0,0,0
ORDY06703,2018-05-29,12:54:05,Lunch,TP,"[('Chicken', 9), ('Salad', 8)]",425.6,-37.801524,144.9294124,0,13.513,15.981208,0,1,1
ORDI04340,2018-03-26,10:42:15,Breakfast,NS,"[('Pancake', 4), ('Cereal', 3), ('Coffee', 10), ('Eggs', 9)]",433.0,-37.8040885,144.9737319,0,6.651,11.7630067,0,0,0
ORDX09161,2018-05-24,12:43:56,Lunch,BK,"[('Chicken', 4), ('Salad', 1), ('Steak', 7), ('Fries', 8)]",556.2,-37.8132804,144.984748,0,5.796,11.4738649,0,1,2
ORDA10033,2018-03-15,10:21:58,Breakfast,BK,"[('Coffee', 2), ('Eggs', 2), ('Cereal', 8), ('Pancake', 6)]",372.5,-37.8138762,144.9916172,0,5.259,10.7143898,0,0,2
ORDB09354,2018-07-07,14:15:12,Lunch,TP,"[('Salad', 7), ('Steak', 3)]",255.4,-37.8083358,145.0117785,0,12.375,16.5586107,1,1,1
ORDC06939,2018-03-19,10:32:06,Breakfast,NS,"[('Coffee', 3), ('Pancake', 8)]",216.5,-37.8150256,144.9522651,0,8.756,13.4030765,0,0,0
ORDC00930,2018-04-06,11:02:32,Breakfast,NS,"[('Eggs', 7), ('Cereal', 10)]",364.0,-37.8121831,145.0131617,0,10.636,15.7721555,0,0,0
ORDK02151,2018-03-30,10:52:23,Breakfast,BK,"[('Cereal', 8), ('Coffee', 1), ('Pancake', 4), ('Eggs', 1)]",294.5,-37.80156,144.9573359,0,8.215,13.4200811,0,0,2
ORDX06385,2018-11-07,18:18:35,Dinner,BK,"[('Fish&Chips', 5), ('Pasta', 6), ('Salmon', 3), ('Shrimp', 6)]",787.0,-37.8112522,144.9617736,0,7.672,14.4129147,0,2,2
ORDB07068,2018-10-17,17:38:01,Dinner,TP,"[('Shrimp', 8), ('Pasta', 4), ('Fish&Chips', 3), ('Salmon', 7)]",934.0,-37.8012437,144.9525282,0,9.899,13.47741,0,2,1
ORDC01305,2018-12-29,20:00:00,Dinner,NS,"[('Salmon', 10), ('Shrimp', 4), ('Pasta', 4)]",736.0,-37.8132381,144.9715599,0,7.738,16.0513144,1,2,0
ORDZ07880,2018-02-22,09:41:24,Breakfast,NS,"[('Cereal', 9), ('Pancake', 4), ('Coffee', 1)]",293.5,-37.8205559,145.0145213,0,11.461,16.271829,0,0,0
ORDI06904,2018-04-15,11:22:49,Breakfast,NS,"[('Coffee', 5), ('Pancake', 10)]",280.0,-37.8165205,144.9859039,0,8.85,15.7987952,1,0,0
ORDI07812,2018-12-06,19:09:17,Dinner,NS,"[('Salmon', 7), ('Pasta', 8), ('Shrimp', 2), ('Fish&Chips', 10)]",965.0,-37.8156738,144.9663184,0,8.119,14.4764692,0,2,0
ORDZ03847,2018-09-17,16:37:10,Dinner,NS,"[('Salmon', 3), ('Fish&Chips', 8)]",403.0,-37.8195384,145.0088796,0,10.918,17.4355845,0,2,0
ORDK02608,2018-10-16,17:27:53,Dinner,BK,"[('Fish&Chips', 10), ('Pasta', 9)]",597.5,-37.8183757,144.9971149,0,5.086,12.1260264,0,2,2
ORDC07177,2018-09-12,16:27:02,Dinner,NS,"[('Pasta', 5), ('Shrimp', 6), ('Fish&Chips', 6), ('Salmon', 4)]",835.5,-37.8230078,144.9652809,0,9.168,14.7214203,0,2,0
ORDK01463,2018-07-03,14:05:04,Lunch,BK,"[('Chicken', 5), ('Steak', 7), ('Burger', 7), ('Fries', 8)]",788.0,-37.8076419,144.9627683,0,7.489,13.604966,0,1,2
ORDK06695,2018-08-18,15:36:20,Lunch,BK,"[('Salad', 1), ('Burger', 8), ('Steak', 1), ('Fries', 2), ('Chicken', 3)]",430.2,-37.8103715,144.9725533,0,6.749,14.8260114,1,1,2
ORDK07905,2018-07-19,14:35:29,Lunch,BK,"[('Fries', 7), ('Steak', 6), ('Chicken', 3), ('Burger', 2)]",512.0,-37.8059722,144.9794514,0,6.245,11.9853031,0,1,2
ORDK00786,2018-11-29,18:59:09,Dinner,BK,"[('Shrimp', 6), ('Salmon', 2), ('Pasta', 7)]",598.5,-37.8245009,144.9241889,0,11.669,18.7654555,0,2,2
ORDA05886,2018-11-04,18:08:27,Dinner,BK,"[('Fish&Chips', 3), ('Shrimp', 5), ('Pasta', 1), ('Salmon', 6)]",648.5,-37.8002124,144.9258168,0,11.125,20.5734644,1,2,2
ORDK01005,2018-07-15,14:25:21,Lunch,BK,"[('Steak', 8), ('Chicken', 3)]",456.0,-37.8172158,144.9887299,0,5.851,14.2147593,1,1,2
ORDZ03860,2018-10-31,17:58:18,Dinner,NS,"[('Shrimp', 1), ('Fish&Chips', 6), ('Salmon', 5), ('Pasta', 3)]",551.5,-37.8212159,144.9615429,0,9.062,14.9594077,0,2,0
ORDI06973,2018-04-16,11:22:49,Breakfast,NS,"[('Cereal', 6), ('Coffee', 5)]",163.5,-37.8107537,144.9670868,0,7.404,12.0815856,0,0,0
ORDX03545,2018-05-06,12:03:22,Lunch,BK,"[('Fries', 8), ('Salad', 1), ('Chicken', 2)]",177.2,-37.8163549,144.9657444,0,7.616,16.5548692,1,1,2
ORDB10302,2018-03-30,10:52:23,Breakfast,TP,"[('Coffee', 1), ('Cereal', 3), ('Eggs', 6), ('Pancake', 4)]",299.5,-37.8103246,144.961283,0,8.494,11.8653663,0,0,1
ORDX03936,2018-01-24,08:40:33,Breakfast,BK,"[('Coffee', 7), ('Pancake', 6), ('Eggs', 4)]",286.0,-37.8089702,144.9811144,0,5.823,10.5018679,0,0,2
ORDK03732,2018-06-20,13:34:38,Lunch,BK,"[('Fries', 4), ('Burger', 8), ('Salad', 8), ('Chicken', 8), ('Steak', 7)]",1004.6,-37.8151077,144.9404206,0,9.678,15.4545944,0,1,2
ORDZ06203,2018-02-18,09:31:16,Breakfast,NS,"[('Cereal', 8), ('Eggs', 10)]",388.0,-37.8063392,145.0097678,0,9.956,17.135391,1,0,0
ORDA04953,2018-07-31,14:55:46,Lunch,BK,"[('Burger', 10), ('Fries', 9), ('Salad', 7), ('Steak', 3)]",673.4,-37.8120981,144.9738677,0,6.764,13.1611261,0,1,2
ORDB01302,2018-06-10,13:14:21,Lunch,TP,"[('Salad', 7), ('Chicken', 3), ('Burger', 10)]",526.4,-37.8009874,144.992572,0,11.184,15.3815399,1,1,1
ORDK06512,2018-04-22,11:32:57,Breakfast,BK,"[('Pancake', 1), ('Cereal', 10), ('Eggs', 9)]",432.25,-37.818906,144.9533111,0,8.798,16.1004098,1,0,2
ORDJ06285,2018-06-16,13:24:30,Lunch,TP,"[('Chicken', 5), ('Burger', 3), ('Steak', 1), ('Salad', 1), ('Fries', 1)]",327.2,-37.8227589,144.9854296,0,9.339,14.2875803,1,1,1
ORDJ07202,2018-09-27,16:57:27,Dinner,TP,"[('Pasta', 3), ('Salmon', 2)]",164.5,-37.7986981,144.9614078,0,9.964,13.6537211,0,2,1
ORDY01643,2018-02-01,09:00:50,Breakfast,TP,"[('Pancake', 7), ('Coffee', 10), ('Eggs', 1)]",266.75,-37.8201847,144.978879,0,8.785,11.3253656,0,0,1
ORDJ09915,2018-07-06,14:05:04,Lunch,TP,"[('Steak', 10), ('Chicken', 4), ('Fries', 8), ('Salad', 9), ('Burger', 9)]",1107.8,-37.8058946,144.9413997,0,10.334,13.1672588,0,1,1
ORDK01104,2018-08-04,15:05:54,Lunch,BK,"[('Chicken', 9), ('Burger', 5), ('Salad', 4), ('Steak', 8), ('Fries', 7)]",955.8,-37.8032481,144.949899,0,8.822,17.0582793,1,1,2
ORDX06347,2018-07-11,14:15:12,Lunch,BK,"[('Chicken', 8), ('Fries', 1), ('Burger', 4)]",392.0,-37.8167483,145.0074769,0,4.003,9.3535831,0,1,2
ORDY02366,2018-09-25,16:47:19,Dinner,TP,"[('Fish&Chips', 3), ('Pasta', 6), ('Salmon', 7)]",557.0,-37.8330514,144.9908231,0,9.871,14.493978,0,2,1
ORDI01807,2018-11-12,18:28:43,Dinner,NS,"[('Pasta', 1), ('Shrimp', 3), ('Fish&Chips', 6), ('Salmon', 8)]",727.5,-37.8162933,144.9584283,0,8.601,14.3659599,0,2,0
ORDK06066,2018-08-16,15:26:11,Lunch,BK,"[('Fries', 10), ('Steak', 6)]",390.0,-37.8175499,144.9554956,0,8.532,14.4150484,0,1,2
ORDY01039,2018-08-29,15:56:37,Lunch,TP,"[('Salad', 10), ('Steak', 2)]",262.0,-37.8174231,144.9460748,0,9.347,12.5690348,0,1,1
ORDI09419,2018-07-19,14:35:29,Lunch,NS,"[('Burger', 4), ('Fries', 9), ('Chicken', 7), ('Salad', 5), ('Steak', 8)]",902.0,-37.8057133,144.9772381,0,7.122,12.9247777,0,1,0
ORDZ01957,2018-02-02,09:00:50,Breakfast,NS,"[('Cereal', 1), ('Eggs', 1), ('Coffee', 2)]",58.0,-37.8057961,144.9295725,0,11.125,16.0056775,0,0,0
ORDB05431,2018-09-30,16:57:27,Dinner,TP,"[('Pasta', 3), ('Salmon', 1)]",123.5,-37.8001375,144.9761669,0,10.212,15.3848586,1,2,1
ORDK00050,2018-09-04,16:06:45,Dinner,BK,"[('Shrimp', 6), ('Fish&Chips', 5), ('Salmon', 1)]",540.0,-37.8006955,144.9508793,0,8.847,15.9155926,0,2,2
ORDC06799,2018-04-26,11:43:05,Breakfast,NS,"[('Eggs', 4), ('Pancake', 3)]",160.75,-37.8190856,144.9528457,0,9.295,14.2638746,0,0,0
ORDC01015,2018-01-25,08:40:33,Breakfast,NS,"[('Pancake', 10), ('Coffee', 7), ('Eggs', 4), ('Cereal', 4)]",467.0,-37.8107471,144.9636534,0,7.556,12.4410554,0,0,0
ORDX03670,2018-09-19,16:37:10,Dinner,BK,"[('Fish&Chips', 4), ('Shrimp', 10), ('Salmon', 3), ('Pasta', 9)]",1050.5,-37.8082008,144.9622756,0,7.596,14.1550869,0,2,2
ORDY08814,2018-09-22,16:47:19,Dinner,TP,"[('Pasta', 6), ('Fish&Chips', 10)]",515.0,-37.8197751,144.9599386,0,7.71,13.8517408,1,2,1
ORDA05499,2018-02-18,09:31:16,Breakfast,BK,"[('Coffee', 3), ('Pancake', 1), ('Cereal', 9), ('Eggs', 9)]",433.75,-37.8158235,144.9921103,0,5.307,11.9763359,1,0,2
ORDJ03644,2018-08-04,15:05:54,Lunch,TP,"[('Steak', 1), ('Chicken', 4), ('Fries', 6), ('Burger', 5)]",400.0,-37.8199086,144.9507783,0,8.723,13.6869405,1,1,1
ORDA00697,2018-06-23,13:44:47,Lunch,BK,"[('Fries', 2), ('Burger', 5), ('Chicken', 2), ('Steak', 8)]",603.0,-37.8097864,144.9639256,0,7.401,16.0928389,1,1,2
ORDB04045,2018-04-13,11:22:49,Breakfast,TP,"[('Eggs', 5), ('Pancake', 9)]",328.25,-37.8028864,144.9508198,0,9.95,12.6601521,0,0,1
ORDC03281,2018-05-23,12:43:56,Lunch,NS,"[('Salad', 7), ('Burger', 6), ('Chicken', 8), ('Steak', 9)]",967.4,-37.8134137,144.9894306,0,8.887,14.2769556,0,1,0
ORDJ03554,2018-09-30,16:57:27,Dinner,TP,"[('Pasta', 3), ('Salmon', 1), ('Shrimp', 2), ('Fish&Chips', 6)]",441.5,-37.801015,144.9870425,0,10.746,16.204373,1,2,1
ORDA04888,2018-06-24,13:44:47,Lunch,BK,"[('Steak', 4), ('Fries', 6), ('Chicken', 7), ('Burger', 9)]",755.0,-37.8258144,144.9829053,0,7.007,14.8923907,1,1,2
ORDY04082,2018-06-04,13:04:13,Lunch,TP,"[('Steak', 3), ('Salad', 10)]",307.0,-37.8205622,144.9705984,0,7.784,11.1907441,0,1,1
ORDX00456,2018-11-25,18:49:00,Dinner,BK,"[('Salmon', 8), ('Pasta', 5), ('Shrimp', 5)]",735.5,-37.8060922,144.9584327,0,7.842,16.7998405,1,2,2
ORDK01665,2018-10-10,17:17:44,Dinner,BK,"[('Fish&Chips', 1), ('Pasta', 10)]",310.0,-37.8116985,144.9528899,0,8.49,15.4604969,0,2,2
ORDX06586,2018-11-16,18:38:52,Dinner,BK,"[('Salmon', 2), ('Shrimp', 2)]",190.0,-37.8064327,144.94494,0,9.206,16.1092857,0,2,2
ORDX00425,2018-10-25,17:48:10,Dinner,BK,"[('Shrimp', 5), ('Fish&Chips', 8)]",550.0,-37.8167832,144.9820794,0,6.346,13.4280541,0,2,2
ORDB08587,2018-10-25,17:48:10,Dinner,TP,"[('Fish&Chips', 8), ('Shrimp', 1), ('Pasta', 7), ('Salmon', 7)]",813.5,-37.8167832,144.9820794,0,9.073,12.8757078,0,2,1
ORDX07764,2018-10-20,17:38:01,Dinner,BK,"[('Salmon', 2), ('Shrimp', 5), ('Pasta', 2)]",407.0,-37.8104348,144.9810625,0,5.931,15.339089,1,2,2
ORDC08826,2018-09-02,16:06:45,Dinner,NS,"[('Salmon', 3), ('Shrimp', 8)]",555.0,-37.8126526,144.9687787,0,7.598,15.7999374,1,2,0
ORDI06013,2018-03-16,10:21:58,Breakfast,NS,"[('Coffee', 10), ('Pancake', 3), ('Cereal', 4)]",231.75,-37.8130118,144.9762313,0,7.907,13.3870115,0,0,0
ORDY06149,2018-08-05,15:05:54,Lunch,TP,"[('Burger', 9), ('Chicken', 9)]",567.0,-37.8150007,144.952358,0,8.846,13.4775673,1,1,1
ORDC08656,2018-10-07,17:17:44,Dinner,NS,"[('Pasta', 4), ('Salmon', 5), ('Shrimp', 6), ('Fish&Chips', 4)]",779.0,-37.8200114,144.9613579,0,8.925,16.9674644,1,2,0
ORDC00268,2018-09-26,16:57:27,Dinner,NS,"[('Salmon', 2), ('Fish&Chips', 10), ('Shrimp', 1), ('Pasta', 3)]",568.5,-37.8111806,144.952166,0,8.551,14.1199253,0,2,0
ORDI03559,2018-11-07,18:18:35,Dinner,NS,"[('Pasta', 10), ('Fish&Chips', 10)]",625.0,-37.8112139,144.9619154,0,7.723,13.7648286,0,2,0
ORDK10273,2018-01-29,08:50:42,Breakfast,BK,"[('Cereal', 3), ('Coffee', 1), ('Pancake', 7), ('Eggs', 5)]",350.25,-37.8157032,144.965572,0,7.619,12.0363619,0,0,2
ORDI08009,2018-02-06,09:10:59,Breakfast,NS,"[('Pancake', 4), ('Coffee', 3)]",119.5,-37.8238905,144.9568074,0,10.041,14.9534815,0,0,0
ORDA01062,2018-06-14,13:24:30,Lunch,BK,"[('Salad', 2), ('Fries', 2), ('Chicken', 1), ('Burger', 1), ('Steak', 9)]",526.4,-37.7996885,144.9676512,0,7.914,13.6922117,0,1,2
ORDZ05562,2018-07-30,14:55:46,Lunch,NS,"[('Fries', 5), ('Steak', 1), ('Salad', 8), ('Chicken', 4), ('Burger', 1)]",401.6,-37.8151021,144.9450213,0,9.186,14.2899339,0,1,0
ORDB01881,2018-09-19,16:37:10,Dinner,TP,"[('Salmon', 1), ('Pasta', 9), ('Shrimp', 4)]",504.5,-37.806173,144.9539356,0,9.338,13.3140343,0,2,1
ORDC01463,2018-06-23,13:44:47,Lunch,NS,"[('Burger', 2), ('Chicken', 1), ('Fries', 9), ('Salad', 6)]",305.2,-37.8036392,144.9922661,0,8.307,15.350339,1,1,0
ORDB02120,2018-03-17,10:21:58,Breakfast,TP,"[('Coffee', 3), ('Eggs', 5), ('Pancake', 8)]",326.5,-37.8080646,144.9717155,0,9.26,13.2898598,1,0,1
ORDJ01656,2018-08-21,15:36:20,Lunch,TP,"[('Steak', 3), ('Burger', 2)]",197.0,-37.8124762,144.9940134,0,10.526,14.0569795,0,1,1
ORDC08516,2018-08-31,15:56:37,Lunch,NS,"[('Fries', 3), ('Burger', 4)]",160.0,-37.8056436,144.9571435,0,7.809,13.4190101,0,1,0
ORDY03107,2018-12-01,19:09:17,Dinner,TP,"[('Shrimp', 1), ('Salmon', 9), ('Pasta', 4), ('Fish&Chips', 10)]",883.0,-37.8214948,144.9579391,0,7.98,14.2132095,1,2,1
ORDJ07574,2018-07-18,14:35:29,Lunch,TP,"[('Steak', 6), ('Burger', 5), ('Fries', 8), ('Salad', 6), ('Chicken', 9)]",912.2,-37.8056124,144.976131,0,9.518,13.3993124,0,1,1
ORDY05012,2018-02-22,09:41:24,Breakfast,TP,"[('Pancake', 6), ('Eggs', 1)]",167.5,-37.8029953,144.9281069,0,11.511,13.1811851,0,0,1
ORDX04623,2018-05-23,12:43:56,Lunch,BK,"[('Steak', 7), ('Burger', 5), ('Fries', 4), ('Salad', 2)]",552.4,-37.8152283,144.9879511,0,5.649,11.2873156,0,1,2
ORDC00040,2018-11-04,18:08:27,Dinner,NS,"[('Salmon', 10), ('Pasta', 2)]",465.0,-37.8060843,144.9572116,0,7.845,16.2642119,1,2,0
ORDB04314,2018-11-03,18:08:27,Dinner,TP,"[('Salmon', 7), ('Fish&Chips', 10), ('Shrimp', 8), ('Pasta', 10)]",1344.0,-37.8000808,145.0102182,0,12.711,18.2209703,1,2,1
ORDA04037,2018-03-16,10:21:58,Breakfast,BK,"[('Cereal', 9), ('Coffee', 7), ('Eggs', 7), ('Pancake', 9)]",613.75,-37.8080663,144.9688152,0,6.912,11.7913998,0,0,2
ORDX08420,2018-04-02,11:02:32,Breakfast,BK,"[('Eggs', 3), ('Cereal', 2), ('Coffee', 1)]",115.5,-37.81309,144.959914,0,7.898,12.8250176,0,0,2
ORDB07528,2018-05-21,12:33:48,Lunch,TP,"[('Steak', 5), ('Chicken', 4)]",353.0,-37.8154782,144.95394,0,8.64,12.3640242,0,1,1
ORDB04166,2018-03-18,10:32:06,Breakfast,TP,"[('Pancake', 9), ('Coffee', 9), ('Eggs', 5), ('Cereal', 9)]",584.75,-37.8134111,144.9738114,0,8.604,12.8427164,1,0,1
ORDB01254,2018-08-31,15:56:37,Lunch,TP,"[('Fries', 1), ('Burger', 6), ('Steak', 7)]",513.0,-37.80475,144.9581608,0,9.252,12.8930191,0,1,1
ORDX09972,2018-11-08,18:18:35,Dinner,BK,"[('Shrimp', 3), ('Fish&Chips', 10)]",512.0,-37.8088356,144.983731,0,5.592,12.1348847,0,2,2
ORDB03587,2018-09-27,16:57:27,Dinner,TP,"[('Pasta', 6), ('Salmon', 10)]",575.0,-37.8030068,145.0170153,0,13.954,17.4220871,0,2,1
ORDI08942,2018-11-08,18:18:35,Dinner,NS,"[('Fish&Chips', 9), ('Shrimp', 7), ('Salmon', 7)]",980.0,-37.8158455,144.9652007,0,8.204,14.1663955,0,2,0
ORDC06390,2018-12-22,19:49:51,Dinner,NS,"[('Pasta', 6), ('Salmon', 5), ('Shrimp', 3)]",532.0,-37.8056344,144.9668635,0,6.893,15.4112003,1,2,0
ORDA03918,2018-01-23,08:40:33,Breakfast,BK,"[('Eggs', 4), ('Coffee', 2)]",103.0,-37.8178038,144.9624239,0,7.904,12.7510984,0,0,2
ORDX02757,2018-06-09,13:14:21,Lunch,BK,"[('Steak', 2), ('Salad', 6), ('Burger', 6), ('Fries', 2)]",403.2,-37.8204355,144.9841682,0,6.443,15.0651467,1,1,2
ORDX01874,2018-03-15,10:21:58,Breakfast,BK,"[('Cereal', 5), ('Coffee', 8), ('Eggs', 5)]",275.0,-37.8210362,144.983106,0,6.626,11.357665,0,0,2
ORDC07934,2018-05-29,12:54:05,Lunch,NS,"[('Burger', 8), ('Salad', 9)]",402.8,-37.8173291,145.0088087,0,10.795,16.3057816,0,1,0
ORDI05995,2018-12-29,20:00:00,Dinner,NS,"[('Salmon', 9), ('Fish&Chips', 6)]",579.0,-37.8158541,144.9372958,0,10.037,17.9666762,1,2,0
ORDA09254,2018-08-19,15:36:20,Lunch,BK,"[('Fries', 9), ('Steak', 2)]",198.0,-37.8218162,145.0134472,0,4.664,12.9939469,1,1,2
ORDC06955,2018-08-01,14:55:46,Lunch,NS,"[('Burger', 8), ('Salad', 5), ('Steak', 10)]",784.0,-37.7990524,144.9702982,0,6.262,11.9913621,0,1,0
ORDY04051,2018-08-14,15:26:11,Lunch,TP,"[('Salad', 4), ('Burger', 2), ('Steak', 2)]",220.8,-37.824069,144.9643534,0,7.769,11.446435,0,1,1
ORDJ05220,2018-02-25,09:41:24,Breakfast,TP,"[('Pancake', 1), ('Cereal', 2), ('Coffee', 5)]",103.75,-37.814968,144.9607785,0,8.22,12.2979354,1,0,1
ORDZ08960,2018-10-16,17:27:53,Dinner,NS,"[('Salmon', 8), ('Pasta', 9), ('Fish&Chips', 8)]",855.5,-37.8194276,144.9907283,0,9.503,15.9119593,0,2,0
ORDX09899,2018-02-01,09:00:50,Breakfast,BK,"[('Pancake', 7), ('Eggs', 8), ('Cereal', 1), ('Coffee', 4)]",396.75,-37.7994579,144.9596991,0,8.402,12.9790928,0,0,2
ORDK04425,2018-08-20,15:36:20,Lunch,BK,"[('Burger', 1), ('Steak', 4), ('Fries', 3)]",247.0,-37.8035112,144.950603,0,8.665,14.403585,0,1,2
ORDJ01195,2018-04-14,11:22:49,Breakfast,TP,"[('Pancake', 6), ('Coffee', 7), ('Cereal', 2)]",240.0,-37.8179027,144.993605,0,10.015,14.6888614,1,0,1
ORDJ01491,2018-03-17,10:21:58,Breakfast,TP,"[('Cereal', 3), ('Pancake', 6)]",208.5,-37.8206442,144.9833394,0,9.212,13.6454978,1,0,1
ORDA02317,2018-09-02,16:06:45,Dinner,BK,"[('Fish&Chips', 4), ('Salmon', 3)]",263.0,-37.8134587,144.9655656,0,7.497,16.8833016,1,2,2
ORDJ09538,2018-10-12,17:27:53,Dinner,TP,"[('Fish&Chips', 3), ('Pasta', 4)]",215.0,-37.8239706,144.984788,0,8.855,13.2059342,0,2,1
ORDJ04330,2018-11-27,18:59:09,Dinner,TP,"[('Fish&Chips', 6), ('Shrimp', 7)]",588.0,-37.8233963,145.0105438,0,11.593,15.1513523,0,2,1
ORDY05921,2018-03-18,10:32:06,Breakfast,TP,"[('Coffee', 9), ('Cereal', 1), ('Eggs', 7), ('Pancake', 9)]",460.75,-37.8148807,144.974528,0,8.444,12.4925355,1,0,1
ORDY03466,2018-09-29,16:57:27,Dinner,TP,"[('Pasta', 8), ('Shrimp', 5)]",490.0,-37.8069542,144.9542763,0,9.244,14.3791117,1,2,1
ORDZ06755,2018-03-01,09:51:32,Breakfast,NS,"[('Eggs', 2), ('Pancake', 2)]",92.5,-37.8201205,144.9400868,0,10.089,14.9523924,0,0,0
ORDK00413,2018-12-07,19:19:26,Dinner,BK,"[('Salmon', 6), ('Shrimp', 3), ('Fish&Chips', 10)]",758.0,-37.8055185,144.95227,0,8.395,14.9055853,0,2,2
ORDI04005,2018-02-21,09:41:24,Breakfast,NS,"[('Eggs', 4), ('Cereal', 9)]",277.0,-37.8032039,144.9963452,0,8.585,13.2726293,0,0,0
ORDY02639,2018-10-23,17:48:10,Dinner,TP,"[('Pasta', 10), ('Shrimp', 6)]",599.0,-37.8071253,144.9486282,0,9.697,13.4144926,0,2,1
ORDX05873,2018-05-10,12:13:31,Lunch,BK,"[('Steak', 9), ('Chicken', 10)]",725.0,-37.8170985,144.9679526,0,7.376,13.6188426,0,1,2
ORDJ09695,2018-04-22,11:32:57,Breakfast,TP,"[('Pancake', 1), ('Eggs', 9), ('Cereal', 4)]",306.25,-37.8190736,144.9520816,0,8.635,12.9224974,1,0,1
ORDK02050,2018-06-21,13:34:38,Lunch,BK,"[('Salad', 8), ('Burger', 6)]",323.6,-37.8068133,144.9490541,0,8.769,14.4546691,0,1,2
ORDY04453,2018-05-25,12:43:56,Lunch,TP,"[('Fries', 4), ('Salad', 3), ('Steak', 10), ('Burger', 4), ('Chicken', 9)]",961.6,-37.8133902,144.9674743,0,8.44,12.2996579,0,1,1
ORDA00029,2018-11-02,18:08:27,Dinner,BK,"[('Shrimp', 10), ('Salmon', 2), ('Fish&Chips', 1), ('Pasta', 6)]",822.0,-37.8258485,145.0196697,0,5.348,12.0733794,0,2,2
ORDA10139,2018-08-23,15:46:28,Lunch,BK,"[('Burger', 3), ('Salad', 5), ('Chicken', 1), ('Fries', 2), ('Steak', 1)]",280.0,-37.8049174,144.9934997,0,5.349,10.8186078,0,1,2
ORDC03180,2018-06-15,13:24:30,Lunch,NS,"[('Chicken', 6), ('Steak', 10), ('Salad', 5), ('Fries', 3)]",764.0,-37.8054396,144.9988492,0,8.982,14.3495079,0,1,0
ORDC05191,2018-06-19,13:34:38,Lunch,NS,"[('Chicken', 5), ('Steak', 2), ('Salad', 2), ('Burger', 10)]",594.4,-37.8247764,145.0065823,0,11.233,16.8012428,0,1,0
ORDC06501,2018-08-12,15:26:11,Lunch,NS,"[('Burger', 2), ('Fries', 7)]",146.0,-37.8181777,144.964958,0,8.504,15.7708266,1,1,0
ORDB04841,2018-03-02,09:51:32,Breakfast,TP,"[('Coffee', 8), ('Pancake', 5)]",181.25,-37.8181254,144.9909146,0,9.823,12.1811828,0,0,1
ORDY02476,2018-11-24,18:49:00,Dinner,TP,"[('Salmon', 7), ('Shrimp', 7)]",665.0,-37.8190015,144.985083,0,9.164,14.3339782,1,2,1
ORDA01956,2018-06-22,13:44:47,Lunch,BK,"[('Steak', 1), ('Salad', 1), ('Chicken', 5)]",222.2,-37.8034682,144.9627353,0,7.773,13.214586,0,1,2
ORDZ06883,2018-06-12,13:24:30,Lunch,NS,"[('Fries', 5), ('Steak', 9), ('Salad', 2)]",499.4,-37.815136,144.9419156,0,9.568,14.7047979,0,1,0
ORDZ08459,2018-08-13,15:26:11,Lunch,NS,"[('Chicken', 3), ('Salad', 4), ('Steak', 3), ('Fries', 2)]",323.8,-37.8106261,144.9967319,0,9.189,14.8113527,0,1,0
ORDI09688,2018-05-06,12:03:22,Lunch,NS,"[('Steak', 8), ('Fries', 6), ('Chicken', 8)]",688.0,-37.8019359,144.9708643,0,6.469,14.1185841,1,1,0
ORDY07995,2018-09-30,16:57:27,Dinner,TP,"[('Shrimp', 5), ('Pasta', 3), ('Fish&Chips', 9), ('Salmon', 8)]",995.5,-37.8125115,144.9738878,0,8.716,15.0270191,1,2,1
ORDK09434,2018-12-02,19:09:17,Dinner,BK,"[('Shrimp', 5), ('Fish&Chips', 1)]",305.0,-37.8017559,144.9581055,0,8.372,17.8977193,1,2,2
ORDI03869,2018-09-17,16:37:10,Dinner,NS,"[('Shrimp', 10), ('Salmon', 10)]",950.0,-37.8062334,144.9818136,0,7.53,13.8778153,0,2,0
ORDK10637,2018-09-11,16:16:54,Dinner,BK,"[('Salmon', 2), ('Pasta', 1), ('Shrimp', 9)]",595.5,-37.8093233,144.9643404,0,7.336,13.9181816,0,2,2
ORDJ01844,2018-02-12,09:21:07,Breakfast,TP,"[('Cereal', 8), ('Coffee', 6)]",213.0,-37.8245216,144.988509,0,9.193,11.330551,0,0,1
ORDA00070,2018-08-22,15:36:20,Lunch,BK,"[('Burger', 6), ('Chicken', 5), ('Fries', 5), ('Salad', 8), ('Steak', 4)]",723.6,-37.8052843,144.9859229,0,5.855,11.7076072,0,1,2
ORDA06829,2018-04-23,11:43:05,Breakfast,BK,"[('Coffee', 3), ('Eggs', 1), ('Cereal', 3)]",107.5,-37.8243947,144.9553922,0,9.448,14.0582442,0,0,2
ORDI07907,2018-06-16,13:24:30,Lunch,NS,"[('Salad', 7), ('Fries', 9), ('Steak', 8)]",588.4,-37.8209795,144.9687295,0,8.722,15.566612,1,1,0
ORDX06219,2018-05-12,12:13:31,Lunch,BK,"[('Fries', 2), ('Chicken', 6)]",216.0,-37.8023819,144.9622054,0,7.909,16.5093933,1,1,2
ORDI00213,2018-08-07,15:16:03,Lunch,NS,"[('Burger', 4), ('Steak', 2), ('Salad', 5), ('Fries', 6), ('Chicken', 9)]",660.0,-37.8108099,145.0140735,0,10.735,16.149683,0,1,0
ORDC05092,2018-09-17,16:37:10,Dinner,NS,"[('Pasta', 5), ('Salmon', 2), ('Fish&Chips', 10)]",569.5,-37.8225695,144.9527452,0,9.821,16.1838474,0,2,0
ORDK00996,2018-06-10,13:14:21,Lunch,BK,"[('Chicken', 1), ('Salad', 7), ('Burger', 3)]",245.4,-37.8017589,144.957393,0,8.193,16.8649113,1,1,2
ORDJ08543,2018-09-06,16:16:54,Dinner,TP,"[('Fish&Chips', 1), ('Salmon', 4)]",199.0,-37.8159687,144.9339652,0,10.735,14.9372215,0,2,1
ORDY02334,2018-08-03,15:05:54,Lunch,TP,"[('Burger', 2), ('Steak', 7)]",377.0,-37.8186761,144.9671674,0,7.571,11.2224796,0,1,1
ORDC02942,2018-01-28,08:50:42,Breakfast,NS,"[('Coffee', 6), ('Cereal', 1)]",66.0,-37.8209023,144.9549422,0,9.4,16.5787355,1,0,0
ORDA01643,2018-10-03,17:07:36,Dinner,BK,"[('Shrimp', 5), ('Fish&Chips', 2), ('Salmon', 1)]",381.0,-37.8028533,144.9633724,0,7.852,14.3123721,0,2,2
ORDX10907,2018-06-10,13:14:21,Lunch,BK,"[('Steak', 3), ('Fries', 4), ('Salad', 9), ('Burger', 9), ('Chicken', 2)]",680.8,-37.8203691,144.957388,0,8.37,16.8978776,1,1,2
ORDY05092,2018-07-14,14:25:21,Lunch,TP,"[('Burger', 5), ('Chicken', 8)]",411.0,-37.8186616,145.0007874,0,10.658,15.1505021,1,1,1
ORDZ05093,2018-12-06,19:09:17,Dinner,NS,"[('Shrimp', 5), ('Pasta', 9)]",517.5,-37.8170102,144.9617208,0,8.514,14.5635923,0,2,0
ORDJ04584,2018-04-16,11:22:49,Breakfast,TP,"[('Cereal', 9), ('Pancake', 2)]",237.5,-37.8106153,144.9675536,0,8.705,11.5412658,0,0,1
ORDK10519,2018-11-20,18:38:52,Dinner,BK,"[('Fish&Chips', 3), ('Shrimp', 10)]",645.0,-37.8237726,145.0157724,0,4.821,10.9217143,0,2,2
ORDY06909,2018-02-09,09:10:59,Breakfast,TP,"[('Pancake', 10), ('Coffee', 4), ('Eggs', 1), ('Cereal', 5)]",399.5,-37.8004914,144.9734901,0,10.15,12.476672,0,0,1
ORDC10906,2018-05-26,12:43:56,Lunch,NS,"[('Chicken', 6), ('Burger', 5), ('Steak', 7)]",662.0,-37.8041053,144.9585577,0,7.522,14.7049879,1,1,0
ORDK07596,2018-04-28,11:53:14,Breakfast,BK,"[('Eggs', 7), ('Coffee', 8), ('Cereal', 2)]",256.0,-37.8230646,144.968504,0,8.079,15.9137052,1,0,2
ORDI08903,2018-04-14,11:22:49,Breakfast,NS,"[('Cereal', 6), ('Coffee', 3), ('Eggs', 8)]",324.5,-37.8046392,144.9451137,0,8.838,15.7511586,1,0,0
ORDA03878,2018-02-05,09:00:50,Breakfast,BK,"[('Coffee', 5), ('Eggs', 2), ('Cereal', 1), ('Pancake', 10)]",345.0,-37.8159363,144.9929248,0,5.237,10.2516118,0,0,2
ORDK03140,2018-03-01,09:51:32,Breakfast,BK,"[('Eggs', 4), ('Pancake', 1), ('Coffee', 5)]",149.75,-37.8237007,144.9868771,0,6.472,11.4663224,0,0,2
ORDX07166,2018-04-21,11:32:57,Breakfast,BK,"[('Coffee', 9), ('Pancake', 6)]",213.0,-37.8189345,144.953097,0,8.815,16.5050868,1,0,2
ORDX07688,2018-05-11,12:13:31,Lunch,BK,"[('Burger', 3), ('Steak', 4), ('Fries', 10)]",393.0,-37.8002658,144.9625905,0,8.106,14.01918,0,1,2
ORDA07085,2018-09-07,16:16:54,Dinner,BK,"[('Shrimp', 8), ('Fish&Chips', 7), ('Salmon', 10), ('Pasta', 5)]",1224.5,-37.8036633,144.9626737,0,7.713,14.5775347,0,2,2
ORDA06599,2018-08-08,15:16:03,Lunch,BK,"[('Chicken', 8), ('Steak', 3), ('Burger', 2), ('Salad', 7), ('Fries', 1)]",585.4,-37.8015885,144.9621937,0,7.967,13.9167307,0,1,2
ORDX07249,2018-11-25,18:49:00,Dinner,BK,"[('Pasta', 5), ('Fish&Chips', 7), ('Salmon', 1), ('Shrimp', 6)]",747.5,-37.8200044,144.9813425,0,6.664,15.575084,1,2,2
ORDB10505,2018-05-02,12:03:22,Lunch,TP,"[('Salad', 4), ('Fries', 8)]",164.8,-37.8215102,144.9307248,0,10.406,13.425479,0,1,1
ORDI01402,2018-02-24,09:41:24,Breakfast,NS,"[('Cereal', 4), ('Pancake', 8), ('Eggs', 9)]",476.0,-37.8167395,144.9602506,0,8.556,15.5499805,1,0,0
ORDB04039,2018-08-15,15:26:11,Lunch,TP,"[('Burger', 5), ('Fries', 1)]",167.0,-37.8083939,144.9757389,0,9.201,12.1621934,0,1,1
ORDK08198,2018-02-01,09:00:50,Breakfast,BK,"[('Cereal', 1), ('Pancake', 8), ('Eggs', 3)]",281.0,-37.8112323,145.0034029,0,3.95,8.6380822,0,0,2
ORDJ03734,2018-10-21,17:38:01,Dinner,TP,"[('Fish&Chips', 10), ('Shrimp', 1), ('Salmon', 6), ('Pasta', 5)]",787.5,-37.8232838,144.9700191,0,7.976,13.5228689,1,2,1
ORDC09043,2018-08-09,15:16:03,Lunch,NS,"[('Burger', 5), ('Steak', 4), ('Fries', 1), ('Chicken', 9), ('Salad', 1)]",652.2,-37.7989584,144.9631716,0,6.941,12.6846941,0,1,0
ORDX06631,2018-02-14,09:21:07,Breakfast,BK,"[('Coffee', 10), ('Cereal', 1)]",96.0,-37.8238593,144.9818731,0,6.911,11.7239931,0,0,2
ORDB03436,2018-02-19,09:31:16,Breakfast,TP,"[('Cereal', 6), ('Pancake', 1)]",150.25,-37.8061549,144.9458972,0,9.997,12.2512156,0,0,1
ORDC09829,2018-02-12,09:21:07,Breakfast,NS,"[('Pancake', 4), ('Cereal', 4), ('Coffee', 6), ('Eggs', 4)]",314.0,-37.8100153,144.9697785,0,7.175,12.6564084,0,0,0
ORDC00765,2018-05-11,12:13:31,Lunch,NS,"[('Fries', 8), ('Chicken', 1), ('Steak', 5), ('Salad', 6), ('Burger', 5)]",611.2,-37.8106304,145.0055534,0,9.965,15.7559795,0,1,0
ORDC09086,2018-05-06,12:03:22,Lunch,NS,"[('Burger', 5), ('Steak', 2), ('Chicken', 4), ('Salad', 2), ('Fries', 6)]",479.4,-37.804978,144.9832597,0,7.61,15.0170366,1,1,0
ORDB06744,2018-03-02,10:01:41,Breakfast,TP,"[('Eggs', 3), ('Pancake', 5)]",187.25,-37.8182677,144.9929098,0,9.999,12.295437,0,0,1
ORDJ08615,2018-11-20,18:38:52,Dinner,TP,"[('Fish&Chips', 6), ('Salmon', 9)]",579.0,-37.818654,144.952458,0,8.903,12.6950159,0,2,1
ORDZ09128,2018-08-16,15:26:11,Lunch,NS,"[('Burger', 9), ('Fries', 10), ('Steak', 9), ('Salad', 1)]",821.2,-37.8109953,145.000582,0,9.538,16.1331869,0,1,0
ORDI02986,2018-02-27,09:51:32,Breakfast,NS,"[('Cereal', 8), ('Eggs', 7), ('Pancake', 10), ('Coffee', 7)]",617.0,-37.8064139,144.9322645,0,10.193,14.9785991,0,0,0
ORDY02440,2018-02-10,09:21:07,Breakfast,TP,"[('Cereal', 10), ('Coffee', 7), ('Pancake', 8)]",456.5,-37.8070871,144.9657544,0,9.06,13.0839149,1,0,1
ORDZ03255,2018-09-10,16:16:54,Dinner,NS,"[('Shrimp', 1), ('Pasta', 4), ('Salmon', 6), ('Fish&Chips', 3)]",515.0,-37.8112877,144.9608894,0,7.79,13.8757799,0,2,0
ORDI04460,2018-04-02,11:02:32,Breakfast,NS,"[('Coffee', 6), ('Cereal', 8), ('Eggs', 8), ('Pancake', 1)]",413.25,-37.8138252,144.9574021,0,8.301,13.1032726,0,0,0
ORDJ06199,2018-12-13,19:29:34,Dinner,TP,"[('Fish&Chips', 10), ('Shrimp', 1)]",404.0,-37.8154247,144.9915403,0,10.047,14.1894099,0,2,1
ORDZ08379,2018-12-06,19:09:17,Dinner,NS,"[('Salmon', 9), ('Fish&Chips', 6)]",579.0,-37.8148953,144.9689667,0,7.885,13.6268713,0,2,0
ORDX02767,2018-12-01,18:59:09,Dinner,BK,"[('Fish&Chips', 4), ('Salmon', 9), ('Shrimp', 9), ('Pasta', 10)]",1270.0,-37.8152168,144.9659067,0,7.612,16.9608288,1,2,2
ORDB06102,2018-06-16,13:24:30,Lunch,TP,"[('Burger', 4), ('Fries', 1), ('Chicken', 9)]",424.0,-37.8221988,144.9476227,0,8.877,13.7131087,1,1,1
ORDI08748,2018-01-25,08:40:33,Breakfast,NS,"[('Pancake', 1), ('Cereal', 3), ('Eggs', 8), ('Coffee', 9)]",330.75,-37.8103271,144.961445,0,7.644,12.0657384,0,0,0
ORDY09365,2018-06-14,13:24:30,Lunch,TP,"[('Chicken', 8), ('Steak', 1)]",301.0,-37.8225768,144.9719802,0,8.137,11.7203826,0,1,1
ORDX07735,2018-05-28,12:54:05,Lunch,BK,"[('Salad', 4), ('Burger', 5), ('Steak', 9), ('Fries', 4), ('Chicken', 6)]",868.8,-37.8083001,144.9661292,0,7.199,13.1415522,0,1,2
ORDA00676,2018-11-01,17:58:18,Dinner,BK,"[('Pasta', 1), ('Salmon', 1), ('Shrimp', 4), ('Fish&Chips', 4)]",424.5,-37.811595,144.9456969,0,9.956,17.142296,0,2,2
ORDJ05586,2018-03-21,10:32:06,Breakfast,TP,"[('Pancake', 1), ('Coffee', 2), ('Eggs', 4), ('Cereal', 1)]",148.25,-37.8129377,144.9595872,0,8.482,11.7089401,0,0,1
ORDC10645,2018-09-07,16:16:54,Dinner,NS,"[('Salmon', 1), ('Fish&Chips', 9), ('Shrimp', 9)]",842.0,-37.8204757,144.9768057,0,8.89,14.4075027,0,2,0
ORDZ05736,2018-08-16,15:26:11,Lunch,NS,"[('Steak', 6), ('Salad', 3), ('Chicken', 9), ('Burger', 3)]",702.6,-37.809778,144.9912419,0,8.663,14.1856945,0,1,0
ORDB06586,2018-12-04,19:09:17,Dinner,TP,"[('Pasta', 3), ('Fish&Chips', 10)]",432.5,-37.8246605,144.9694812,0,8.159,12.2844375,0,2,1
ORDZ00262,2018-09-10,16:16:54,Dinner,NS,"[('Salmon', 5), ('Pasta', 9), ('Shrimp', 10), ('Fish&Chips', 3)]",1097.5,-37.8102664,144.9977363,0,9.231,15.340783,0,2,0
ORDC05899,2018-06-17,13:24:30,Lunch,NS,"[('Chicken', 4), ('Burger', 1), ('Steak', 5)]",384.0,-37.8005063,144.9647032,0,6.621,14.0543766,1,1,0
ORDY02630,2018-08-29,15:56:37,Lunch,TP,"[('Salad', 5), ('Burger', 5)]",241.0,-37.811661,144.9562924,0,8.668,12.4100508,0,1,1
ORDX08004,2018-12-23,19:49:51,Dinner,BK,"[('Salmon', 8), ('Shrimp', 6), ('Pasta', 9)]",899.5,-37.8126121,144.9674441,0,7.333,16.8383905,1,2,2
ORDY05639,2018-07-28,14:55:46,Lunch,TP,"[('Salad', 4), ('Burger', 1), ('Fries', 4)]",147.8,-37.8093125,144.9581717,0,8.879,13.2938441,1,1,1
ORDX04192,2018-07-05,14:05:04,Lunch,BK,"[('Fries', 10), ('Steak', 1), ('Chicken', 3), ('Burger', 6)]",447.0,-37.8233965,144.9355797,0,10.609,16.7245302,0,1,2
ORDI01997,2018-07-08,14:15:12,Lunch,NS,"[('Chicken', 9), ('Steak', 3), ('Fries', 2), ('Burger', 3), ('Salad', 7)]",660.4,-37.8238484,144.9825189,0,9.247,16.7065272,1,1,0
ORDX10638,2018-05-07,12:03:22,Lunch,BK,"[('Salad', 7), ('Steak', 2)]",210.4,-37.8233577,144.9762988,0,7.364,12.9544158,0,1,2
ORDB07442,2018-11-13,18:28:43,Dinner,TP,"[('Shrimp', 8), ('Fish&Chips', 10), ('Salmon', 6)]",1028.0,-37.8210479,144.9430036,0,9.347,13.4493832,0,2,1
ORDK08442,2018-11-13,18:28:43,Dinner,BK,"[('Fish&Chips', 6), ('Salmon', 9), ('Shrimp', 2)]",687.0,-37.8210144,144.9429268,0,9.748,16.3231149,0,2,2
ORDZ10799,2018-03-25,10:42:15,Breakfast,NS,"[('Pancake', 4), ('Cereal', 6), ('Eggs', 9), ('Coffee', 7)]",473.5,-37.810106,144.9555752,0,8.173,15.0633648,1,0,0
ORDC07187,2018-12-15,19:29:34,Dinner,NS,"[('Salmon', 1), ('Fish&Chips', 10)]",391.0,-37.8094874,144.9726611,0,7.273,15.4561035,1,2,0
ORDB10091,2018-09-19,16:37:10,Dinner,TP,"[('Shrimp', 4), ('Pasta', 4), ('Salmon', 2), ('Fish&Chips', 8)]",688.0,-37.8130452,144.9557281,0,8.639,12.957949,0,2,1
ORDJ00310,2018-03-01,09:51:32,Breakfast,TP,"[('Cereal', 2), ('Eggs', 9)]",240.0,-37.8063852,145.0100327,0,12.376,14.4873142,0,0,1
ORDK05398,2018-11-10,18:18:35,Dinner,BK,"[('Pasta', 5), ('Salmon', 2), ('Shrimp', 6)]",543.5,-37.8162374,144.9677926,0,7.384,16.8416772,1,2,2
ORDC03867,2018-07-22,14:35:29,Lunch,NS,"[('Salad', 5), ('Chicken', 6), ('Fries', 4), ('Burger', 6)]",512.0,-37.8091806,144.9466706,0,9.003,16.3162189,1,1,0
ORDI08939,2018-03-21,10:32:06,Breakfast,NS,"[('Pancake', 5), ('Eggs', 7), ('Coffee', 4)]",305.25,-37.815026,144.9608825,0,8.297,13.4839674,0,0,0
ORDC06718,2018-09-25,16:47:19,Dinner,NS,"[('Shrimp', 9), ('Salmon', 3), ('Fish&Chips', 8), ('Pasta', 8)]",1109.0,-37.801495,144.9675869,0,6.719,12.7609408,0,2,0
ORDI07450,2018-12-29,20:00:00,Dinner,NS,"[('Shrimp', 6), ('Pasta', 6), ('Fish&Chips', 2)]",559.0,-37.8157225,144.9372172,0,10.046,18.0336991,1,2,0
ORDK06739,2018-02-28,09:51:32,Breakfast,BK,"[('Coffee', 1), ('Eggs', 10)]",227.5,-37.8209326,144.9987362,0,5.162,9.4990951,0,0,2
ORDY10563,2018-05-08,12:13:31,Lunch,TP,"[('Salad', 6), ('Chicken', 1), ('Steak', 2), ('Burger', 10)]",535.2,-37.8051813,144.9614811,0,12.031,14.8838422,0,1,1
ORDI08333,2018-11-08,18:18:35,Dinner,NS,"[('Salmon', 5), ('Pasta', 1)]",232.5,-37.8159039,144.9652291,0,8.212,14.1122981,0,2,0
ORDA07778,2018-04-08,11:12:40,Breakfast,BK,"[('Pancake', 2), ('Cereal', 9), ('Coffee', 6), ('Eggs', 7)]",436.5,-37.8146765,144.9504893,0,10.109,17.3594498,1,0,2
ORDI04918,2018-07-22,14:35:29,Lunch,NS,"[('Salad', 1), ('Steak', 9)]",422.2,-37.8146377,144.9538764,0,8.605,16.4988987,1,1,0
ORDC04207,2018-01-25,08:40:33,Breakfast,NS,"[('Eggs', 10), ('Coffee', 5), ('Cereal', 9), ('Pancake', 5)]",567.75,-37.8098651,144.9791791,0,7.744,13.1145989,0,0,0
ORDC00030,2018-08-16,15:26:11,Lunch,NS,"[('Steak', 2), ('Salad', 1), ('Fries', 8)]",203.2,-37.8105551,145.0006641,0,9.489,14.8373047,0,1,0
ORDX05969,2018-01-24,08:40:33,Breakfast,BK,"[('Eggs', 10), ('Cereal', 9), ('Pancake', 10), ('Coffee', 6)]",696.5,-37.8045023,144.9205482,0,11.607,16.6091582,0,0,2
ORDK05911,2018-10-31,17:58:18,Dinner,BK,"[('Salmon', 8), ('Fish&Chips', 4), ('Shrimp', 4), ('Pasta', 6)]",849.0,-37.8067273,144.9379718,0,9.796,16.6815594,0,2,2
ORDB06795,2018-06-21,13:34:38,Lunch,TP,"[('Chicken', 8), ('Fries', 9)]",364.0,-37.8138573,145.0073349,0,11.707,14.633915,0,1,1
ORDY03236,2018-10-20,17:38:01,Dinner,TP,"[('Salmon', 2), ('Fish&Chips', 10), ('Pasta', 4), ('Shrimp', 5)]",812.0,-37.8197783,144.9581123,0,7.917,13.9956036,1,2,1
ORDB08734,2018-08-16,15:26:11,Lunch,TP,"[('Chicken', 9), ('Burger', 10), ('Fries', 10), ('Steak', 9)]",1123.0,-37.8096126,144.9756618,0,9.066,12.3629476,0,1,1
ORDB06513,2018-05-09,12:13:31,Lunch,TP,"[('Fries', 5), ('Steak', 2), ('Chicken', 6)]",342.0,-37.8166038,144.9869954,0,9.516,12.6919179,0,1,1
ORDY03645,2018-09-10,16:16:54,Dinner,TP,"[('Pasta', 2), ('Fish&Chips', 9), ('Salmon', 9)]",739.0,-37.8161813,144.9640438,0,7.787,12.2752726,0,2,1
ORDZ01742,2018-11-12,18:28:43,Dinner,NS,"[('Pasta', 7), ('Salmon', 7), ('Shrimp', 9)]",965.5,-37.8127376,144.9567887,0,8.21,14.5441338,0,2,0
ORDA02203,2018-12-27,20:00:00,Dinner,BK,"[('Salmon', 1), ('Pasta', 2), ('Fish&Chips', 5), ('Shrimp', 1)]",325.0,-37.8194841,144.9526672,0,8.836,15.4560118,0,2,2
ORDY08402,2018-09-08,16:16:54,Dinner,TP,"[('Fish&Chips', 8), ('Pasta', 8)]",500.0,-37.8172011,144.9533513,0,8.592,14.5656611,1,2,1
ORDX00475,2018-08-31,15:56:37,Lunch,BK,"[('Steak', 1), ('Burger', 1), ('Salad', 6)]",179.2,-37.8085782,144.9591247,0,7.822,13.7169397,0,1,2
ORDY01952,2018-05-25,12:43:56,Lunch,TP,"[('Fries', 9), ('Steak', 8), ('Salad', 4), ('Chicken', 4)]",664.8,-37.8249905,144.9494115,0,8.68,12.5381201,0,1,1
ORDC02109,2018-04-19,11:32:57,Breakfast,NS,"[('Eggs', 10), ('Cereal', 6)]",346.0,-37.813101,144.9738744,0,7.642,12.4104858,0,0,0
ORDZ04417,2018-10-29,17:58:18,Dinner,NS,"[('Salmon', 8), ('Shrimp', 4)]",544.0,-37.8196174,144.9687616,0,9.307,15.0113797,0,2,0
ORDZ03739,2018-05-18,12:33:48,Lunch,NS,"[('Fries', 3), ('Chicken', 8), ('Steak', 10), ('Burger', 7)]",959.0,-37.8025227,145.0050195,0,9.456,14.5387289,0,1,0
ORDC03511,2018-01-22,08:40:33,Breakfast,NS,"[('Eggs', 8), ('Coffee', 5), ('Pancake', 3)]",286.25,-37.8008042,144.9748265,0,6.56,11.6279694,0,0,0
ORDJ04175,2018-04-08,11:12:40,Breakfast,TP,"[('Coffee', 1), ('Pancake', 4), ('Eggs', 2), ('Cereal', 2)]",190.5,-37.8147513,144.96288,0,8.008,12.3430637,1,0,1
ORDX01207,2018-10-10,17:17:44,Dinner,BK,"[('Shrimp', 3), ('Salmon', 6), ('Fish&Chips', 5)]",583.0,-37.8124178,144.9536146,0,8.521,15.1255409,0,2,2
ORDC05966,2018-04-30,11:53:14,Breakfast,NS,"[('Eggs', 6), ('Coffee', 3), ('Cereal', 5)]",259.5,-37.8042546,144.9732459,0,6.855,11.3708169,0,0,0
ORDZ02168,2018-10-02,17:07:36,Dinner,NS,"[('Fish&Chips', 1), ('Shrimp', 6), ('Pasta', 6)]",524.0,-37.8056014,144.9839454,0,7.741,13.7410907,0,2,0
ORDC10286,2018-11-08,18:18:35,Dinner,NS,"[('Shrimp', 7), ('Pasta', 5), ('Fish&Chips', 5)]",690.5,-37.8143442,144.9882747,0,8.889,15.4185267,0,2,0
ORDZ06773,2018-11-30,18:59:09,Dinner,NS,"[('Pasta', 6), ('Salmon', 4), ('Shrimp', 10)]",869.0,-37.8150387,144.9642269,0,8.133,14.2796059,0,2,0
ORDZ04746,2018-10-20,17:38:01,Dinner,NS,"[('Shrimp', 4), ('Salmon', 10), ('Pasta', 5)]",763.5,-37.8251703,144.9574889,0,9.674,17.2842517,1,2,0
ORDZ09375,2018-11-11,18:28:43,Dinner,NS,"[('Fish&Chips', 8), ('Shrimp', 9), ('Pasta', 4)]",876.0,-37.8031229,144.9616008,0,7.165,15.2715376,1,2,0
ORDJ08655,2018-02-05,09:00:50,Breakfast,TP,"[('Coffee', 4), ('Cereal', 7), ('Eggs', 3), ('Pancake', 10)]",485.5,-37.8150976,144.9931531,0,10.241,12.3970441,0,0,1
ORDY04690,2018-01-23,08:40:33,Breakfast,TP,"[('Pancake', 1), ('Eggs', 1), ('Coffee', 3)]",68.75,-37.8032412,144.9925347,0,11.013,13.3053602,0,0,1
ORDK05043,2018-09-16,16:27:02,Dinner,BK,"[('Shrimp', 6), ('Fish&Chips', 6), ('Salmon', 6)]",780.0,-37.814807,144.9726604,0,6.917,16.5547249,1,2,2
ORDA09075,2018-09-17,16:37:10,Dinner,BK,"[('Shrimp', 7), ('Pasta', 8)]",598.0,-37.8195928,145.0084265,0,4.197,10.898291,0,2,2
ORDZ10228,2018-06-18,13:34:38,Lunch,NS,"[('Chicken', 7), ('Fries', 10), ('Burger', 10)]",654.0,-37.7995568,144.9553376,0,7.464,13.3499345,0,1,0
ORDI01612,2018-11-30,18:59:09,Dinner,NS,"[('Shrimp', 8), ('Pasta', 2), ('Salmon', 6), ('Fish&Chips', 1)]",768.0,-37.8154634,144.9665175,0,8.08,13.7363062,0,2,0
ORDJ04096,2018-09-03,16:06:45,Dinner,TP,"[('Fish&Chips', 6), ('Pasta', 4), ('Shrimp', 7), ('Salmon', 5)]",903.0,-37.8072613,144.9781425,0,9.513,13.2873942,0,2,1
ORDZ05782,2018-09-25,16:47:19,Dinner,NS,"[('Shrimp', 3), ('Fish&Chips', 1)]",197.0,-37.8034065,144.9665448,0,6.71,12.2693607,0,2,0
ORDX01617,2018-12-04,19:09:17,Dinner,BK,"[('Pasta', 10), ('Shrimp', 6), ('Fish&Chips', 4), ('Salmon', 6)]",985.0,-37.8033334,144.9760114,0,6.801,13.4275559,0,2,2
ORDJ02121,2018-07-25,14:45:38,Lunch,TP,"[('Chicken', 7), ('Fries', 9), ('Burger', 3)]",425.0,-37.8117459,144.9565632,0,8.644,12.1216964,0,1,1
ORDB10268,2018-02-01,09:00:50,Breakfast,TP,"[('Cereal', 9), ('Eggs', 3)]",255.0,-37.8147463,144.955716,0,8.501,11.8907047,0,0,1
ORDJ01857,2018-03-12,10:11:49,Breakfast,TP,"[('Eggs', 8), ('Coffee', 5), ('Cereal', 4)]",297.5,-37.8152346,144.9460934,0,9.446,11.8346903,0,0,1
ORDZ03201,2018-12-27,20:00:00,Dinner,NS,"[('Pasta', 7), ('Shrimp', 1), ('Fish&Chips', 5), ('Salmon', 4)]",585.5,-37.8194841,144.9526672,0,9.33,15.4735276,0,2,0
ORDK05221,2018-11-06,18:18:35,Dinner,BK,"[('Fish&Chips', 6), ('Pasta', 1), ('Shrimp', 2)]",345.5,-37.8073957,144.9709222,0,6.739,13.4871002,0,2,2
ORDC00862,2018-02-14,09:21:07,Breakfast,NS,"[('Eggs', 2), ('Pancake', 9)]",262.25,-37.8077231,145.0011106,0,9.479,14.1595601,0,0,0
ORDA03092,2018-05-04,12:03:22,Lunch,BK,"[('Fries', 10), ('Salad', 5), ('Chicken', 1), ('Steak', 9)]",643.0,-37.8110334,144.9635955,0,7.682,13.384968,0,1,2
ORDK01240,2018-03-20,10:32:06,Breakfast,BK,"[('Pancake', 3), ('Eggs', 9), ('Coffee', 2)]",285.75,-37.8096183,144.9592893,0,7.891,12.4859624,0,0,2
ORDC10172,2018-05-25,12:43:56,Lunch,NS,"[('Steak', 8), ('Burger', 8), ('Salad', 4), ('Chicken', 5), ('Fries', 5)]",896.8,-37.8254328,144.9570719,0,9.725,14.9705796,0,1,0
ORDA10414,2018-04-24,11:43:05,Breakfast,BK,"[('Cereal', 5), ('Pancake', 7), ('Coffee', 10), ('Eggs', 4)]",437.75,-37.819175,144.9531627,0,8.821,13.6562085,0,0,2
ORDY08058,2018-03-06,10:01:41,Breakfast,TP,"[('Pancake', 10), ('Eggs', 4)]",330.5,-37.8103478,144.9758454,0,9.241,12.1474329,0,0,1
ORDA06759,2018-07-13,14:25:21,Lunch,BK,"[('Fries', 5), ('Burger', 1), ('Steak', 10), ('Chicken', 8)]",797.0,-37.8174851,145.0052354,0,4.261,10.0842278,0,1,2
ORDI09359,2018-11-02,18:08:27,Dinner,NS,"[('Pasta', 1), ('Shrimp', 8), ('Fish&Chips', 9)]",774.5,-37.8104033,144.9990862,0,9.351,15.9471239,0,2,0
ORDA10024,2018-08-06,15:05:54,Lunch,BK,"[('Steak', 4), ('Salad', 4), ('Burger', 2), ('Fries', 1)]",322.8,-37.8060103,144.9649533,0,7.346,13.1585517,0,1,2
ORDY01422,2018-08-16,15:26:11,Lunch,TP,"[('Burger', 5), ('Fries', 9), ('Chicken', 6), ('Steak', 3)]",590.0,-37.8098635,144.9938496,0,10.491,13.2449846,0,1,1
ORDZ00246,2018-12-10,19:19:26,Dinner,NS,"[('Shrimp', 6), ('Pasta', 5), ('Fish&Chips', 1), ('Salmon', 9)]",865.5,-37.8088685,144.9580942,0,7.828,14.0964143,0,2,0
ORDC06899,2018-07-21,14:35:29,Lunch,NS,"[('Burger', 10), ('Fries', 10), ('Chicken', 2), ('Salad', 3)]",545.6,-37.8256816,144.9847749,0,9.558,17.1988564,1,1,0
ORDK01848,2018-12-13,19:29:34,Dinner,BK,"[('Salmon', 10), ('Pasta', 4), ('Shrimp', 3)]",682.0,-37.8177908,144.9317756,0,10.605,18.0373024,0,2,2
ORDJ04245,2018-07-12,14:15:12,Lunch,TP,"[('Burger', 10), ('Salad', 8), ('Chicken', 6), ('Fries', 4)]",687.6,-37.8090418,144.9686284,0,8.984,12.6520161,0,1,1
ORDX02679,2018-08-18,15:36:20,Lunch,BK,"[('Chicken', 1), ('Fries', 4)]",80.0,-37.8136163,144.9656842,0,7.504,16.0862223,1,1,2
ORDA06190,2018-03-17,10:21:58,Breakfast,BK,"[('Cereal', 5), ('Eggs', 5)]",215.0,-37.8187991,144.9573256,0,8.426,15.8155951,1,0,2
ORDX10346,2018-09-11,16:27:02,Dinner,BK,"[('Fish&Chips', 8), ('Shrimp', 1)]",334.0,-37.8080863,144.9689169,0,6.901,13.7480403,0,2,2
ORDK10655,2018-07-06,14:05:04,Lunch,BK,"[('Burger', 10), ('Salad', 10)]",482.0,-37.8204822,144.9948056,0,5.512,11.8070645,0,1,2
ORDJ09330,2018-10-17,17:38:01,Dinner,TP,"[('Fish&Chips', 6), ('Shrimp', 7), ('Salmon', 4)]",752.0,-37.802407,144.9507715,0,10.058,14.5846896,0,2,1
ORDA02904,2018-03-01,09:51:32,Breakfast,BK,"[('Pancake', 10), ('Cereal', 7)]",389.5,-37.815194,144.9750308,0,6.687,11.4149203,0,0,2
ORDJ10436,2018-09-04,16:06:45,Dinner,TP,"[('Pasta', 4), ('Salmon', 8), ('Fish&Chips', 3), ('Shrimp', 8)]",975.0,-37.8009513,144.9523112,0,9.997,13.8022403,0,2,1
ORDC06846,2018-02-16,09:31:16,Breakfast,NS,"[('Pancake', 1), ('Cereal', 8), ('Eggs', 1)]",214.25,-37.8043098,144.949973,0,8.446,13.4676808,0,0,0
ORDA03783,2018-04-04,11:02:32,Breakfast,BK,"[('Eggs', 8), ('Coffee', 8)]",236.0,-37.8238015,144.9476026,0,9.476,14.2278662,0,0,2
ORDB00051,2018-07-18,14:35:29,Lunch,TP,"[('Steak', 2), ('Chicken', 6), ('Burger', 7), ('Salad', 1), ('Fries', 2)]",540.2,-37.800024,144.9948563,0,11.5,14.3496285,0,1,1
ORDX07878,2018-05-29,12:54:05,Lunch,BK,"[('Chicken', 7), ('Steak', 1), ('Fries', 1), ('Burger', 9), ('Salad', 4)]",628.8,-37.8179635,144.9508132,0,8.923,14.8891763,0,1,2
ORDA05449,2018-12-23,19:49:51,Dinner,BK,"[('Shrimp', 9), ('Pasta', 2)]",541.0,-37.8213505,144.9695786,0,7.832,17.7579135,1,2,2
ORDA03531,2018-10-17,17:38:01,Dinner,BK,"[('Shrimp', 10), ('Salmon', 4)]",704.0,-37.8233693,144.9700652,0,7.969,14.837382,0,2,2
ORDB10169,2018-06-20,13:34:38,Lunch,TP,"[('Fries', 5), ('Steak', 10), ('Salad', 2), ('Burger', 7), ('Chicken', 2)]",825.4,-37.8041915,144.9492157,0,9.826,13.3958022,0,1,1
ORDB00037,2018-06-07,13:14:21,Lunch,TP,"[('Chicken', 6), ('Steak', 1)]",237.0,-37.8051937,144.9410741,0,10.407,13.9639614,0,1,1
ORDK06397,2018-01-31,09:00:50,Breakfast,BK,"[('Eggs', 6), ('Cereal', 6), ('Coffee', 9)]",325.5,-37.8212791,144.9671813,0,7.928,12.4107883,0,0,2
ORDA00952,2018-06-09,13:14:21,Lunch,BK,"[('Chicken', 6), ('Steak', 4), ('Salad', 4)]",440.8,-37.7993149,144.9602499,0,8.447,16.6358685,1,1,2
ORDK06201,2018-06-28,13:54:55,Lunch,BK,"[('Salad', 8), ('Chicken', 10), ('Burger', 8), ('Steak', 8)]",1065.6,-37.8074198,144.9422886,0,9.541,15.8444175,0,1,2
ORDC00978,2018-09-12,16:27:02,Dinner,NS,"[('Salmon', 6), ('Pasta', 7)]",438.5,-37.8038491,144.9181006,0,11.41,17.6916588,0,2,0
ORDA03430,2018-06-18,13:34:38,Lunch,BK,"[('Fries', 5), ('Steak', 2), ('Salad', 5), ('Chicken', 3)]",332.0,-37.8228222,145.0045573,0,4.855,10.409698,0,1,2
ORDJ03978,2018-05-21,12:33:48,Lunch,TP,"[('Burger', 2), ('Salad', 3), ('Chicken', 4), ('Steak', 6)]",511.6,-37.8116955,145.0126773,0,12.144,15.0284785,0,1,1
ORDB00525,2018-02-28,09:51:32,Breakfast,TP,"[('Cereal', 6), ('Eggs', 8), ('Pancake', 6), ('Coffee', 3)]",470.0,-37.8097201,144.9723055,0,9.109,12.064471,0,0,1
ORDY10685,2018-06-26,13:44:47,Lunch,TP,"[('Fries', 3), ('Salad', 2)]",70.4,-37.82545,144.9846594,0,8.978,12.7411486,0,1,1
ORDY03445,2018-01-29,08:50:42,Breakfast,TP,"[('Coffee', 2), ('Eggs', 4)]",103.0,-37.8007831,144.9670003,0,9.788,12.5555436,0,0,1
ORDY05425,2018-09-22,16:47:19,Dinner,TP,"[('Shrimp', 4), ('Pasta', 8)]",436.0,-37.8000639,144.9720473,0,10.163,15.245388,1,2,1
ORDI04930,2018-03-06,10:01:41,Breakfast,NS,"[('Cereal', 10), ('Coffee', 8), ('Pancake', 5)]",391.25,-37.8098134,144.9765858,0,7.803,12.6704379,0,0,0
ORDY00992,2018-10-19,17:38:01,Dinner,TP,"[('Shrimp', 8), ('Pasta', 9), ('Fish&Chips', 9), ('Salmon', 10)]",1404.5,-37.8180877,144.9668866,0,7.639,12.5233457,0,2,1
ORDB03266,2018-07-10,14:15:12,Lunch,TP,"[('Fries', 8), ('Burger', 2), ('Chicken', 2)]",222.0,-37.8219224,144.9685203,0,7.801,11.3071005,0,1,1
ORDY06792,2018-04-28,11:53:14,Breakfast,TP,"[('Pancake', 8), ('Cereal', 7), ('Coffee', 5), ('Eggs', 3)]",444.5,-37.8230646,144.968504,0,7.963,11.446826,1,0,1
ORDA01404,2018-06-29,13:54:55,Lunch,BK,"[('Chicken', 10), ('Burger', 9)]",599.0,-37.8052814,144.9506528,0,8.54,14.5999991,0,1,2
ORDK05181,2018-03-28,10:42:15,Breakfast,BK,"[('Coffee', 5), ('Pancake', 4), ('Cereal', 7)]",281.5,-37.8142203,144.9649534,0,7.666,12.8308291,0,0,2
ORDZ01314,2018-07-11,14:15:12,Lunch,NS,"[('Steak', 4), ('Fries', 10)]",300.0,-37.8210611,144.9687644,0,8.732,14.8765858,0,1,0
ORDA02337,2018-07-31,14:55:46,Lunch,BK,"[('Burger', 3), ('Fries', 4)]",141.0,-37.799685,144.9624435,0,8.208,13.8540481,0,1,2
ORDC05610,2018-04-05,11:02:32,Breakfast,NS,"[('Coffee', 1), ('Pancake', 3)]",80.25,-37.8172964,144.9529538,0,9.012,14.2006767,0,0,0
ORDI07793,2018-04-16,11:22:49,Breakfast,NS,"[('Eggs', 4), ('Coffee', 7), ('Pancake', 8), ('Cereal', 9)]",523.5,-37.8132241,144.9586233,0,8.149,13.086081,0,0,0
ORDY09824,2018-04-09,11:12:40,Breakfast,TP,"[('Coffee', 9), ('Pancake', 6), ('Cereal', 9), ('Eggs', 9)]",600.0,-37.8041339,144.9564001,0,9.391,12.2577054,0,0,1
ORDI01623,2018-04-10,11:12:40,Breakfast,NS,"[('Coffee', 1), ('Pancake', 1), ('Eggs', 2)]",75.75,-37.804981,144.9723384,0,6.875,11.5891785,0,0,0
ORDJ03070,2018-10-05,17:07:36,Dinner,TP,"[('Shrimp', 7), ('Pasta', 6), ('Fish&Chips', 9), ('Salmon', 3)]",981.0,-37.8216354,144.9551762,0,8.219,12.7497616,0,2,1
ORDC01105,2018-02-07,09:10:59,Breakfast,NS,"[('Eggs', 10), ('Pancake', 5)]",341.25,-37.8159167,144.9724358,0,7.876,12.692398,0,0,0
ORDJ05483,2018-07-05,14:05:04,Lunch,TP,"[('Steak', 9), ('Fries', 4), ('Burger', 2)]",515.0,-37.8002715,144.9599632,0,9.696,13.0164615,0,1,1
ORDX02435,2018-09-13,16:27:02,Dinner,BK,"[('Fish&Chips', 9), ('Pasta', 4)]",425.0,-37.7999827,144.9547057,0,8.525,16.0832961,0,2,2
ORDC03631,2018-03-15,10:21:58,Breakfast,NS,"[('Pancake', 1), ('Coffee', 3)]",46.75,-37.7993718,145.0050504,0,9.637,14.4455713,0,0,0
ORDX08645,2018-12-12,19:29:34,Dinner,BK,"[('Shrimp', 7), ('Fish&Chips', 10), ('Pasta', 9), ('Salmon', 10)]",1385.5,-37.8231848,144.9880665,0,6.353,13.1326701,0,2,2
ORDI02009,2018-06-18,13:34:38,Lunch,NS,"[('Fries', 9), ('Burger', 1), ('Chicken', 4), ('Steak', 6)]",537.0,-37.8216222,145.0002919,0,10.359,15.8756343,0,1,0
ORDX03888,2018-05-09,12:13:31,Lunch,BK,"[('Salad', 8), ('Burger', 2), ('Steak', 3)]",334.6,-37.801065,144.9638394,0,7.921,14.0840522,0,1,2
ORDK01818,2018-02-24,09:41:24,Breakfast,BK,"[('Eggs', 3), ('Coffee', 8), ('Cereal', 2), ('Pancake', 4)]",265.0,-37.799142,144.946087,0,9.325,16.6995387,1,0,2
ORDA05944,2018-11-16,18:38:52,Dinner,BK,"[('Salmon', 5), ('Pasta', 5)]",342.5,-37.8119302,144.9621178,0,7.686,14.5864783,0,2,2
ORDB00903,2018-08-26,15:46:28,Lunch,TP,"[('Chicken', 6), ('Steak', 4), ('Salad', 8), ('Fries', 1)]",521.6,-37.8118563,144.9667764,0,8.498,13.1808631,1,1,1
ORDK09736,2018-10-05,17:07:36,Dinner,BK,"[('Shrimp', 10), ('Pasta', 4)]",650.0,-37.808404,144.9566621,0,8.091,14.4622475,0,2,2
ORDA02614,2018-07-20,14:35:29,Lunch,BK,"[('Fries', 8), ('Steak', 4), ('Burger', 4), ('Salad', 2), ('Chicken', 2)]",498.4,-37.8060498,144.9800541,0,6.189,12.0244293,0,1,2
ORDY08433,2018-05-04,12:03:22,Lunch,TP,"[('Salad', 9), ('Steak', 2), ('Fries', 5), ('Chicken', 1)]",336.8,-37.7997515,144.9353799,0,13.688,16.2228027,0,1,1
ORDJ03690,2018-04-01,10:52:23,Breakfast,TP,"[('Pancake', 5), ('Eggs', 1)]",143.25,-37.8192673,144.9788564,0,8.668,12.6920709,1,0,1
ORDA02231,2018-10-09,17:17:44,Dinner,BK,"[('Pasta', 1), ('Salmon', 6), ('Fish&Chips', 1)]",308.5,-37.812314,144.9519583,0,8.621,15.45187,0,2,2
ORDC04163,2018-04-06,11:02:32,Breakfast,NS,"[('Coffee', 6), ('Pancake', 3), ('Eggs', 10)]",337.75,-37.8178652,144.9663478,0,8.424,13.4378132,0,0,0
ORDX02551,2018-04-24,11:43:05,Breakfast,BK,"[('Cereal', 3), ('Pancake', 10)]",305.5,-37.8126038,144.9571717,0,8.183,12.792998,0,0,2
ORDK08636,2018-08-25,15:46:28,Lunch,BK,"[('Salad', 1), ('Fries', 3)]",53.2,-37.8245536,144.9468872,0,9.586,18.3247344,1,1,2
ORDJ09559,2018-08-28,15:56:37,Lunch,TP,"[('Burger', 5), ('Salad', 10), ('Steak', 8), ('Fries', 4)]",735.0,-37.7999324,144.9793617,0,10.338,13.8240634,0,1,1
ORDB04319,2018-12-17,19:39:43,Dinner,TP,"[('Fish&Chips', 7), ('Salmon', 3)]",368.0,-37.8052516,144.9498659,0,9.727,14.2651424,0,2,1
ORDB00465,2018-04-13,11:22:49,Breakfast,TP,"[('Cereal', 1), ('Pancake', 7)]",190.75,-37.8021485,144.9442805,0,10.427,12.8810221,0,0,1
ORDI08409,2018-04-02,11:02:32,Breakfast,NS,"[('Pancake', 4), ('Cereal', 5)]",202.0,-37.8138047,144.9574646,0,8.295,13.3795266,0,0,0
ORDB07805,2018-07-17,14:35:29,Lunch,TP,"[('Burger', 5), ('Chicken', 8)]",411.0,-37.8116481,144.9270181,0,11.505,14.6092961,0,1,1
ORDB02511,2018-02-18,09:31:16,Breakfast,TP,"[('Coffee', 4), ('Cereal', 4), ('Eggs', 7)]",268.0,-37.8040814,145.0089806,0,12.321,15.9926725,1,0,1
ORDB07982,2018-03-24,10:42:15,Breakfast,TP,"[('Cereal', 3), ('Eggs', 10)]",283.0,-37.8200337,145.0158648,0,12.011,15.5858085,1,0,1
ORDJ09684,2018-01-28,08:50:42,Breakfast,TP,"[('Eggs', 4), ('Coffee', 7)]",140.5,-37.798247,144.9617498,0,10.019,13.5439702,1,0,1
ORDK04845,2018-02-15,09:21:07,Breakfast,BK,"[('Pancake', 7), ('Coffee', 8), ('Eggs', 8)]",405.75,-37.813108,145.0048491,0,3.916,8.3831592,0,0,2
ORDA00953,2018-01-21,08:40:33,Breakfast,BK,"[('Pancake', 8), ('Eggs', 9)]",392.0,-37.8063068,144.9644083,0,7.369,14.8792825,1,0,2
ORDZ04312,2018-02-22,09:41:24,Breakfast,NS,"[('Eggs', 10), ('Cereal', 7)]",367.0,-37.8205252,145.0148056,0,11.487,16.2035866,0,0,0
ORDY07651,2018-12-31,20:00:00,Dinner,TP,"[('Fish&Chips', 10), ('Salmon', 10)]",760.0,-37.8058626,144.9593204,0,9.023,13.0766119,0,2,1
ORDA00946,2018-02-16,09:31:16,Breakfast,BK,"[('Eggs', 10), ('Coffee', 7), ('Cereal', 6), ('Pancake', 2)]",447.0,-37.8101575,144.9500656,0,8.714,13.8984511,0,0,2
ORDY01333,2018-03-17,10:21:58,Breakfast,TP,"[('Coffee', 2), ('Pancake', 10)]",257.5,-37.8206442,144.9833394,0,9.212,13.5370355,1,0,1
ORDY00793,2018-12-23,19:49:51,Dinner,TP,"[('Pasta', 6), ('Shrimp', 5)]",435.0,-37.8179683,145.003905,0,11.04,16.6313622,1,2,1
ORDI05509,2018-09-27,16:57:27,Dinner,NS,"[('Pasta', 1), ('Salmon', 9), ('Fish&Chips', 6), ('Shrimp', 4)]",822.5,-37.8025363,145.015988,0,10.969,17.1706353,0,2,0
ORDZ06386,2018-03-02,09:51:32,Breakfast,NS,"[('Pancake', 7), ('Coffee', 4), ('Cereal', 1), ('Eggs', 7)]",374.75,-37.8154287,144.9665185,0,8.075,13.5008786,0,0,0
ORDY01867,2018-10-19,17:38:01,Dinner,TP,"[('Fish&Chips', 1), ('Pasta', 8), ('Salmon', 2), ('Shrimp', 7)]",715.0,-37.8006565,145.0031593,0,12.147,16.2410817,0,2,1
ORDA00212,2018-01-19,08:30:25,Breakfast,BK,"[('Eggs', 7), ('Cereal', 10), ('Coffee', 6), ('Pancake', 10)]",651.5,-37.8063112,144.9579905,0,8.269,13.3563569,0,0,2
ORDC02847,2018-07-14,14:25:21,Lunch,NS,"[('Burger', 10), ('Chicken', 7)]",534.0,-37.8177512,145.0054342,0,10.563,18.5274604,1,1,0
ORDC05039,2018-10-07,17:17:44,Dinner,NS,"[('Shrimp', 10), ('Fish&Chips', 2), ('Salmon', 9)]",979.0,-37.8233301,144.9608031,0,9.297,17.9410153,1,2,0
ORDI03319,2018-10-05,17:07:36,Dinner,NS,"[('Fish&Chips', 8), ('Salmon', 9), ('Shrimp', 8), ('Pasta', 6)]",1246.0,-37.8150464,144.9718458,0,7.781,13.4859268,0,2,0
ORDK04614,2018-08-02,15:05:54,Lunch,BK,"[('Steak', 6), ('Chicken', 3), ('Fries', 10), ('Burger', 5), ('Salad', 9)]",795.8,-37.8003059,144.9828231,0,6.553,12.1537194,0,1,2
ORDI02510,2018-01-28,08:50:42,Breakfast,NS,"[('Cereal', 2), ('Coffee', 3), ('Pancake', 9)]",282.75,-37.796817,144.931189,0,10.645,17.8203352,1,0,0
ORDX08329,2018-09-07,16:16:54,Dinner,BK,"[('Salmon', 8), ('Pasta', 2)]",383.0,-37.8216064,144.9779458,0,7.137,14.1747075,0,2,2
ORDY02635,2018-12-05,19:09:17,Dinner,TP,"[('Salmon', 8), ('Shrimp', 6)]",652.0,-37.8196979,144.9514965,0,8.657,12.8168095,0,2,1
ORDY07239,2018-06-27,13:54:55,Lunch,TP,"[('Burger', 2), ('Fries', 8)]",158.0,-37.8247407,144.9849141,0,8.913,12.1747643,0,1,1
ORDB04494,2018-02-17,09:31:16,Breakfast,TP,"[('Pancake', 8), ('Cereal', 10)]",404.0,-37.8252921,144.9821561,0,8.714,12.5289715,1,0,1
ORDC02053,2018-05-11,12:13:31,Lunch,NS,"[('Burger', 7), ('Fries', 3)]",253.0,-37.8252897,144.9451541,0,10.431,15.9225462,0,1,0
ORDK00773,2018-12-11,19:19:26,Dinner,BK,"[('Shrimp', 2), ('Pasta', 1)]",135.5,-37.8128962,144.9733495,0,6.887,13.813733,0,2,2
ORDK09720,2018-09-18,16:37:10,Dinner,BK,"[('Salmon', 6), ('Shrimp', 8), ('Pasta', 8), ('Fish&Chips', 7)]",1143.0,-37.815718,145.0028708,0,4.334,10.8287523,0,2,2
ORDY01811,2018-10-15,17:27:53,Dinner,TP,"[('Salmon', 3), ('Shrimp', 6)]",447.0,-37.8134238,144.9926565,0,10.28,14.5125603,0,2,1
ORDZ08269,2018-06-17,13:24:30,Lunch,NS,"[('Steak', 1), ('Burger', 6)]",231.0,-37.8025845,144.9650523,0,6.78,14.3881976,1,1,0
ORDC08562,2018-03-05,10:01:41,Breakfast,NS,"[('Pancake', 9), ('Cereal', 9), ('Coffee', 3), ('Eggs', 1)]",451.75,-37.8127431,145.0125292,0,10.746,15.4164528,0,0,0
ORDZ06921,2018-10-09,17:17:44,Dinner,NS,"[('Shrimp', 2), ('Salmon', 8), ('Fish&Chips', 3), ('Pasta', 1)]",568.5,-37.8216678,144.9737127,0,9.1,15.1818034,0,2,0
ORDC10714,2018-06-03,13:04:13,Lunch,NS,"[('Salad', 7), ('Fries', 7), ('Chicken', 4), ('Steak', 5)]",557.4,-37.8074124,144.9985205,0,9.069,16.3143626,1,1,0
ORDA04341,2018-10-10,17:17:44,Dinner,BK,"[('Fish&Chips', 7), ('Salmon', 8)]",573.0,-37.8126326,144.9518304,0,8.637,16.145764,0,2,2
ORDY01205,2018-03-26,10:42:15,Breakfast,TP,"[('Pancake', 6), ('Eggs', 10)]",365.5,-37.8165955,144.9668739,0,7.865,10.9029448,0,0,1
ORDY05085,2018-10-04,17:07:36,Dinner,TP,"[('Pasta', 3), ('Salmon', 1), ('Shrimp', 6), ('Fish&Chips', 2)]",517.5,-37.8153669,144.9354015,0,10.597,14.3101335,0,2,1
ORDY04877,2018-10-26,17:48:10,Dinner,TP,"[('Shrimp', 4), ('Pasta', 10), ('Fish&Chips', 2)]",561.0,-37.8068488,144.9979094,0,11.302,14.8528883,0,2,1
ORDJ05477,2018-06-04,13:04:13,Lunch,TP,"[('Chicken', 2), ('Burger', 6)]",250.0,-37.8051001,144.9493409,0,9.711,12.5906667,0,1,1
ORDK03158,2018-02-03,09:00:50,Breakfast,BK,"[('Eggs', 10), ('Coffee', 6), ('Cereal', 1)]",286.0,-37.8087861,145.0087412,0,3.633,10.896005,1,0,2
ORDB00509,2018-05-08,12:13:31,Lunch,TP,"[('Burger', 1), ('Salad', 9), ('Steak', 8)]",545.8,-37.791144,144.9368632,0,12.084,15.1424297,0,1,1
ORDZ10992,2018-10-26,17:48:10,Dinner,NS,"[('Pasta', 9), ('Shrimp', 4)]",463.5,-37.8094813,144.9637827,0,7.403,13.2799637,0,2,0
ORDC00457,2018-08-07,15:16:03,Lunch,NS,"[('Fries', 6), ('Salad', 7), ('Steak', 2), ('Burger', 7)]",499.4,-37.8004479,144.958841,0,7.21,13.0542839,0,1,0
ORDK08184,2018-06-27,13:54:55,Lunch,BK,"[('Fries', 8), ('Chicken', 1), ('Burger', 5), ('Salad', 4), ('Steak', 7)]",666.8,-37.8249626,144.9848785,0,6.868,12.7282141,0,1,2
ORDB09883,2018-07-27,14:55:46,Lunch,TP,"[('Steak', 9), ('Chicken', 8), ('Salad', 5), ('Burger', 8)]",995.0,-37.8046899,144.9878566,0,10.606,13.5576787,0,1,1
ORDC04023,2018-06-24,13:44:47,Lunch,NS,"[('Chicken', 4), ('Salad', 1), ('Steak', 4)]",325.2,-37.8181136,144.9613614,0,8.69,16.3433167,1,1,0
ORDY02078,2018-03-01,09:51:32,Breakfast,TP,"[('Coffee', 1), ('Eggs', 3), ('Cereal', 6)]",199.5,-37.8201205,144.9400868,0,9.687,12.2069539,0,0,1
ORDC07915,2018-02-24,09:41:24,Breakfast,NS,"[('Eggs', 1), ('Pancake', 3), ('Coffee', 10), ('Cereal', 5)]",274.75,-37.8117936,145.008416,0,10.241,17.2050175,1,0,0
ORDZ00338,2018-05-08,12:13:31,Lunch,NS,"[('Steak', 4), ('Fries', 5), ('Salad', 1), ('Chicken', 6), ('Burger', 3)]",542.2,-37.8245991,144.9430126,0,10.625,16.0331919,0,1,0
ORDK08371,2018-01-26,08:50:42,Breakfast,BK,"[('Cereal', 10), ('Eggs', 2), ('Coffee', 2)]",269.0,-37.8070949,144.9570155,0,8.067,12.9076071,0,0,2
ORDB03134,2018-10-30,17:58:18,Dinner,TP,"[('Pasta', 8), ('Fish&Chips', 4), ('Salmon', 3)]",483.0,-37.8062019,144.9397764,0,10.366,14.1231537,0,2,1
ORDB04218,2018-12-18,19:39:43,Dinner,TP,"[('Fish&Chips', 2), ('Pasta', 9), ('Salmon', 6)]",563.5,-37.8080965,144.9483569,0,9.651,13.5121573,0,2,1
ORDY03205,2018-04-19,11:32:57,Breakfast,TP,"[('Pancake', 1), ('Eggs', 8), ('Cereal', 7)]",347.25,-37.8021441,144.9330592,0,11.131,13.4047013,0,0,1
ORDA08154,2018-06-08,13:14:21,Lunch,BK,"[('Fries', 8), ('Chicken', 3), ('Steak', 4), ('Salad', 4)]",440.8,-37.8039223,144.9493298,0,8.821,14.4912208,0,1,2
ORDC04631,2018-11-26,18:59:09,Dinner,NS,"[('Shrimp', 6), ('Pasta', 3)]",406.5,-37.8265498,144.962967,0,9.698,15.8722039,0,2,0
ORDA10630,2018-09-16,16:37:10,Dinner,BK,"[('Pasta', 10), ('Salmon', 3), ('Shrimp', 1)]",452.0,-37.80773,144.97136,0,6.671,16.2035914,1,2,2
ORDZ01838,2018-04-02,11:02:32,Breakfast,NS,"[('Eggs', 6), ('Coffee', 7), ('Pancake', 6), ('Cereal', 3)]",393.0,-37.8152292,144.9524654,0,8.765,13.1941831,0,0,0
ORDX04908,2018-08-19,15:36:20,Lunch,BK,"[('Salad', 2), ('Burger', 7)]",251.4,-37.8043,144.9458355,0,9.06,17.6923471,1,1,2
ORDA05865,2018-05-20,12:33:48,Lunch,BK,"[('Steak', 2), ('Salad', 1)]",107.2,-37.801128,144.9551153,0,8.488,16.6628106,1,1,2
ORDX03658,2018-07-29,14:55:46,Lunch,BK,"[('Burger', 1), ('Steak', 3), ('Salad', 5), ('Fries', 7)]",336.0,-37.8128225,144.9479064,0,10.357,18.9577622,1,1,2
ORDK02924,2018-03-03,10:01:41,Breakfast,BK,"[('Pancake', 5), ('Eggs', 3), ('Coffee', 2), ('Cereal', 3)]",265.25,-37.8074473,144.9781934,0,6.178,13.5369706,1,0,2
ORDJ07763,2018-06-18,13:34:38,Lunch,TP,"[('Chicken', 3), ('Fries', 3), ('Steak', 5)]",357.0,-37.8145544,144.9640906,0,7.991,12.0142857,0,1,1
ORDY02181,2018-10-30,17:58:18,Dinner,TP,"[('Shrimp', 2), ('Fish&Chips', 4), ('Salmon', 6), ('Pasta', 8)]",714.0,-37.819788,144.9809864,0,8.848,12.6409045,0,2,1
ORDY06719,2018-05-01,11:53:14,Breakfast,TP,"[('Coffee', 7), ('Eggs', 4)]",140.5,-37.809873,144.9490662,0,9.503,11.5295475,0,0,1
ORDB03273,2018-12-18,19:39:43,Dinner,TP,"[('Salmon', 4), ('Shrimp', 3), ('Fish&Chips', 3), ('Pasta', 10)]",706.0,-37.8101226,144.947491,0,9.608,14.1476238,0,2,1
ORDK00291,2018-05-12,12:13:31,Lunch,BK,"[('Fries', 10), ('Chicken', 9), ('Burger', 8), ('Salad', 7)]",776.4,-37.8009807,144.9577199,0,8.306,16.4604013,1,1,2
ORDK01557,2018-05-04,12:03:22,Lunch,BK,"[('Steak', 9), ('Fries', 7), ('Chicken', 2), ('Salad', 5), ('Burger', 1)]",670.0,-37.8109799,144.9637799,0,7.7,13.9603597,0,1,2
ORDC09398,2018-01-20,08:30:25,Breakfast,NS,"[('Eggs', 5), ('Pancake', 10), ('Coffee', 5)]",390.0,-37.8042729,144.975344,0,6.798,13.9507459,1,0,0
ORDA01941,2018-07-19,14:35:29,Lunch,BK,"[('Steak', 1), ('Chicken', 6), ('Fries', 8), ('Burger', 1)]",364.0,-37.809623,145.0150468,0,4.087,10.0455281,0,1,2
ORDZ10895,2018-10-20,17:38:01,Dinner,NS,"[('Pasta', 1), ('Shrimp', 2), ('Salmon', 10)]",545.5,-37.8098059,144.9638679,0,7.44,15.7677336,1,2,0
ORDI01155,2018-06-27,13:44:47,Lunch,NS,"[('Steak', 9), ('Burger', 10), ('Fries', 7)]",799.0,-37.8189293,144.9735523,0,8.351,13.7574026,0,1,0
ORDC04247,2018-06-07,13:14:21,Lunch,NS,"[('Chicken', 2), ('Salad', 7), ('Fries', 3)]",220.4,-37.8038828,144.964318,0,6.952,12.7595297,0,1,0
ORDI07683,2018-05-15,12:23:39,Lunch,NS,"[('Fries', 7), ('Steak', 2), ('Burger', 4)]",298.0,-37.8241184,144.9534812,0,9.862,15.1051497,0,1,0
ORDK07119,2018-11-20,18:38:52,Dinner,BK,"[('Shrimp', 7), ('Salmon', 3), ('Pasta', 2)]",556.0,-37.8197918,145.0149028,0,4.378,11.0660601,0,2,2
ORDY00021,2018-04-21,11:32:57,Breakfast,TP,"[('Pancake', 6), ('Coffee', 9)]",213.0,-37.8189061,144.9530855,0,8.532,12.0501252,1,0,1
ORDX07032,2018-03-28,10:52:23,Breakfast,BK,"[('Cereal', 3), ('Coffee', 10), ('Eggs', 2)]",182.0,-37.8128878,144.9641366,0,7.648,12.7001969,0,0,2
ORDX08594,2018-11-14,18:28:43,Dinner,BK,"[('Shrimp', 4), ('Salmon', 8), ('Fish&Chips', 2), ('Pasta', 6)]",779.0,-37.8223955,144.9474232,0,9.302,16.3019987,0,2,2
ORDX05222,2018-09-06,16:16:54,Dinner,BK,"[('Shrimp', 3), ('Fish&Chips', 7), ('Pasta', 2)]",462.0,-37.8128773,144.9372702,0,10.161,17.3097308,0,2,2
